image_path,true_label,pred_label,correct,confidence,left_eye,right_eye,eyes_total,nose,mouth,remaining_face,inside_face_total,outside_face
./data/processed/test/Abdullah_Gul/Abdullah_Gul_0001.jpg,Abdullah_Gul,Abdullah_Gul,True,0.015514741651713848,0.02679086464922875,0.0,0.02679086464922875,0.29462187085300684,0.9662825614213943,9.148412197828293,10.436107494751923,89.56388831138611
./data/processed/test/Abdullah_Gul/Abdullah_Gul_0002.jpg,Abdullah_Gul,Abdullah_Gul,True,0.015622684732079506,0.2502515912055969,0.19553406164050102,0.44578565284609795,1.0024960152804852,0.48314090818166733,17.57144033908844,19.50286291539669,80.49713373184204
./data/processed/test/Abdullah_Gul/Abdullah_Gul_0006.jpg,Abdullah_Gul,Abdullah_Gul,True,0.015405887737870216,0.2837595995515585,0.4686740692704916,0.7524336688220501,2.491306886076927,0.6687466986477375,28.13698947429657,32.049476727843285,67.95052289962769
./data/processed/test/Abdullah_Gul/Abdullah_Gul_0012.jpg,Abdullah_Gul,Abdullah_Gul,True,0.015756988897919655,0.2293415367603302,0.2430309308692813,0.4723724676296115,1.7424574121832848,0.6445856299251318,24.493730068206787,27.353145577944815,72.6468563079834
./data/processed/test/Adrien_Brody/Adrien_Brody_0001.jpg,Adrien_Brody,Adrien_Brody,True,0.011306672357022762,0.09300470701418817,0.1814858173020184,0.2744905243162066,0.30844463035464287,0.1653493265621364,9.152307361364365,9.90059184259735,90.09941816329956
./data/processed/test/Adrien_Brody/Adrien_Brody_0010.jpg,Adrien_Brody,Adrien_Brody,True,0.011303236708045006,0.059889297699555755,0.10737645206972957,0.16726574976928532,0.29475067276507616,0.0784104224294424,11.721449345350266,12.26187619031407,87.73812651634216
./data/processed/test/Adrien_Brody/Adrien_Brody_0011.jpg,Adrien_Brody,Adrien_Brody,True,0.011203446425497532,0.0748045917134732,0.10228775208815932,0.17709234380163252,0.3205952001735568,0.9273662231862545,11.100450158119202,12.525503925280645,87.47450113296509
./data/processed/test/Alejandro_Toledo/Alejandro_Toledo_0005.jpg,Alejandro_Toledo,Alejandro_Toledo,True,0.0259755440056324,0.5916398484259844,0.6697637028992176,1.261403551325202,4.77653294801712,1.377012673765421,46.20704650878906,53.621995681896806,46.378010511398315
./data/processed/test/Alejandro_Toledo/Alejandro_Toledo_0007.jpg,Alejandro_Toledo,Alejandro_Toledo,True,0.026317786425352097,0.47796936705708504,0.5845643114298582,1.0625336784869432,5.346820876002312,2.428073436021805,46.529361605644226,55.366789596155286,44.63320970535278
./data/processed/test/Alejandro_Toledo/Alejandro_Toledo_0014.jpg,Alejandro_Toledo,Alejandro_Toledo,True,0.026112759485840797,0.4128092899918556,0.5345972720533609,0.9474065620452166,4.440236464142799,1.3096543028950691,44.22570765018463,50.923004979267716,49.076998233795166
./data/processed/test/Alejandro_Toledo/Alejandro_Toledo_0027.jpg,Alejandro_Toledo,Alejandro_Toledo,True,0.026299217715859413,0.45628324151039124,0.5605666432529688,1.01684988476336,4.812249913811684,3.189435228705406,43.106287717819214,52.124822745099664,47.87518382072449
./data/processed/test/Alejandro_Toledo/Alejandro_Toledo_0028.jpg,Alejandro_Toledo,Alejandro_Toledo,True,0.026157351210713387,0.02722855133470148,0.02627406793180853,0.05350261926651001,0.26196055114269257,0.2291819779202342,3.9119433611631393,4.456588509492576,95.54340839385986
./data/processed/test/Alejandro_Toledo/Alejandro_Toledo_0031.jpg,Alejandro_Toledo,Alejandro_Toledo,True,0.025598684325814247,0.2667910885065794,0.40481649339199066,0.6716075818985701,3.6256730556488037,3.0739862471818924,31.746530532836914,39.11779741756618,60.88220477104187
./data/processed/test/Alejandro_Toledo/Alejandro_Toledo_0034.jpg,Alejandro_Toledo,Alejandro_Toledo,True,0.026272375136613846,0.5591948516666889,0.3742245491594076,0.9334194008260965,3.813517466187477,1.1833100579679012,44.36812102794647,50.29836795292795,49.70163106918335
./data/processed/test/Alejandro_Toledo/Alejandro_Toledo_0037.jpg,Alejandro_Toledo,Alejandro_Toledo,True,0.026281259953975677,0.5289855413138866,0.46010357327759266,0.9890891145914793,4.167696088552475,1.233381312340498,42.27671027183533,48.66687678731978,51.33311748504639
./data/processed/test/Alvaro_Uribe/Alvaro_Uribe_0014.jpg,Alvaro_Uribe,Alvaro_Uribe,True,0.025387370958924294,0.0707769999280572,0.0018458491467754357,0.07262284907483263,0.11233092518523335,0.3799592610448599,6.171534955501556,6.736447990806482,93.26354265213013
./data/processed/test/Alvaro_Uribe/Alvaro_Uribe_0016.jpg,Alvaro_Uribe,Alvaro_Uribe,True,0.02541286125779152,0.11144784511998296,0.03685687261167914,0.1483047177316621,0.3316987073048949,0.23413484450429678,7.9543039202690125,8.668442189809866,91.33156538009644
./data/processed/test/Alvaro_Uribe/Alvaro_Uribe_0020.jpg,Alvaro_Uribe,Alvaro_Uribe,True,0.025318926200270653,0.04909354029223323,0.00034712757042143494,0.049440667862654664,0.2216963330283761,0.9586432948708534,8.642593026161194,9.872373321923078,90.12762904167175
./data/processed/test/Alvaro_Uribe/Alvaro_Uribe_0022.jpg,Alvaro_Uribe,Alvaro_Uribe,True,0.025366781279444695,0.25997713673859835,0.3160520922392607,0.576029228977859,2.0267214626073837,1.3790481723845005,19.94846612215042,23.930264986120164,76.06973648071289
./data/processed/test/Alvaro_Uribe/Alvaro_Uribe_0025.jpg,Alvaro_Uribe,Alvaro_Uribe,True,0.02505287528038025,0.3961379174143076,0.3559643169865012,0.7521022344008088,3.0280470848083496,1.176573522388935,34.07520949840546,39.03193234000355,60.96806526184082
./data/processed/test/Alvaro_Uribe/Alvaro_Uribe_0027.jpg,Alvaro_Uribe,Alvaro_Uribe,True,0.02548261545598507,0.23475876078009605,0.1575735746882856,0.39233233546838164,0.9872741065919399,0.47254939563572407,15.580558776855469,17.432714614551514,82.56728053092957
./data/processed/test/Alvaro_Uribe/Alvaro_Uribe_0030.jpg,Alvaro_Uribe,Alvaro_Uribe,True,0.02541392669081688,0.1448922441340983,0.04025962552987039,0.18515186966396868,0.6068760063499212,0.4768241662532091,10.22781953215599,11.49667157442309,88.50333094596863
./data/processed/test/Amelie_Mauresmo/Amelie_Mauresmo_0001.jpg,Amelie_Mauresmo,Amelie_Mauresmo,True,0.01604549214243889,0.1346031203866005,0.07086749537847936,0.20547061576507986,0.07630899199284613,0.021397825912572443,5.5119287222623825,5.815106155932881,94.1848874092102
./data/processed/test/Amelie_Mauresmo/Amelie_Mauresmo_0002.jpg,Amelie_Mauresmo,Amelie_Mauresmo,True,0.014895899221301079,0.22350111976265907,0.1924243988469243,0.4159255186095834,1.1056361719965935,0.41621457785367966,17.966410517692566,19.904186786152422,80.09580969810486
./data/processed/test/Amelie_Mauresmo/Amelie_Mauresmo_0009.jpg,Amelie_Mauresmo,Amelie_Mauresmo,True,0.01724405214190483,0.2645231783390045,0.2695036819204688,0.5340268602594733,1.7561649903655052,0.6277489010244608,21.87429964542389,24.79224039707333,75.20776987075806
./data/processed/test/Amelie_Mauresmo/Amelie_Mauresmo_0016.jpg,Amelie_Mauresmo,Amelie_Mauresmo,True,0.017507703974843025,0.4001754801720381,0.4128638654947281,0.8130393456667662,2.7228515595197678,1.024362351745367,30.264022946357727,34.82427620328963,65.17571806907654
./data/processed/test/Amelie_Mauresmo/Amelie_Mauresmo_0018.jpg,Amelie_Mauresmo,Amelie_Mauresmo,True,0.015298399142920971,0.13317984994500875,0.0,0.13317984994500875,0.10442730272188783,0.0550170021597296,4.103622958064079,4.3962471128907055,95.60375213623047
./data/processed/test/Andre_Agassi/Andre_Agassi_0013.jpg,Andre_Agassi,Andre_Agassi,True,0.027907265350222588,0.3353796899318695,0.3794735064730048,0.7148531964048743,3.1310461461544037,2.141856588423252,32.19052851200104,38.17828444298357,61.82171702384949
./data/processed/test/Andre_Agassi/Andre_Agassi_0014.jpg,Andre_Agassi,Andre_Agassi,True,0.028240066021680832,0.7662291638553143,0.7790492381900549,1.5452784020453691,3.862852603197098,0.8856439031660557,39.756205677986145,46.04998058639467,53.950029611587524
./data/processed/test/Andre_Agassi/Andre_Agassi_0017.jpg,Andre_Agassi,Andre_Agassi,True,0.027870753780007362,0.6319430191069841,0.45751500874757767,1.0894580278545618,3.7301797419786453,1.0393391363322735,39.96513783931732,45.8241147454828,54.17587161064148
./data/processed/test/Andre_Agassi/Andre_Agassi_0022.jpg,Andre_Agassi,Andre_Agassi,True,0.02798812836408615,0.4871250130236149,0.6144614890217781,1.101586502045393,3.6516223102808,1.7139356583356857,35.55158972740173,42.01873419806361,57.98127055168152
./data/processed/test/Andre_Agassi/Andre_Agassi_0027.jpg,Andre_Agassi,Andre_Agassi,True,0.028133990243077278,0.4735502880066633,0.4617311991751194,0.9352814871817827,4.04619500041008,2.4604402482509613,36.2074613571167,43.64937809295952,56.350624561309814
./data/processed/test/Andre_Agassi/Andre_Agassi_0031.jpg,Andre_Agassi,Andre_Agassi,True,0.025836540386080742,0.04133764887228608,0.0,0.04133764887228608,0.4358259495347738,1.5092778950929642,9.186999499797821,11.173440993297845,88.82654905319214
./data/processed/test/Andre_Agassi/Andre_Agassi_0032.jpg,Andre_Agassi,Andre_Agassi,True,0.02813097834587097,0.38330284878611565,0.44958824291825294,0.8328910917043686,2.899361774325371,1.4621459878981113,32.25454390048981,37.44894275441766,62.5510573387146
./data/processed/test/Andre_Agassi/Andre_Agassi_0036.jpg,Andre_Agassi,Andre_Agassi,True,0.027784669771790504,0.4570442717522383,0.47296192497015,0.9300061967223883,3.7846244871616364,1.903952844440937,35.359686613082886,41.97827014140785,58.021724224090576
./data/processed/test/Andy_Roddick/Andy_Roddick_0001.jpg,Andy_Roddick,Andy_Roddick,True,0.010940232314169407,0.47082314267754555,0.6156845018267632,1.0865076445043087,2.293218858540058,0.6569285877048969,29.50948476791382,33.54613985866308,66.45386815071106
./data/processed/test/Andy_Roddick/Andy_Roddick_0010.jpg,Andy_Roddick,Andy_Roddick,True,0.010286814533174038,0.5087809171527624,0.7987825199961662,1.3075634371489286,1.905466802418232,0.3602187614887953,31.437095999717712,35.01034500077367,64.98964428901672
./data/processed/test/Andy_Roddick/Andy_Roddick_0012.jpg,Andy_Roddick,Andy_Roddick,True,0.011592496186494827,0.3063255688175559,0.5777392070740461,0.884064775891602,1.7630074173212051,0.4817489068955183,25.18690824508667,28.315729345194995,71.68425917625427
./data/processed/test/Angelina_Jolie/Angelina_Jolie_0001.jpg,Angelina_Jolie,Angelina_Jolie,True,0.014485344290733337,0.37654973566532135,0.17251322278752923,0.5490629584528506,1.574498601257801,1.9960280507802963,21.000951528549194,25.120541139040142,74.87946152687073
./data/processed/test/Angelina_Jolie/Angelina_Jolie_0002.jpg,Angelina_Jolie,Angelina_Jolie,True,0.014542349614202976,0.283859740011394,0.40020253509283066,0.6840622751042247,1.4713495969772339,1.163842249661684,19.44134384393692,22.760597965680063,77.2394061088562
./data/processed/test/Angelina_Jolie/Angelina_Jolie_0016.jpg,Angelina_Jolie,Angelina_Jolie,True,0.01489313691854477,0.3139700973406434,0.4688422195613384,0.7828123169019818,2.6179341599345207,1.202228106558323,28.227004408836365,32.82997899223119,67.17002987861633
./data/processed/test/Angelina_Jolie/Angelina_Jolie_0018.jpg,Angelina_Jolie,Angelina_Jolie,True,0.014376208186149597,0.599927082657814,0.7811157032847404,1.3810427859425545,2.8018925338983536,1.4748789370059967,29.99742031097412,35.655234567821026,64.34475779533386
./data/processed/test/Ann_Veneman/Ann_Veneman_0001.jpg,Ann_Veneman,Alejandro_Toledo,False,0.011816002428531647,0.10589692974463105,0.005914857683819719,0.11181178742845077,0.18633912550285459,0.18718469655141234,7.834699749946594,8.320035359429312,91.67996048927307
./data/processed/test/Ann_Veneman/Ann_Veneman_0006.jpg,Ann_Veneman,Laura_Bush,False,0.013376835733652115,0.44720955193042755,0.40955040603876114,0.8567599579691887,2.593556232750416,0.8831008337438107,31.427013874053955,35.76043089851737,64.23956751823425
./data/processed/test/Ann_Veneman/Ann_Veneman_0010.jpg,Ann_Veneman,Laura_Bush,False,0.016574611887335777,0.049832602962851524,0.11979093542322516,0.1696235383860767,0.06312907207757235,0.011941407137783244,9.945628046989441,10.190322064590873,89.80968594551086
./data/processed/test/Anna_Kournikova/Anna_Kournikova_0001.jpg,Anna_Kournikova,Jennifer_Capriati,False,0.013874109834432602,0.06952419644221663,0.0679996854159981,0.13752388185821474,0.4209531471133232,0.8427688851952553,13.154223561286926,14.55546947545372,85.44453382492065
./data/processed/test/Anna_Kournikova/Anna_Kournikova_0010.jpg,Anna_Kournikova,Naomi_Watts,False,0.014982650056481361,0.14299842296168208,0.36029890179634094,0.503297324758023,0.9878949262201786,0.31552817672491074,16.00595861673355,17.812679044436663,82.18732476234436
./data/processed/test/Anna_Kournikova/Anna_Kournikova_0011.jpg,Anna_Kournikova,Tiger_Woods,False,0.010539667680859566,0.5937138572335243,0.5320699419826269,1.1257837992161512,2.575298957526684,0.7500415202230215,29.112502932548523,33.56362720951438,66.436368227005
./data/processed/test/Ari_Fleischer/Ari_Fleischer_0001.jpg,Ari_Fleischer,Igor_Ivanov,False,0.011250518262386322,0.32575326040387154,0.35029056016355753,0.6760438205674291,2.571526914834976,1.7902618274092674,23.8725408911705,28.910373453982174,71.08962535858154
./data/processed/test/Ari_Fleischer/Ari_Fleischer_0010.jpg,Ari_Fleischer,Ari_Fleischer,True,0.012896695174276829,0.3243901068344712,0.39061952847987413,0.7150096353143454,1.5755122527480125,0.7165940944105387,24.513117969036102,27.520233951509,72.47974872589111
./data/processed/test/Ari_Fleischer/Ari_Fleischer_0012.jpg,Ari_Fleischer,Ari_Fleischer,True,0.012939317151904106,0.07860010373406112,0.07344745681621134,0.15204756055027246,1.1313879862427711,0.9366659447550774,16.247382760047913,18.467484251596034,81.53252005577087
./data/processed/test/Ariel_Sharon/Ariel_Sharon_0001.jpg,Ariel_Sharon,Ariel_Sharon,True,0.04755331948399544,0.28580271173268557,0.22739267442375422,0.5131953861564398,1.7828240990638733,1.0852896608412266,20.562057197093964,23.943366343155503,76.05663537979126
./data/processed/test/Ariel_Sharon/Ariel_Sharon_0005.jpg,Ariel_Sharon,Ariel_Sharon,True,0.0475749634206295,0.1369951292872429,0.07696045795455575,0.21395558724179864,0.7932489737868309,0.5788768175989389,10.161084681749344,11.747166060376912,88.2528305053711
./data/processed/test/Ariel_Sharon/Ariel_Sharon_0011.jpg,Ariel_Sharon,Ariel_Sharon,True,0.047509852796792984,0.37467426154762506,0.299122161231935,0.6737964227795601,2.3507820442318916,1.5476948581635952,23.301607370376587,27.873880695551634,72.12612628936768
./data/processed/test/Ariel_Sharon/Ariel_Sharon_0013.jpg,Ariel_Sharon,Ariel_Sharon,True,0.047468237578868866,0.07380000315606594,0.05797547637484968,0.13177547953091562,0.3947070799767971,0.24780421517789364,8.720456063747406,9.494742838433012,90.50525426864624
./data/processed/test/Ariel_Sharon/Ariel_Sharon_0019.jpg,Ariel_Sharon,Ariel_Sharon,True,0.04751140996813774,0.20874706096947193,0.14699086314067245,0.3557379241101444,0.9822430089116096,0.5633216816931963,12.86557912826538,14.766881742980331,85.23311018943787
./data/processed/test/Ariel_Sharon/Ariel_Sharon_0029.jpg,Ariel_Sharon,Ariel_Sharon,True,0.04741082713007927,0.2196317771449685,0.18486629705876112,0.40449807420372963,1.9420824944972992,0.8482746779918671,22.927436232566833,26.12229147925973,73.87770414352417
./data/processed/test/Ariel_Sharon/Ariel_Sharon_0034.jpg,Ariel_Sharon,Ariel_Sharon,True,0.04748916998505592,0.238369544968009,0.35490228328853846,0.5932718282565475,1.8694963306188583,0.6373819895088673,23.485669493675232,26.585819642059505,73.41418862342834
./data/processed/test/Ariel_Sharon/Ariel_Sharon_0036.jpg,Ariel_Sharon,Ariel_Sharon,True,0.04686073213815689,0.018244936654809862,0.0650636909995228,0.08330862765433267,0.27919504791498184,0.7977086119353771,11.087548732757568,12.24776102026226,87.7522349357605
./data/processed/test/Ariel_Sharon/Ariel_Sharon_0046.jpg,Ariel_Sharon,Ariel_Sharon,True,0.04678330942988396,0.19806951750069857,0.22089704871177673,0.4189665662124753,2.1967975422739983,1.8073605373501778,23.069781064987183,27.492905710823834,72.50710129737854
./data/processed/test/Ariel_Sharon/Ariel_Sharon_0048.jpg,Ariel_Sharon,Ariel_Sharon,True,0.04751650243997574,0.11506852461025119,0.0748833641409874,0.18995188875123858,0.4190653096884489,0.16973870806396008,9.11133661866188,9.890092525165528,90.10990262031555
./data/processed/test/Ariel_Sharon/Ariel_Sharon_0051.jpg,Ariel_Sharon,Ariel_Sharon,True,0.047589026391506195,0.1282498356886208,0.08750364067964256,0.21575347636826336,0.6152011454105377,0.6114785093814135,8.983339369297028,10.425772500457242,89.57422971725464
./data/processed/test/Ariel_Sharon/Ariel_Sharon_0054.jpg,Ariel_Sharon,Ariel_Sharon,True,0.04750176519155502,0.10123485699295998,0.07694483501836658,0.17817969201132655,0.5102081689983606,0.3199020167812705,9.354943037033081,10.363232914824039,89.63676691055298
./data/processed/test/Ariel_Sharon/Ariel_Sharon_0059.jpg,Ariel_Sharon,Ariel_Sharon,True,0.047519877552986145,0.11553739896044135,0.08649332448840141,0.20203072344884276,0.53023979999125,0.7100405637174845,9.33048203587532,10.772793123032898,89.22721147537231
./data/processed/test/Ariel_Sharon/Ariel_Sharon_0067.jpg,Ariel_Sharon,Ariel_Sharon,True,0.04737483337521553,0.05020954995416105,0.008950720075517893,0.05916027002967894,0.20293446723371744,0.3935805056244135,6.215271353721619,6.8709465966094285,93.12905669212341
./data/processed/test/Ariel_Sharon/Ariel_Sharon_0069.jpg,Ariel_Sharon,Ariel_Sharon,True,0.04752027988433838,0.10109769646078348,0.06390794296748936,0.16500563942827284,0.5728738848119974,0.8064272813498974,10.198931396007538,11.743238201597705,88.25676441192627
./data/processed/test/Ariel_Sharon/Ariel_Sharon_0075.jpg,Ariel_Sharon,Ariel_Sharon,True,0.04748081415891647,0.8277201093733311,0.8142001926898956,1.6419203020632267,4.491570219397545,0.9352239780128002,42.582160234451294,49.650874733924866,50.349122285842896
./data/processed/test/Arnold_Schwarzenegger/Arnold_Schwarzenegger_0005.jpg,Arnold_Schwarzenegger,Arnold_Schwarzenegger,True,0.028402088209986687,0.06927861250005662,0.005553023947868496,0.07483163644792512,0.2636941848322749,0.4136401694267988,7.230712473392487,7.982878464099485,92.01712608337402
./data/processed/test/Arnold_Schwarzenegger/Arnold_Schwarzenegger_0009.jpg,Arnold_Schwarzenegger,Arnold_Schwarzenegger,True,0.028463920578360558,0.22532620932906866,0.2868502167984843,0.512176426127553,1.7476540058851242,0.9644984267652035,21.581535041332245,24.805863900110126,75.19413232803345
./data/processed/test/Arnold_Schwarzenegger/Arnold_Schwarzenegger_0014.jpg,Arnold_Schwarzenegger,Arnold_Schwarzenegger,True,0.02864251844584942,0.4332220181822777,0.36813756451010704,0.8013595826923847,3.1965065747499466,1.8836183473467827,27.93084681034088,33.812331315129995,66.18767380714417
./data/processed/test/Arnold_Schwarzenegger/Arnold_Schwarzenegger_0020.jpg,Arnold_Schwarzenegger,Arnold_Schwarzenegger,True,0.028202122077345848,0.24405238218605518,0.2174086170271039,0.4614609992131591,2.050986886024475,0.5070483777672052,19.076816737651825,22.096313000656664,77.90368795394897
./data/processed/test/Arnold_Schwarzenegger/Arnold_Schwarzenegger_0026.jpg,Arnold_Schwarzenegger,Arnold_Schwarzenegger,True,0.028724107891321182,0.29786182567477226,0.3245467320084572,0.6224085576832294,1.6381941735744476,0.576093839481473,20.822668075561523,23.659364646300673,76.34062767028809
./data/processed/test/Arnold_Schwarzenegger/Arnold_Schwarzenegger_0027.jpg,Arnold_Schwarzenegger,Arnold_Schwarzenegger,True,0.02841654047369957,0.27879171539098024,0.2120184013620019,0.49081011675298214,1.4195892959833145,0.6365829147398472,18.83956491947174,21.386547246947885,78.61345410346985
./data/processed/test/Arnold_Schwarzenegger/Arnold_Schwarzenegger_0030.jpg,Arnold_Schwarzenegger,Arnold_Schwarzenegger,True,0.028259342536330223,0.3813606221228838,0.40694535709917545,0.7883059792220592,3.131454437971115,1.4654655009508133,31.24399185180664,36.62921776995063,63.370782136917114
./data/processed/test/Arnold_Schwarzenegger/Arnold_Schwarzenegger_0031.jpg,Arnold_Schwarzenegger,Arnold_Schwarzenegger,True,0.028440050780773163,0.17259471351280808,0.07226374000310898,0.24485845351591706,0.6843667011708021,0.8207937702536583,12.422465533018112,14.17248445795849,85.82751750946045
./data/processed/test/Arnold_Schwarzenegger/Arnold_Schwarzenegger_0040.jpg,Arnold_Schwarzenegger,Arnold_Schwarzenegger,True,0.028513886034488678,0.15052201924845576,0.11705395299941301,0.2675759722478688,0.9568825364112854,1.0008594021201134,13.361170887947083,15.58648879872635,84.41351652145386
./data/processed/test/Atal_Bihari_Vajpayee/Atal_Bihari_Vajpayee_0001.jpg,Atal_Bihari_Vajpayee,Atal_Bihari_Vajpayee,True,0.019335828721523285,0.3288679290562868,0.3910867962986231,0.7199547253549099,1.978706568479538,0.8019420318305492,28.020742535591125,31.521345861256123,68.47865581512451
./data/processed/test/Atal_Bihari_Vajpayee/Atal_Bihari_Vajpayee_0009.jpg,Atal_Bihari_Vajpayee,Atal_Bihari_Vajpayee,True,0.019160132855176926,0.3987087868154049,0.4286430310457945,0.8273518178611994,2.8581688180565834,1.1421600356698036,29.22160029411316,34.049280965700746,65.95072746276855
./data/processed/test/Atal_Bihari_Vajpayee/Atal_Bihari_Vajpayee_0012.jpg,Atal_Bihari_Vajpayee,Atal_Bihari_Vajpayee,True,0.01913125067949295,0.4823747090995312,0.4768648184835911,0.9592395275831223,3.280370309948921,1.0906307026743889,32.05533027648926,37.38557081669569,62.614428997039795
./data/processed/test/Atal_Bihari_Vajpayee/Atal_Bihari_Vajpayee_0017.jpg,Atal_Bihari_Vajpayee,Atal_Bihari_Vajpayee,True,0.01916581578552723,0.38484567776322365,0.5182785913348198,0.9031242690980434,2.9288718476891518,1.4497325755655766,31.44899308681488,36.73072177916765,63.26928734779358
./data/processed/test/Atal_Bihari_Vajpayee/Atal_Bihari_Vajpayee_0019.jpg,Atal_Bihari_Vajpayee,John_Howard,False,0.014280170202255249,0.11994861997663975,0.12385864974930882,0.24380726972594857,0.49776434898376465,0.16642834525555372,9.444505721330643,10.35250568529591,89.64749574661255
./data/processed/test/Bill_Clinton/Bill_Clinton_0009.jpg,Bill_Clinton,Bill_Clinton,True,0.02260741777718067,0.1512917224317789,0.22460694890469313,0.37589867133647203,1.0233033448457718,0.3332936204969883,18.91867220401764,20.65116784069687,79.34882044792175
./data/processed/test/Bill_Clinton/Bill_Clinton_0010.jpg,Bill_Clinton,Bill_Clinton,True,0.022905806079506874,0.3006578888744116,0.24740674998611212,0.5480646388605237,1.8564827740192413,0.4888981580734253,24.02888834476471,26.9223339157179,73.07767868041992
./data/processed/test/Bill_Clinton/Bill_Clinton_0013.jpg,Bill_Clinton,Bill_Clinton,True,0.022720403969287872,0.04370849346742034,0.0772933242842555,0.12100181775167584,0.04437373427208513,0.0,6.121920049190521,6.287295601214282,93.71270537376404
./data/processed/test/Bill_Clinton/Bill_Clinton_0017.jpg,Bill_Clinton,Bill_Clinton,True,0.02297624759376049,0.10786732891574502,0.15275082550942898,0.260618154425174,0.3762609092518687,0.17557813553139567,14.254248142242432,15.06670534145087,84.93329286575317
./data/processed/test/Bill_Clinton/Bill_Clinton_0023.jpg,Bill_Clinton,Bill_Clinton,True,0.022861851379275322,0.05384553805924952,0.0597859441768378,0.11363148223608732,0.07319979486055672,0.0028331996873021126,5.277486518025398,5.467150994809344,94.54402327537537
./data/processed/test/Bill_Clinton/Bill_Clinton_0028.jpg,Bill_Clinton,Bill_Clinton,True,0.022883446887135506,0.14396854676306248,0.13009265530854464,0.2740612020716071,0.039247816312126815,0.002582043998700101,8.372791856527328,8.688682918909763,91.31131172180176
./data/processed/test/Bill_Gates/Bill_Gates_0001.jpg,Bill_Gates,Bill_Gates,True,0.015773868188261986,0.5102245137095451,0.6002245005220175,1.1104490142315626,3.249099850654602,1.6497068107128143,35.571229457855225,41.580485133454204,58.41951370239258
./data/processed/test/Bill_Gates/Bill_Gates_0002.jpg,Bill_Gates,Bill_Gates,True,0.01557548064738512,0.2377406693994999,0.4850341472774744,0.7227748166769743,1.9622249528765678,0.48595182597637177,33.838626742362976,37.00957833789289,62.99042105674744
./data/processed/test/Bill_Gates/Bill_Gates_0006.jpg,Bill_Gates,Bill_Gates,True,0.014381833374500275,0.3583890153095126,0.5193944554775953,0.8777834707871079,4.131149500608444,2.3816386237740517,36.63491606712341,44.02548766229302,55.974507331848145
./data/processed/test/Bill_Gates/Bill_Gates_0016.jpg,Bill_Gates,Bill_Gates,True,0.015784576535224915,0.5119047593325377,0.6788693368434906,1.1907740961760283,3.858497366309166,1.1178760789334774,39.895182847976685,46.062330389395356,53.93766164779663
./data/processed/test/Bill_McBride/Bill_McBride_0002.jpg,Bill_McBride,Gerhard_Schroeder,False,0.01423236820846796,0.1399227068759501,0.16208317829295993,0.30200588516891,2.0052388310432434,2.17207670211792,20.57013362646103,25.049455044791102,74.95055198669434
./data/processed/test/Bill_McBride/Bill_McBride_0009.jpg,Bill_McBride,Tom_Ridge,False,0.013312825001776218,0.0,0.07325285114347935,0.07325285114347935,0.2304224530234933,0.21482326555997133,7.003474980592728,7.521973550319672,92.47802495956421
./data/processed/test/Bill_Simon/Bill_Simon_0001.jpg,Bill_Simon,Bill_Simon,True,0.012937091290950775,0.5039027892053127,0.5368033424019814,1.040706131607294,3.526049107313156,1.3242912478744984,38.14793825149536,44.03898473829031,55.961012840270996
./data/processed/test/Bill_Simon/Bill_Simon_0010.jpg,Bill_Simon,Bill_Simon,True,0.01300556305795908,0.5109298042953014,0.47858990728855133,0.9895197115838528,2.906554192304611,0.5304382182657719,31.59281313419342,36.019325256347656,63.98066282272339
./data/processed/test/Bill_Simon/Bill_Simon_0012.jpg,Bill_Simon,Bill_Simon,True,0.01310085691511631,0.30501929577440023,0.5721287801861763,0.8771480759605765,1.9166652113199234,0.6077385041862726,26.519423723220825,29.920975514687598,70.07902264595032
./data/processed/test/Britney_Spears/Britney_Spears_0001.jpg,Britney_Spears,Naomi_Watts,False,0.011929967440664768,0.4069054964929819,0.34961344208568335,0.7565189385786653,2.347678504884243,2.795126847922802,24.250321090221405,30.149645381607115,69.85035538673401
./data/processed/test/Britney_Spears/Britney_Spears_0010.jpg,Britney_Spears,Naomi_Watts,False,0.01407930999994278,0.35501543898135424,0.4729141481220722,0.8279295871034265,2.184223011136055,1.794242113828659,23.797692358493805,28.604087070561945,71.39590978622437
./data/processed/test/Britney_Spears/Britney_Spears_0012.jpg,Britney_Spears,Naomi_Watts,False,0.015527624636888504,0.26019043289124966,0.4016231279820204,0.66181356087327,1.1807692237198353,1.2592189013957977,17.29111224412918,20.392913930118084,79.60708141326904
./data/processed/test/Carlos_Menem/Carlos_Menem_0001.jpg,Carlos_Menem,Carlos_Menem,True,0.01692313887178898,0.49231494776904583,0.5311491433531046,1.0234640911221504,3.197617456316948,1.0462336242198944,33.40495526790619,38.67227043956518,61.32773160934448
./data/processed/test/Carlos_Menem/Carlos_Menem_0002.jpg,Carlos_Menem,Carlos_Menem,True,0.017239565029740334,0.31314713414758444,0.46156193129718304,0.7747090654447675,2.479086257517338,1.6102854162454605,31.12684190273285,35.990922641940415,64.00907039642334
./data/processed/test/Carlos_Menem/Carlos_Menem_0009.jpg,Carlos_Menem,Carlos_Menem,True,0.01677667535841465,0.47422097995877266,0.4114673472940922,0.8856883272528648,2.6830393821001053,1.4470823109149933,29.80906069278717,34.824870713055134,65.1751160621643
./data/processed/test/Carlos_Menem/Carlos_Menem_0016.jpg,Carlos_Menem,Carlos_Menem,True,0.01693055033683777,0.3437001025304198,0.4909662529826164,0.8346663555130363,2.4994350969791412,1.1870632879436016,25.672298669815063,30.193463410250843,69.8065459728241
./data/processed/test/Carlos_Menem/Carlos_Menem_0018.jpg,Carlos_Menem,Carlos_Menem,True,0.01625782810151577,0.18969860393553972,0.31121051870286465,0.5009091226384044,1.679261028766632,0.5033005960285664,22.336246073246002,25.019716820679605,74.98028874397278
./data/processed/test/Carlos_Moya/Carlos_Moya_0001.jpg,Carlos_Moya,Carlos_Moya,True,0.016256965696811676,0.45017064549028873,0.4772602114826441,0.9274308569729328,2.4810791015625,0.30266311950981617,20.171506702899933,23.882679780945182,76.11732482910156
./data/processed/test/Carlos_Moya/Carlos_Moya_0002.jpg,Carlos_Moya,Carlos_Moya,True,0.017137182876467705,0.1349016441963613,0.0586982409004122,0.1935998850967735,0.23963972926139832,0.04785279743373394,8.915432542562485,9.39652495435439,90.60346484184265
./data/processed/test/Carlos_Moya/Carlos_Moya_0006.jpg,Carlos_Moya,Carlos_Moya,True,0.014642246067523956,0.0,0.2601595362648368,0.2601595362648368,0.14040671521797776,0.062430003890767694,11.815398186445236,12.278394441818818,87.72159814834595
./data/processed/test/Carlos_Moya/Carlos_Moya_0012.jpg,Carlos_Moya,Carlos_Moya,True,0.016672596335411072,0.5743203684687614,0.8173372596502304,1.3916576281189919,4.511367902159691,1.5939585864543915,42.59694814682007,50.09393226355314,49.9060720205307
./data/processed/test/Catherine_Zeta-Jones/Catherine_Zeta-Jones_0001.jpg,Catherine_Zeta-Jones,Angelina_Jolie,False,0.011485434137284756,0.8298994041979313,0.7011436857283115,1.5310430899262428,4.393351450562477,2.211434952914715,45.62689960002899,53.76272909343243,46.23727202415466
./data/processed/test/Catherine_Zeta-Jones/Catherine_Zeta-Jones_0006.jpg,Catherine_Zeta-Jones,Renee_Zellweger,False,0.010760292410850525,0.03134051221422851,0.04171177861280739,0.0730522908270359,0.38648834452033043,1.1913605034351349,9.19969230890274,10.850593447685242,89.149409532547
./data/processed/test/Catherine_Zeta-Jones/Catherine_Zeta-Jones_0010.jpg,Catherine_Zeta-Jones,Angelina_Jolie,False,0.011435593478381634,0.512363575398922,0.6698235403746367,1.1821871157735586,3.0045850202441216,1.5667364001274109,32.46316909790039,38.21667763404548,61.78331971168518
./data/processed/test/Charles_Moose/Charles_Moose_0001.jpg,Charles_Moose,Charles_Moose,True,0.013350429013371468,0.050504697719588876,0.03183289081789553,0.08233758853748441,0.14032389735803008,0.30024938751012087,5.480335280299187,6.003246153704822,93.99675130844116
./data/processed/test/Charles_Moose/Charles_Moose_0010.jpg,Charles_Moose,Charles_Moose,True,0.01333983987569809,0.08963439031504095,0.051416869973763824,0.14105126028880477,0.07990534068085253,0.06214408786036074,5.352245271205902,5.63534596003592,94.36463713645935
./data/processed/test/Charles_Moose/Charles_Moose_0012.jpg,Charles_Moose,Charles_Moose,True,0.012686198577284813,0.09493727702647448,0.12676437618210912,0.2217016532085836,0.17747522797435522,0.04095523036085069,4.6185847371816635,5.058716848725453,94.94128227233887
./data/processed/test/Colin_Powell/Colin_Powell_0010.jpg,Colin_Powell,Colin_Powell,True,0.1311485767364502,0.06386128370650113,0.030848439200781286,0.09470972290728241,0.08873664191924036,0.12793161440640688,5.579524487257004,5.890902466489933,94.10910606384277
./data/processed/test/Colin_Powell/Colin_Powell_0011.jpg,Colin_Powell,Colin_Powell,True,0.13127164542675018,0.08299589972011745,0.0480987859191373,0.13109468563925475,0.08490497129969299,0.09760968969203532,5.7791877537965775,6.0927971004275605,93.90721321105957
./data/processed/test/Colin_Powell/Colin_Powell_0016.jpg,Colin_Powell,Colin_Powell,True,0.13128739595413208,0.0704348785802722,0.04237430403009057,0.11280918261036277,0.0732705695554614,0.15189258847385645,6.6238753497600555,6.961847690399736,93.03815364837646
./data/processed/test/Colin_Powell/Colin_Powell_0017.jpg,Colin_Powell,Colin_Powell,True,0.1311463862657547,0.08541372371837497,0.055042136227712035,0.140455859946087,0.07551640155725181,0.07707279291935265,7.096756994724274,7.389802049146965,92.61018633842468
./data/processed/test/Colin_Powell/Colin_Powell_0019.jpg,Colin_Powell,Colin_Powell,True,0.1313839703798294,0.055933959083631635,0.02352565061300993,0.07945960969664156,0.07243277505040169,0.10055833263322711,5.791142955422401,6.043593672802672,93.9564049243927
./data/processed/test/Colin_Powell/Colin_Powell_0020.jpg,Colin_Powell,Colin_Powell,True,0.13122980296611786,0.08448142325505614,0.04537203349173069,0.12985345674678683,0.08936661761254072,0.12899868888780475,5.491486564278603,5.839705327525735,94.16029453277588
./data/processed/test/Colin_Powell/Colin_Powell_0025.jpg,Colin_Powell,Colin_Powell,True,0.131288543343544,0.07195912185125053,0.03902717726305127,0.1109862991143018,0.05152391386218369,0.07753081154078245,5.603477731347084,5.843518755864352,94.15649771690369
./data/processed/test/Colin_Powell/Colin_Powell_0026.jpg,Colin_Powell,Colin_Powell,True,0.1310848444700241,0.04524622927419841,0.04767955688294023,0.09292578615713865,0.09521761676296592,0.24995049461722374,5.82008957862854,6.258183476165868,93.74181032180786
./data/processed/test/Colin_Powell/Colin_Powell_0031.jpg,Colin_Powell,Colin_Powell,True,0.13126739859580994,0.09256531484425068,0.04930169088765979,0.14186700573191047,0.04263189039193094,0.03977050364483148,7.546371966600418,7.770641366369091,92.22936034202576
./data/processed/test/Colin_Powell/Colin_Powell_0046.jpg,Colin_Powell,Colin_Powell,True,0.13148187100887299,0.061634951271116734,0.03444364992901683,0.09607860120013356,0.044422014616429806,0.019019968749489635,5.059510096907616,5.219030681473669,94.78098154067993
./data/processed/test/Colin_Powell/Colin_Powell_0056.jpg,Colin_Powell,Colin_Powell,True,0.13113689422607422,0.09716225322335958,0.06828055484220386,0.16544280806556344,0.09045329061336815,0.1323199481703341,8.327705413103104,8.71592145995237,91.28407835960388
./data/processed/test/Colin_Powell/Colin_Powell_0061.jpg,Colin_Powell,Colin_Powell,True,0.1312185376882553,0.0648985500447452,0.036471575731411576,0.10137012577615678,0.1207394408993423,0.23079367820173502,6.516464054584503,6.969367299461737,93.03063154220581
./data/processed/test/Colin_Powell/Colin_Powell_0067.jpg,Colin_Powell,Colin_Powell,True,0.13139690458774567,0.07545385742560029,0.04070209397468716,0.11615595140028745,0.07189245079644024,0.07709425408393145,5.89776523411274,6.162907890393399,93.8370943069458
./data/processed/test/Colin_Powell/Colin_Powell_0070.jpg,Colin_Powell,Colin_Powell,True,0.13152942061424255,0.058025296311825514,0.034802849404513836,0.09282814571633935,0.06742570549249649,0.05741526838392019,5.546125024557114,5.76379414414987,94.23620104789734
./data/processed/test/Colin_Powell/Colin_Powell_0083.jpg,Colin_Powell,Colin_Powell,True,0.13151343166828156,0.07359954761341214,0.0471137318527326,0.12071327946614474,0.06951514515094459,0.0555891718249768,5.048217996954918,5.294035593396984,94.7059690952301
./data/processed/test/Colin_Powell/Colin_Powell_0085.jpg,Colin_Powell,Colin_Powell,True,0.13144317269325256,0.12215416645631194,0.052259216317906976,0.17441338277421892,0.06333427736535668,0.059206702280789614,9.979136288166046,10.276090650586411,89.72391486167908
./data/processed/test/Colin_Powell/Colin_Powell_0087.jpg,Colin_Powell,Colin_Powell,True,0.13130268454551697,0.06784597644582391,0.04283036396373063,0.11067634040955454,0.05874119233340025,0.0508862198330462,5.555335059762001,5.775638812338002,94.22436356544495
./data/processed/test/Colin_Powell/Colin_Powell_0094.jpg,Colin_Powell,Colin_Powell,True,0.13134925067424774,0.0717330607585609,0.03387153265066445,0.10560459340922534,0.05151971126906574,0.06969739333726466,5.526749417185783,5.753571115201339,94.24642324447632
./data/processed/test/Colin_Powell/Colin_Powell_0096.jpg,Colin_Powell,Colin_Powell,True,0.13145309686660767,0.09949398227035999,0.08428770815953612,0.18378169042989612,0.09630164131522179,0.06500522140413523,7.035386562347412,7.380475115496665,92.61953234672546
./data/processed/test/Colin_Powell/Colin_Powell_0110.jpg,Colin_Powell,Colin_Powell,True,0.13137540221214294,0.05408143042586744,0.032007211120799184,0.08608864154666662,0.07598842494189739,0.07147339056245983,4.537354037165642,4.770904494216666,95.22910118103027
./data/processed/test/Colin_Powell/Colin_Powell_0113.jpg,Colin_Powell,Colin_Powell,True,0.13143886625766754,0.05213517579250038,0.027068748022429645,0.07920392381493002,0.1392352394759655,0.1432724529877305,4.388732090592384,4.75044370687101,95.24955153465271
./data/processed/test/Colin_Powell/Colin_Powell_0118.jpg,Colin_Powell,Colin_Powell,True,0.13137122988700867,0.06481981254182756,0.03274149785283953,0.09756131039466709,0.09549251990392804,0.051475910004228354,5.076389387249947,5.32091912755277,94.67908143997192
./data/processed/test/Colin_Powell/Colin_Powell_0125.jpg,Colin_Powell,Colin_Powell,True,0.13131499290466309,0.06661052466370165,0.03781052946578711,0.10442105412948877,0.058824068401008844,0.07197665981948376,5.752994865179062,5.988216647529043,94.01178359985352
./data/processed/test/Colin_Powell/Colin_Powell_0126.jpg,Colin_Powell,Colin_Powell,True,0.13148920238018036,0.055290485033765435,0.03491313837002963,0.09020362340379506,0.08840862428769469,0.1300839940086007,5.445970222353935,5.754666464054026,94.24534440040588
./data/processed/test/Colin_Powell/Colin_Powell_0128.jpg,Colin_Powell,Colin_Powell,True,0.13128334283828735,0.08366910042241216,0.04326819034758955,0.1269372907700017,0.05080107948742807,0.05116578540764749,5.801744759082794,6.0306489147478715,93.96935701370239
./data/processed/test/Colin_Powell/Colin_Powell_0141.jpg,Colin_Powell,Colin_Powell,True,0.13134609162807465,0.06955171702429652,0.0337564037181437,0.10330812074244022,0.07320467848330736,0.07168441079556942,5.395635217428207,5.643832427449524,94.35617327690125
./data/processed/test/Colin_Powell/Colin_Powell_0148.jpg,Colin_Powell,Colin_Powell,True,0.13150008022785187,0.05667531513608992,0.032318272860720754,0.08899358799681067,0.057187548372894526,0.08352449513040483,4.71380278468132,4.94350841618143,95.05649209022522
./data/processed/test/Colin_Powell/Colin_Powell_0149.jpg,Colin_Powell,Colin_Powell,True,0.13133613765239716,0.056474958546459675,0.037452782271429896,0.09392774081788957,0.05297890165820718,0.0776878441683948,5.104533955454826,5.329128442099318,94.67086791992188
./data/processed/test/Colin_Powell/Colin_Powell_0151.jpg,Colin_Powell,Colin_Powell,True,0.13137349486351013,0.07245202432386577,0.03211102448403835,0.10456304880790412,0.06964923813939095,0.1254271948710084,5.404850095510483,5.704489577328786,94.29551959037781
./data/processed/test/Colin_Powell/Colin_Powell_0157.jpg,Colin_Powell,Colin_Powell,True,0.13128434121608734,0.06313639460131526,0.035860665957443416,0.09899706055875868,0.06400760030373931,0.11639052536338568,4.246694967150688,4.526090153376572,95.47390937805176
./data/processed/test/Colin_Powell/Colin_Powell_0162.jpg,Colin_Powell,Colin_Powell,True,0.13125085830688477,0.05480509134940803,0.035378229222260416,0.09018332057166845,0.06503009935840964,0.11964052682742476,6.934633851051331,7.209487797808833,92.79051423072815
./data/processed/test/Colin_Powell/Colin_Powell_0163.jpg,Colin_Powell,Colin_Powell,True,0.13124188780784607,0.05336320027709007,0.026140664704144,0.07950386498123407,0.11063513811677694,0.10588401928544044,6.550455093383789,6.8464781157672405,93.15352439880371
./data/processed/test/Colin_Powell/Colin_Powell_0166.jpg,Colin_Powell,Colin_Powell,True,0.1310119926929474,0.04795191634912044,0.03810218768194318,0.08605410403106362,0.13142683310434222,0.09545103530399501,6.051461771130562,6.364393743569963,93.63560676574707
./data/processed/test/Colin_Powell/Colin_Powell_0172.jpg,Colin_Powell,Colin_Powell,True,0.13120277225971222,0.05813505849801004,0.03563991340342909,0.09377497190143913,0.07558425422757864,0.15861026477068663,6.007857993245125,6.335827484144829,93.66416931152344
./data/processed/test/Colin_Powell/Colin_Powell_0179.jpg,Colin_Powell,Colin_Powell,True,0.1312635838985443,0.07874617585912347,0.039620508323423564,0.11836668418254703,0.06843935698270798,0.13668171595782042,6.773193925619125,7.096681682742201,92.90331602096558
./data/processed/test/Colin_Powell/Colin_Powell_0182.jpg,Colin_Powell,Colin_Powell,True,0.13146677613258362,0.06709991721436381,0.038949388545006514,0.10604930575937033,0.0611860363278538,0.04997392534278333,5.612406879663467,5.829616147093475,94.17038559913635
./data/processed/test/Colin_Powell/Colin_Powell_0185.jpg,Colin_Powell,Colin_Powell,True,0.13128219544887543,0.058111781254410744,0.023740236065350473,0.08185201731976122,0.08589112549088895,0.23103756830096245,5.92806302011013,6.326843731221743,93.67315769195557
./data/processed/test/Colin_Powell/Colin_Powell_0191.jpg,Colin_Powell,Colin_Powell,True,0.131307452917099,0.05821376689709723,0.02906417357735336,0.08727794047445059,0.07733654929324985,0.11338393669575453,4.819279536604881,5.097277963068336,94.90271806716919
./data/processed/test/Colin_Powell/Colin_Powell_0193.jpg,Colin_Powell,Colin_Powell,True,0.13140134513378143,0.06421584403142333,0.03859901044052094,0.10281485447194427,0.05595402326434851,0.060806062538176775,5.497751757502556,5.717326697777025,94.28266882896423
./data/processed/test/Colin_Powell/Colin_Powell_0201.jpg,Colin_Powell,Colin_Powell,True,0.13129764795303345,0.07012494024820626,0.04225767042953521,0.11238261067774147,0.06887039635330439,0.09222186054103076,5.4971568286418915,5.770631696213968,94.22937631607056
./data/processed/test/Colin_Powell/Colin_Powell_0205.jpg,Colin_Powell,Colin_Powell,True,0.13140612840652466,0.052243052050471306,0.02245307550765574,0.07469612755812705,0.05569554050453007,0.13508948031812906,5.4426409304142,5.708122078794986,94.29187178611755
./data/processed/test/Colin_Powell/Colin_Powell_0212.jpg,Colin_Powell,Colin_Powell,True,0.1314445436000824,0.06302892579697073,0.03341528063174337,0.0964442064287141,0.05182248423807323,0.03961910551879555,4.474207758903503,4.662093555089086,95.3378975391388
./data/processed/test/Colin_Powell/Colin_Powell_0223.jpg,Colin_Powell,Colin_Powell,True,0.13115549087524414,0.07758625433780253,0.035899601061828434,0.11348585539963096,0.10763120371848345,0.09190834243781865,5.849308148026466,6.162333549582399,93.83766651153564
./data/processed/test/Colin_Powell/Colin_Powell_0226.jpg,Colin_Powell,Colin_Powell,True,0.13134922087192535,0.06461223820224404,0.034271509503014386,0.09888374770525843,0.0799872970674187,0.17391955479979515,6.685997545719147,7.038788145291619,92.96121001243591
./data/processed/test/Colin_Powell/Colin_Powell_0227.jpg,Colin_Powell,Colin_Powell,True,0.13128986954689026,0.04665018350351602,0.020004801626782864,0.06665498513029888,0.11113036889582872,0.15658604679629207,6.511387228965759,6.845758629788179,93.1542456150055
./data/processed/test/Colin_Powell/Colin_Powell_0228.jpg,Colin_Powell,Colin_Powell,True,0.1304023414850235,0.3000761615112424,0.5121400114148855,0.8122161729261279,2.186770923435688,0.6656188052147627,25.871047377586365,29.535653279162943,70.73243856430054
./data/processed/test/Colin_Powell/Colin_Powell_0230.jpg,Colin_Powell,Colin_Powell,True,0.13138093054294586,0.06068308721296489,0.040980373159982264,0.10166346037294716,0.06882057641632855,0.15513469697907567,5.40492981672287,5.730548550491221,94.26945447921753
./data/processed/test/Colin_Powell/Colin_Powell_0232.jpg,Colin_Powell,Colin_Powell,True,0.13134855031967163,0.07468828116543591,0.04192983033135533,0.11661811149679124,0.07579447701573372,0.09703416144475341,5.5869922041893005,5.876438954146579,94.12355422973633
./data/processed/test/Condoleezza_Rice/Condoleezza_Rice_0001.jpg,Condoleezza_Rice,Angelina_Jolie,False,0.012787692248821259,0.787267554551363,0.6737237796187401,1.460991334170103,4.328934475779533,1.9224520772695541,40.48246145248413,48.19483933970332,51.80516839027405
./data/processed/test/Condoleezza_Rice/Condoleezza_Rice_0006.jpg,Condoleezza_Rice,Condoleezza_Rice,True,0.011229037307202816,0.125273282174021,0.1456772326491773,0.2709505148231983,0.7873652502894402,0.5172992590814829,11.487963795661926,13.063578819856048,86.93641424179077
./data/processed/test/Condoleezza_Rice/Condoleezza_Rice_0010.jpg,Condoleezza_Rice,Angelina_Jolie,False,0.011349701322615147,0.9464731439948082,0.652902340516448,1.5993754845112562,3.4385651350021362,1.482402067631483,34.98011529445648,41.50045798160136,58.49953889846802
./data/processed/test/David_Beckham/David_Beckham_0009.jpg,David_Beckham,David_Beckham,True,0.021399367600679398,0.0,0.0,0.0,0.5027836188673973,1.9314544275403023,11.547808349132538,13.982046395540237,86.01795434951782
./data/processed/test/David_Beckham/David_Beckham_0010.jpg,David_Beckham,David_Beckham,True,0.02054745703935623,0.15938251744955778,0.19834302365779877,0.35772554110735655,1.7581501975655556,0.76017826795578,23.62135201692581,26.497406023554504,73.5025942325592
./data/processed/test/David_Beckham/David_Beckham_0016.jpg,David_Beckham,David_Beckham,True,0.02027132734656334,0.14088691677898169,0.0,0.14088691677898169,0.04281020082999021,0.03532211994752288,8.880721032619476,9.099740270175971,90.90026617050171
./data/processed/test/David_Beckham/David_Beckham_0018.jpg,David_Beckham,David_Beckham,True,0.020927011966705322,0.020965118892490864,0.09485622285865247,0.11582134175114334,0.2306631300598383,0.27186358347535133,10.400551557540894,11.018899612827227,88.98109793663025
./data/processed/test/David_Beckham/David_Beckham_0024.jpg,David_Beckham,David_Beckham,True,0.01750686950981617,0.03308790037408471,0.0,0.03308790037408471,0.27568016666918993,0.1865967409685254,6.460043787956238,6.955408595968038,93.08560490608215
./data/processed/test/David_Beckham/David_Beckham_0028.jpg,David_Beckham,David_Beckham,True,0.012484334409236908,0.02611299278214574,0.0,0.02611299278214574,0.3241527359932661,0.7812462281435728,10.775618255138397,11.907130212057382,88.0928635597229
./data/processed/test/David_Beckham/David_Beckham_0030.jpg,David_Beckham,David_Beckham,True,0.021297968924045563,0.07285784231498837,0.028776098042726517,0.10163394035771489,0.5349431186914444,1.8727265298366547,17.347951233386993,19.857254822272807,80.14273643493652
./data/processed/test/David_Nalbandian/David_Nalbandian_0010.jpg,David_Nalbandian,David_Nalbandian,True,0.014031379483640194,0.16711007338017225,0.14509488828480244,0.3122049616649747,0.5500196479260921,0.15113488771021366,10.90659648180008,11.91995597910136,88.08004260063171
./data/processed/test/David_Nalbandian/David_Nalbandian_0012.jpg,David_Nalbandian,David_Nalbandian,True,0.01276193093508482,0.22055679000914097,0.396890239790082,0.617447029799223,1.2105285190045834,0.39335405454039574,19.610975682735443,21.832305286079645,78.16770672798157
./data/processed/test/Dick_Cheney/Dick_Cheney_0001.jpg,Dick_Cheney,Ariel_Sharon,False,0.01730150729417801,0.5065689794719219,0.37093881983309984,0.8775077993050218,3.3671144396066666,1.2210503220558167,34.67443883419037,40.140111395157874,59.8598837852478
./data/processed/test/Dick_Cheney/Dick_Cheney_0010.jpg,Dick_Cheney,Ariel_Sharon,False,0.01556116808205843,0.1459956169128418,0.21646267268806696,0.36245828960090876,0.84176454693079,0.40133707225322723,12.246677279472351,13.852237188257277,86.14775538444519
./data/processed/test/Dick_Cheney/Dick_Cheney_0012.jpg,Dick_Cheney,Ariel_Sharon,False,0.016102302819490433,0.43405862525105476,0.2957547316327691,0.7298133568838239,2.5823604315519333,0.7526251021772623,28.28977108001709,32.35456997063011,67.64543056488037
./data/processed/test/Dominique_de_Villepin/Dominique_de_Villepin_0001.jpg,Dominique_de_Villepin,Dominique_de_Villepin,True,0.014331814832985401,0.09786229347810149,0.09867048356682062,0.1965327770449221,0.05322558572515845,0.044293110840953887,5.534766986966133,5.828818460577168,94.17118430137634
./data/processed/test/Dominique_de_Villepin/Dominique_de_Villepin_0010.jpg,Dominique_de_Villepin,Dominique_de_Villepin,True,0.01427752897143364,0.4117241594940424,0.35952103789895773,0.7712451973930001,2.1667564287781715,0.9133609011769295,27.0366370677948,30.8879995951429,69.1119909286499
./data/processed/test/Dominique_de_Villepin/Dominique_de_Villepin_0012.jpg,Dominique_de_Villepin,Dominique_de_Villepin,True,0.013905306346714497,0.5147227551788092,0.7334489841014147,1.2481717392802238,3.4677427262067795,2.044515311717987,27.065423130989075,33.825852908194065,66.17414951324463
./data/processed/test/Donald_Rumsfeld/Donald_Rumsfeld_0001.jpg,Donald_Rumsfeld,Donald_Rumsfeld,True,0.07109972834587097,0.15427356120198965,0.2128767315298319,0.36715029273182154,0.9636319242417812,0.3025568323209882,13.452234864234924,15.085573913529515,84.91442799568176
./data/processed/test/Donald_Rumsfeld/Donald_Rumsfeld_0005.jpg,Donald_Rumsfeld,Donald_Rumsfeld,True,0.07016444206237793,0.0,0.10581585811451077,0.10581585811451077,0.0,0.002890147879952565,17.994725704193115,18.10343171018758,81.89656138420105
./data/processed/test/Donald_Rumsfeld/Donald_Rumsfeld_0011.jpg,Donald_Rumsfeld,Donald_Rumsfeld,True,0.07158615440130234,0.043925252975896,0.0374293711502105,0.0813546241261065,0.1156072597950697,0.19194119377061725,7.434702664613724,7.823605742305517,92.17638969421387
./data/processed/test/Donald_Rumsfeld/Donald_Rumsfeld_0012.jpg,Donald_Rumsfeld,Donald_Rumsfeld,True,0.07140383869409561,0.046005574404262006,0.08790303254500031,0.13390860694926232,0.03270948072895408,0.0,5.060767009854317,5.227385097532533,94.77260708808899
./data/processed/test/Donald_Rumsfeld/Donald_Rumsfeld_0019.jpg,Donald_Rumsfeld,Donald_Rumsfeld,True,0.0716567263007164,0.001471666655561421,0.0015078952856129035,0.0029795619411743246,0.16022092895582318,0.21799947135150433,6.567394733428955,6.948594695677457,93.05140376091003
./data/processed/test/Donald_Rumsfeld/Donald_Rumsfeld_0027.jpg,Donald_Rumsfeld,Donald_Rumsfeld,True,0.0717877745628357,0.01829391112551093,0.014126942551229149,0.03242085367674008,0.19023845670744777,0.7739369291812181,7.569798082113266,8.566394321678672,91.43359065055847
./data/processed/test/Donald_Rumsfeld/Donald_Rumsfeld_0032.jpg,Donald_Rumsfeld,Donald_Rumsfeld,True,0.071654312312603,0.015193897706922144,0.006363054126268253,0.021556951833190396,0.25895151775330305,0.42228028178215027,11.124012619256973,11.826801370625617,88.17321062088013
./data/processed/test/Donald_Rumsfeld/Donald_Rumsfeld_0037.jpg,Donald_Rumsfeld,Donald_Rumsfeld,True,0.07164197415113449,0.0521165260579437,0.0499584770295769,0.1020750030875206,0.191334483679384,0.33849957399070263,8.777940273284912,9.40984933404252,90.59014320373535
./data/processed/test/Donald_Rumsfeld/Donald_Rumsfeld_0041.jpg,Donald_Rumsfeld,Donald_Rumsfeld,True,0.06678681820631027,0.2606445923447609,0.0,0.2606445923447609,0.5952315405011177,0.5956098902970552,15.78858196735382,17.240067990496755,82.75992274284363
./data/processed/test/Donald_Rumsfeld/Donald_Rumsfeld_0043.jpg,Donald_Rumsfeld,Donald_Rumsfeld,True,0.07162673771381378,0.04514837637543678,0.052056025015190244,0.09720440139062703,0.10711157228797674,0.12926945928484201,6.0951318591833115,6.428717292146757,93.57128143310547
./data/processed/test/Donald_Rumsfeld/Donald_Rumsfeld_0045.jpg,Donald_Rumsfeld,Donald_Rumsfeld,True,0.07137789577245712,0.045943845179863274,0.04206548037473112,0.0880093255545944,0.17072982154786587,0.644165463745594,7.370595633983612,8.273500244831666,91.72650575637817
./data/processed/test/Donald_Rumsfeld/Donald_Rumsfeld_0046.jpg,Donald_Rumsfeld,Donald_Rumsfeld,True,0.07159968465566635,0.0650649075396359,0.0925066415220499,0.1575715490616858,0.13471493730321527,0.2381298691034317,8.455798029899597,8.98621438536793,91.01378321647644
./data/processed/test/Donald_Rumsfeld/Donald_Rumsfeld_0048.jpg,Donald_Rumsfeld,Donald_Rumsfeld,True,0.07159136980772018,0.06969381938688457,0.09887967025861144,0.168573489645496,0.039539599674753845,0.000165618348546559,6.04863166809082,6.256910375759617,93.74309182167053
./data/processed/test/Donald_Rumsfeld/Donald_Rumsfeld_0056.jpg,Donald_Rumsfeld,Donald_Rumsfeld,True,0.0715472400188446,0.054225174244493246,0.05767790717072785,0.1119030814152211,0.09139241883531213,0.08756752940826118,7.266378402709961,7.557241432368755,92.44274497032166
./data/processed/test/Donald_Rumsfeld/Donald_Rumsfeld_0063.jpg,Donald_Rumsfeld,Donald_Rumsfeld,True,0.07181063294410706,0.043124708463437855,0.08959897677414119,0.13272368523757905,0.05688074743375182,0.0027161815523868427,6.180084869265556,6.372405483489274,93.62759590148926
./data/processed/test/Donald_Rumsfeld/Donald_Rumsfeld_0065.jpg,Donald_Rumsfeld,Donald_Rumsfeld,True,0.07161702960729599,0.05493557546287775,0.08270146208815277,0.13763703755103052,0.04944885731674731,0.00816498213680461,5.811542272567749,6.0067931495723315,93.9932107925415
./data/processed/test/Donald_Rumsfeld/Donald_Rumsfeld_0066.jpg,Donald_Rumsfeld,Donald_Rumsfeld,True,0.07162680476903915,0.04234182997606695,0.043670868035405874,0.08601269801147282,0.08964720764197409,0.13234749203547835,7.01109766960144,7.319105067290366,92.68089532852173
./data/processed/test/Donald_Rumsfeld/Donald_Rumsfeld_0071.jpg,Donald_Rumsfeld,Donald_Rumsfeld,True,0.07150475680828094,0.01609629107406363,0.015374764916487038,0.03147105599055067,0.1791086047887802,0.6188966333866119,7.352979481220245,8.182455775386188,91.81753993034363
./data/processed/test/Donald_Rumsfeld/Donald_Rumsfeld_0074.jpg,Donald_Rumsfeld,Donald_Rumsfeld,True,0.07116858661174774,0.15377778327092528,0.0,0.15377778327092528,0.24111054372042418,0.27627195231616497,8.663611114025116,9.33477139333263,90.66521525382996
./data/processed/test/Donald_Rumsfeld/Donald_Rumsfeld_0090.jpg,Donald_Rumsfeld,Donald_Rumsfeld,True,0.07163356244564056,0.040568201802670956,0.05528786568902433,0.09585606749169528,0.12083930196240544,0.3174928482621908,8.194472640752792,8.728660858469084,91.27134084701538
./data/processed/test/Donald_Rumsfeld/Donald_Rumsfeld_0091.jpg,Donald_Rumsfeld,Donald_Rumsfeld,True,0.07161109894514084,0.035681098233908415,0.045664311619475484,0.0813454098533839,0.1129008480347693,0.3238763427361846,6.416858732700348,6.934981333324686,93.06501746177673
./data/processed/test/Donald_Rumsfeld/Donald_Rumsfeld_0109.jpg,Donald_Rumsfeld,Donald_Rumsfeld,True,0.07152775675058365,0.001221095044456888,0.002602389758976642,0.00382348480343353,0.26884516701102257,0.7486208807677031,8.261735737323761,9.28302526990592,90.7169759273529
./data/processed/test/Donald_Rumsfeld/Donald_Rumsfeld_0111.jpg,Donald_Rumsfeld,Donald_Rumsfeld,True,0.07154406607151031,0.03821307036560029,0.04534418694674969,0.08355725731234998,0.09562851628288627,0.142484693787992,6.485281139612198,6.806951606995426,93.19305419921875
./data/processed/test/Donald_Rumsfeld/Donald_Rumsfeld_0119.jpg,Donald_Rumsfeld,Donald_Rumsfeld,True,0.0716010183095932,0.0065633597841952,0.009076826245291159,0.015640186029486358,0.3649407997727394,1.6365442425012589,10.521094501018524,12.538219729322009,87.46177554130554
./data/processed/test/Edmund_Stoiber/Edmund_Stoiber_0001.jpg,Edmund_Stoiber,Ariel_Sharon,False,0.014654001221060753,0.2530541503801942,0.4320195410400629,0.6850736914202571,2.468884363770485,1.6133146360516548,27.04145908355713,31.808731774799526,68.19126605987549
./data/processed/test/Edmund_Stoiber/Edmund_Stoiber_0010.jpg,Edmund_Stoiber,Ariel_Sharon,False,0.01686403527855873,0.13575402554124594,0.18326599383726716,0.3190200193785131,1.6423745080828667,0.676714489236474,20.986978709697723,23.625087726395577,76.37490630149841
./data/processed/test/Edmund_Stoiber/Edmund_Stoiber_0012.jpg,Edmund_Stoiber,Rudolph_Giuliani,False,0.013700931333005428,0.5046586506068707,0.43072854168713093,0.9353871922940016,3.654782846570015,1.222116593271494,39.37496542930603,45.18725206144154,54.81274724006653
./data/processed/test/Eduardo_Duhalde/Eduardo_Duhalde_0001.jpg,Eduardo_Duhalde,Alejandro_Toledo,False,0.013519098982214928,0.10903783841058612,0.049293768825009465,0.15833160723559558,0.14816573821008205,0.11546378955245018,9.151183813810349,9.573144948808476,90.42686820030212
./data/processed/test/Eduardo_Duhalde/Eduardo_Duhalde_0010.jpg,Eduardo_Duhalde,Eduardo_Duhalde,True,0.011981494724750519,0.24621635675430298,0.39285249076783657,0.6390688475221395,2.109411731362343,0.6628934759646654,30.078917741775513,33.49029179662466,66.50970578193665
./data/processed/test/Eduardo_Duhalde/Eduardo_Duhalde_0012.jpg,Eduardo_Duhalde,Alejandro_Toledo,False,0.015081162564456463,0.24274669121950865,0.2698744647204876,0.5126211559399962,1.5556874684989452,0.3658764064311981,16.52207374572754,18.95625877659768,81.04373216629028
./data/processed/test/Fidel_Castro/Fidel_Castro_0001.jpg,Fidel_Castro,Fidel_Castro,True,0.0147992679849267,0.28871961403638124,0.25768796913325787,0.5464075831696391,2.470882050693035,1.446816511452198,25.718501210212708,30.18260735552758,69.81739401817322
./data/processed/test/Fidel_Castro/Fidel_Castro_0002.jpg,Fidel_Castro,Fidel_Castro,True,0.013782274909317493,0.019577004422899336,0.0,0.019577004422899336,0.23575287777930498,0.44800848700106144,7.242146134376526,7.945484503579792,92.05451011657715
./data/processed/test/Fidel_Castro/Fidel_Castro_0006.jpg,Fidel_Castro,Fidel_Castro,True,0.014873355627059937,0.3011448308825493,0.36029445473104715,0.6614392856135964,2.3708930239081383,1.1291628703474998,26.430469751358032,30.591964931227267,69.40803527832031
./data/processed/test/Fidel_Castro/Fidel_Castro_0009.jpg,Fidel_Castro,Fidel_Castro,True,0.014851534739136696,0.29691385570913553,0.6606485228985548,0.9575623786076903,3.249959647655487,0.847210269421339,36.920350790023804,41.97508308570832,58.02493095397949
./data/processed/test/George_HW_Bush/George_HW_Bush_0001.jpg,George_HW_Bush,Gerhard_Schroeder,False,0.012920280918478966,0.0841558154206723,0.14768694527447224,0.23184276069514453,1.3148142956197262,0.9130341000854969,25.661394000053406,28.121085156453773,71.87891602516174
./data/processed/test/George_HW_Bush/George_HW_Bush_0010.jpg,George_HW_Bush,Gerhard_Schroeder,False,0.01238996721804142,0.06811432540416718,0.05069233011454344,0.11880665551871061,0.6264090538024902,0.8357496000826359,14.391039311885834,15.97200462128967,84.02798771858215
./data/processed/test/George_HW_Bush/George_HW_Bush_0012.jpg,George_HW_Bush,George_HW_Bush,True,0.012938008643686771,0.03415443643461913,0.024397799279540777,0.058552235714159906,0.6776319816708565,1.6258735209703445,16.188298165798187,18.550355904153548,81.44963383674622
./data/processed/test/George_Robertson/George_Robertson_0001.jpg,George_Robertson,Gerhard_Schroeder,False,0.025089247152209282,0.5258920136839151,0.8896348997950554,1.4155269134789705,4.731075465679169,2.1786414086818695,48.01551103591919,56.3407548237592,43.65924894809723
./data/processed/test/George_Robertson/George_Robertson_0002.jpg,George_Robertson,Gerhard_Schroeder,False,0.01936175301671028,0.7389920298010111,0.9774778038263321,1.7164698336273432,4.922369867563248,1.0404233820736408,52.23284363746643,59.91210672073066,40.087899565696716
./data/processed/test/George_Robertson/George_Robertson_0009.jpg,George_Robertson,George_Robertson,True,0.018198620527982712,0.05445300485007465,0.09658790077082813,0.15104090562090278,0.6590009201318026,0.43619638308882713,14.447002112865448,15.69324032170698,84.30676460266113
./data/processed/test/George_Robertson/George_Robertson_0014.jpg,George_Robertson,Gerhard_Schroeder,False,0.026938213035464287,0.8308060467243195,0.7970761507749557,1.6278821974992752,5.776073411107063,1.7708627507090569,60.07574796676636,69.25056632608175,30.74943721294403
./data/processed/test/George_Robertson/George_Robertson_0016.jpg,George_Robertson,Gerhard_Schroeder,False,0.021385297179222107,0.7297760806977749,0.8429849520325661,1.572761032730341,4.62406799197197,1.4205182902514935,46.741783618927,54.359130933880806,45.640867948532104
./data/processed/test/George_W_Bush/George_W_Bush_0001.jpg,George_W_Bush,George_W_Bush,True,0.22179152071475983,0.061058858409523964,0.05434855702333152,0.11540741543285549,0.048179199802689254,0.006685747212031856,5.475990474224091,5.646262836671667,94.35374140739441
./data/processed/test/George_W_Bush/George_W_Bush_0003.jpg,George_W_Bush,George_W_Bush,True,0.22155164182186127,0.036356670898385346,0.03828351036645472,0.07464018126484007,0.05102003342472017,0.11810151627287269,4.386851191520691,4.630612922483124,95.36938071250916
./data/processed/test/George_W_Bush/George_W_Bush_0007.jpg,George_W_Bush,George_W_Bush,True,0.2218352109193802,0.33198308665305376,0.3978738095611334,0.7298568962141871,1.9824087619781494,0.5487233866006136,22.839447855949402,26.100436900742352,73.89956712722778
./data/processed/test/George_W_Bush/George_W_Bush_0010.jpg,George_W_Bush,George_W_Bush,True,0.22162304818630219,0.02927808673121035,0.045383168617263436,0.07466125534847379,0.0666781619656831,0.049562822096049786,6.996256858110428,7.1871590975206345,92.81284809112549
./data/processed/test/George_W_Bush/George_W_Bush_0011.jpg,George_W_Bush,George_W_Bush,True,0.22177426517009735,0.04374530981294811,0.040466547943651676,0.08421185775659978,0.048057184903882444,0.03185690729878843,7.207594066858292,7.371720016817562,92.62827634811401
./data/processed/test/George_W_Bush/George_W_Bush_0012.jpg,George_W_Bush,George_W_Bush,True,0.22181949019432068,0.057625549379736185,0.07066765101626515,0.12829320039600134,0.08380063227377832,0.12969319941475987,5.5009592324495316,5.842746264534071,94.15724873542786
./data/processed/test/George_W_Bush/George_W_Bush_0016.jpg,George_W_Bush,George_W_Bush,True,0.22175393998622894,0.06288803997449577,0.0632350449450314,0.12612308491952717,0.043118916801176965,0.027245897217653692,4.324723035097122,4.52121093403548,95.47878503799438
./data/processed/test/George_W_Bush/George_W_Bush_0019.jpg,George_W_Bush,George_W_Bush,True,0.2216736078262329,0.04827367956750095,0.048699582112021744,0.0969732616795227,0.0640155398286879,0.0581812986638397,5.414824560284615,5.633994660456665,94.36601996421814
./data/processed/test/George_W_Bush/George_W_Bush_0023.jpg,George_W_Bush,George_W_Bush,True,0.2212657779455185,0.017100333934649825,0.05663769552484155,0.07373802945949137,0.03627112600952387,0.0011402968084439635,4.221133515238762,4.332282967516221,95.66771388053894
./data/processed/test/George_W_Bush/George_W_Bush_0031.jpg,George_W_Bush,George_W_Bush,True,0.22175267338752747,0.04461577336769551,0.0691504159476608,0.11376618931535631,0.09063809993676841,0.16064976807683706,6.17527961730957,6.540333674638532,93.45966577529907
./data/processed/test/George_W_Bush/George_W_Bush_0034.jpg,George_W_Bush,George_W_Bush,True,0.2217082381248474,0.0540654466021806,0.06932903197593987,0.12339447857812047,0.04377130244392902,0.03447638591751456,6.926140189170837,7.1277823561104015,92.87222027778625
./data/processed/test/George_W_Bush/George_W_Bush_0040.jpg,George_W_Bush,George_W_Bush,True,0.2213309407234192,0.04813120176550001,0.05830953596159816,0.10644073772709817,0.04971652524545789,0.013912233407609165,4.6365369111299515,4.806606407510117,95.19339799880981
./data/processed/test/George_W_Bush/George_W_Bush_0047.jpg,George_W_Bush,George_W_Bush,True,0.22158382833003998,0.14627891359850764,0.10091010481119156,0.2471890184096992,0.9045140817761421,0.27457084506750107,13.106203079223633,14.532477024476975,85.467529296875
./data/processed/test/George_W_Bush/George_W_Bush_0056.jpg,George_W_Bush,George_W_Bush,True,0.22181078791618347,0.03827632463071495,0.04010024422314018,0.07837656885385513,0.050751917297020555,0.09195979218930006,4.515634104609489,4.736722382949665,95.26327252388
./data/processed/test/George_W_Bush/George_W_Bush_0064.jpg,George_W_Bush,George_W_Bush,True,0.22175142168998718,0.0638599565718323,0.0701900920830667,0.134050048654899,0.04702996229752898,0.0193818865227513,5.200592428445816,5.401054325920995,94.59895491600037
./data/processed/test/George_W_Bush/George_W_Bush_0069.jpg,George_W_Bush,George_W_Bush,True,0.2217199206352234,0.0753396365325898,0.05659557646140456,0.13193521299399436,0.42446679435670376,0.2926528686657548,5.48933707177639,6.338391947792843,93.66160035133362
./data/processed/test/George_W_Bush/George_W_Bush_0071.jpg,George_W_Bush,George_W_Bush,True,0.21346576511859894,0.46483795158565044,0.4618552979081869,0.9266932494938374,5.183204263448715,1.374165527522564,53.5800039768219,61.064067017287016,38.935938477516174
./data/processed/test/George_W_Bush/George_W_Bush_0073.jpg,George_W_Bush,George_W_Bush,True,0.22114382684230804,0.0873058452270925,0.10429578833281994,0.19160163355991244,0.6214296445250511,0.17169957282021642,12.374843657016754,13.359574507921934,86.64043545722961
./data/processed/test/George_W_Bush/George_W_Bush_0074.jpg,George_W_Bush,George_W_Bush,True,0.22177435457706451,0.17653959803283215,0.19961358048021793,0.3761531785130501,1.0526620782911777,0.30605539213865995,13.407847285270691,15.142717934213579,84.85727906227112
./data/processed/test/George_W_Bush/George_W_Bush_0076.jpg,George_W_Bush,George_W_Bush,True,0.2218308448791504,0.036795862251892686,0.06814324879087508,0.10493911104276776,0.04525839758571237,0.01337544817943126,7.208012044429779,7.3715850012376904,92.62840747833252
./data/processed/test/George_W_Bush/George_W_Bush_0077.jpg,George_W_Bush,George_W_Bush,True,0.22179731726646423,0.040908376104198396,0.04747397033497691,0.08838234643917531,0.05649516824632883,0.012744966079480946,4.514172673225403,4.671795153990388,95.32820582389832
./data/processed/test/George_W_Bush/George_W_Bush_0078.jpg,George_W_Bush,George_W_Bush,True,0.22180058062076569,0.06553505081683397,0.08139788405969739,0.14693293487653136,0.07590841269120574,0.11256407015025616,6.810668855905533,7.146074273623526,92.85391569137573
./data/processed/test/George_W_Bush/George_W_Bush_0079.jpg,George_W_Bush,George_W_Bush,True,0.22176389396190643,0.04864835646003485,0.07205004221759737,0.12069839867763221,0.06708104046992958,0.06597579922527075,5.190782621502876,5.444537859875709,94.55547332763672
./data/processed/test/George_W_Bush/George_W_Bush_0080.jpg,George_W_Bush,George_W_Bush,True,0.22173047065734863,0.05586723564192653,0.07678747642785311,0.13265471206977963,0.03059148439206183,0.00397290859837085,5.264796316623688,5.4320154216839,94.56798434257507
./data/processed/test/George_W_Bush/George_W_Bush_0083.jpg,George_W_Bush,George_W_Bush,True,0.22182418406009674,0.04361370811238885,0.06801961571909487,0.11163332383148372,0.04039534542243928,0.01885125384433195,5.284139513969421,5.455019437067676,94.5449709892273
./data/processed/test/George_W_Bush/George_W_Bush_0085.jpg,George_W_Bush,George_W_Bush,True,0.2216348499059677,0.040152278961613774,0.03782764542847872,0.07797992439009249,0.13824853813275695,0.4054921679198742,6.857356429100037,7.47907705954276,92.52092838287354
./data/processed/test/George_W_Bush/George_W_Bush_0090.jpg,George_W_Bush,George_W_Bush,True,0.22158502042293549,0.07849534740671515,0.07106470875442028,0.14956005616113544,0.04138651129323989,0.0009115688044403214,6.320181488990784,6.512039625249599,93.48796010017395
./data/processed/test/George_W_Bush/George_W_Bush_0091.jpg,George_W_Bush,George_W_Bush,True,0.22163139283657074,0.10681136045604944,0.112675700802356,0.21948706125840545,0.04498244670685381,0.0006810927970946068,7.018354535102844,7.283505135865198,92.71649718284607
./data/processed/test/George_W_Bush/George_W_Bush_0094.jpg,George_W_Bush,George_W_Bush,True,0.22148333489894867,0.024052690423559397,0.05070784245617688,0.07476053287973627,0.08714470313861966,0.14395583420991898,5.650457367300987,5.956318437529262,94.04367208480835
./data/processed/test/George_W_Bush/George_W_Bush_0102.jpg,George_W_Bush,George_W_Bush,True,0.2217804491519928,0.04583889385685325,0.03264888655394316,0.0784877804107964,0.10225735604763031,0.14976225793361664,5.915016680955887,6.24552407534793,93.75447034835815
./data/processed/test/George_W_Bush/George_W_Bush_0105.jpg,George_W_Bush,George_W_Bush,True,0.22183959186077118,0.045649209641851485,0.03994851722382009,0.08559772686567158,0.09946795180439949,0.25895540602505207,7.3325470089912415,7.776568093686365,92.22343564033508
./data/processed/test/George_W_Bush/George_W_Bush_0118.jpg,George_W_Bush,George_W_Bush,True,0.22161898016929626,0.04934665048494935,0.05770152201876044,0.1070481725037098,0.044252039515413344,0.009227164991898462,5.252929404377937,5.413456781388959,94.58653926849365
./data/processed/test/George_W_Bush/George_W_Bush_0132.jpg,George_W_Bush,George_W_Bush,True,0.2214808315038681,0.037063597119413316,0.047311492380686104,0.08437508950009942,0.03929484519176185,0.00046586478674726095,4.695769399404526,4.819905198883134,95.18009424209595
./data/processed/test/George_W_Bush/George_W_Bush_0133.jpg,George_W_Bush,George_W_Bush,True,0.22181355953216553,0.04532829625532031,0.06796372472308576,0.11329202097840607,0.04619929241016507,0.006107806257205084,4.008685797452927,4.174284917098703,95.82570791244507
./data/processed/test/George_W_Bush/George_W_Bush_0141.jpg,George_W_Bush,George_W_Bush,True,0.2216835916042328,0.04492255102377385,0.0516605912707746,0.09658314229454845,0.06020396831445396,0.058503757463768125,4.934050515294075,5.1493413833668455,94.85065937042236
./data/processed/test/George_W_Bush/George_W_Bush_0149.jpg,George_W_Bush,George_W_Bush,True,0.22165359556674957,0.05910335457883775,0.05418223445303738,0.11328558903187513,0.07478854386135936,0.05894519272260368,5.716736614704132,5.96375594031997,94.03625726699829
./data/processed/test/George_W_Bush/George_W_Bush_0155.jpg,George_W_Bush,George_W_Bush,True,0.22166085243225098,0.04968412686139345,0.06120422622188926,0.11088835308328271,0.1078905537724495,0.19499169429764152,5.778008326888084,6.191778928041458,93.80822777748108
./data/processed/test/George_W_Bush/George_W_Bush_0159.jpg,George_W_Bush,George_W_Bush,True,0.2215164750814438,0.041411188431084156,0.04777362628374249,0.08918481471482664,0.0895838369615376,0.0953367620240897,6.014993786811829,6.2890992005122826,93.71089339256287
./data/processed/test/George_W_Bush/George_W_Bush_0168.jpg,George_W_Bush,George_W_Bush,True,0.22165992856025696,0.042826205026358366,0.07153850165195763,0.114364706678316,0.03383212606422603,0.009067953942576423,5.1454149186611176,5.302679705346236,94.69731450080872
./data/processed/test/George_W_Bush/George_W_Bush_0173.jpg,George_W_Bush,George_W_Bush,True,0.2217506766319275,0.043685929267667234,0.06545454380102456,0.10914047306869179,0.04795345012098551,0.007993455801624805,5.183471739292145,5.348559118283447,94.6514368057251
./data/processed/test/George_W_Bush/George_W_Bush_0181.jpg,George_W_Bush,George_W_Bush,True,0.22179560363292694,0.030711106956005096,0.030244316440075636,0.06095542339608073,0.07879161275923252,0.08365811663679779,4.532696306705475,4.756101459497586,95.243901014328
./data/processed/test/George_W_Bush/George_W_Bush_0183.jpg,George_W_Bush,George_W_Bush,True,0.2130315750837326,0.01605877187103033,0.011060194810852408,0.02711896668188274,0.013518519699573517,0.006919934821780771,2.568032033741474,2.615589454944711,97.3844051361084
./data/processed/test/George_W_Bush/George_W_Bush_0185.jpg,George_W_Bush,George_W_Bush,True,0.22163419425487518,0.049966078950092196,0.07321228040382266,0.12317835935391486,0.03792915667872876,0.006806028250139207,5.154014006257057,5.32192755053984,94.67807412147522
./data/processed/test/George_W_Bush/George_W_Bush_0186.jpg,George_W_Bush,George_W_Bush,True,0.22186534106731415,0.04168331506662071,0.04673466901294887,0.08841798407956958,0.08504126453772187,0.09758637752383947,5.669689550995827,5.940735177136958,94.05927658081055
./data/processed/test/George_W_Bush/George_W_Bush_0193.jpg,George_W_Bush,George_W_Bush,True,0.22165614366531372,0.04521668597590178,0.04756037087645382,0.0927770568523556,0.038093136390671134,0.0037931211409159005,3.3915508538484573,3.5262141682324,96.47378921508789
./data/processed/test/George_W_Bush/George_W_Bush_0196.jpg,George_W_Bush,George_W_Bush,True,0.11821125447750092,0.27304370887577534,0.0,0.27304370887577534,0.3559495322406292,0.3202820662409067,8.326038718223572,9.275314025580883,90.72467088699341
./data/processed/test/George_W_Bush/George_W_Bush_0205.jpg,George_W_Bush,George_W_Bush,True,0.22143565118312836,0.010006150114350021,0.045789338764734566,0.05579548887908459,0.030449213227257133,0.03268324944656342,4.17989008128643,4.2988180328393355,95.70448398590088
./data/processed/test/George_W_Bush/George_W_Bush_0210.jpg,George_W_Bush,George_W_Bush,True,0.221535325050354,0.0416401686379686,0.05041066906414926,0.09205083770211786,0.10933243902400136,0.191072269808501,6.552332639694214,6.944788186228834,93.05521249771118
./data/processed/test/George_W_Bush/George_W_Bush_0219.jpg,George_W_Bush,George_W_Bush,True,0.21987438201904297,0.01852263230830431,0.0,0.01852263230830431,0.0003058023594348924,0.0018241122234030627,2.7458570897579193,2.7665096366490616,97.23348617553711
./data/processed/test/George_W_Bush/George_W_Bush_0223.jpg,George_W_Bush,George_W_Bush,True,0.22167713940143585,0.04906976246275008,0.05218062433414161,0.10125038679689169,0.0461755262222141,0.010870780533878133,4.478452727198601,4.636749420751585,95.36324739456177
./data/processed/test/George_W_Bush/George_W_Bush_0226.jpg,George_W_Bush,George_W_Bush,True,0.22171834111213684,0.061195227317512035,0.08142925798892975,0.14262448530644178,0.04425196966622025,0.00013251285508886212,6.14088699221611,6.327895960043861,93.67209076881409
./data/processed/test/George_W_Bush/George_W_Bush_0228.jpg,George_W_Bush,George_W_Bush,True,0.22161570191383362,0.025637607905082405,0.03403744485694915,0.059675052762031555,0.10319199645891786,0.13467121170833707,6.821856647729874,7.11939490865916,92.88060069084167
./data/processed/test/George_W_Bush/George_W_Bush_0235.jpg,George_W_Bush,George_W_Bush,True,0.22163550555706024,0.06475429981946945,0.0592574302572757,0.12401173007674515,0.03574081929400563,0.011275919678155333,4.297428950667381,4.468457419716287,95.5315351486206
./data/processed/test/George_W_Bush/George_W_Bush_0238.jpg,George_W_Bush,George_W_Bush,True,0.22172503173351288,0.04362781473901123,0.05550678470171988,0.09913459944073111,0.08724015206098557,0.18853029469028115,6.2258075922727585,6.600712638464756,93.3992862701416
./data/processed/test/George_W_Bush/George_W_Bush_0239.jpg,George_W_Bush,George_W_Bush,True,0.22151914238929749,0.04554973857011646,0.05029363674111664,0.0958433753112331,0.08673960692249238,0.07116252090781927,5.782664194703102,6.036409697844647,93.96359324455261
./data/processed/test/George_W_Bush/George_W_Bush_0258.jpg,George_W_Bush,George_W_Bush,True,0.22178050875663757,0.09369422914460301,0.11077483650296926,0.20446906564757228,0.03929153026547283,0.008282171620521694,6.203121691942215,6.455164459475782,93.54483485221863
./data/processed/test/George_W_Bush/George_W_Bush_0269.jpg,George_W_Bush,George_W_Bush,True,0.2215413898229599,0.04797893634531647,0.055508833611384034,0.1034877699567005,0.04259741981513798,0.004934946628054604,5.112660303711891,5.263680440111784,94.73632574081421
./data/processed/test/George_W_Bush/George_W_Bush_0272.jpg,George_W_Bush,George_W_Bush,True,0.2215254306793213,0.036932542570866644,0.05131338839419186,0.0882459309650585,0.0844389433041215,0.08673177217133343,5.040467903017998,5.299884549458511,94.70011591911316
./data/processed/test/George_W_Bush/George_W_Bush_0288.jpg,George_W_Bush,George_W_Bush,True,0.22188539803028107,0.03849686763714999,0.03866391198243946,0.07716077961958945,0.152730627451092,0.2385284984484315,8.023162186145782,8.491582091664895,91.50842428207397
./data/processed/test/George_W_Bush/George_W_Bush_0290.jpg,George_W_Bush,George_W_Bush,True,0.22155192494392395,0.1809828681871295,0.2026561414822936,0.3836390096694231,1.049830112606287,0.21932469680905342,14.492292702198029,16.145086521282792,83.85491967201233
./data/processed/test/George_W_Bush/George_W_Bush_0298.jpg,George_W_Bush,George_W_Bush,True,0.22179697453975677,0.06104717031121254,0.06002633017487824,0.12107350048609078,0.04329039074946195,0.011274670396232978,4.715577140450478,4.891215702082263,95.10877728462219
./data/processed/test/George_W_Bush/George_W_Bush_0300.jpg,George_W_Bush,George_W_Bush,True,0.22171317040920258,0.04510362050496042,0.04683766746893525,0.09194128797389567,0.04777892318088561,0.008990441710921004,4.652444273233414,4.801154926099116,95.19885182380676
./data/processed/test/George_W_Bush/George_W_Bush_0302.jpg,George_W_Bush,George_W_Bush,True,0.22190459072589874,0.06828465848229825,0.08747783722355962,0.15576249570585787,0.04212437488604337,0.006942354229977354,5.275481194257736,5.480310419079615,94.51968669891357
./data/processed/test/George_W_Bush/George_W_Bush_0317.jpg,George_W_Bush,George_W_Bush,True,0.2167331427335739,0.7663711439818144,0.7200339809060097,1.486405124887824,7.306846231222153,1.685132458806038,66.12628698348999,76.604670798406,23.39532971382141
./data/processed/test/George_W_Bush/George_W_Bush_0319.jpg,George_W_Bush,George_W_Bush,True,0.22168011963367462,0.05688990349881351,0.05088343168608844,0.10777333518490195,0.03972409467678517,0.020638579735532403,5.312285199761391,5.48042120935861,94.51956748962402
./data/processed/test/George_W_Bush/George_W_Bush_0323.jpg,George_W_Bush,George_W_Bush,True,0.22153405845165253,0.2504778793081641,0.28714730869978666,0.5376251880079508,2.2191334515810013,0.5104850977659225,24.292096495628357,27.55934023298323,72.44065403938293
./data/processed/test/George_W_Bush/George_W_Bush_0335.jpg,George_W_Bush,George_W_Bush,True,0.2217220664024353,0.0548879150301218,0.07380133611150086,0.12868925114162266,0.07503379019908607,0.08453088812530041,6.810519844293594,7.0987737737596035,92.90122389793396
./data/processed/test/George_W_Bush/George_W_Bush_0336.jpg,George_W_Bush,George_W_Bush,True,0.221489816904068,0.12406675377860665,0.11519264662638307,0.23925940040498972,0.7184674497693777,0.1435494632460177,9.764174371957779,10.865450685378164,89.13455605506897
./data/processed/test/George_W_Bush/George_W_Bush_0339.jpg,George_W_Bush,George_W_Bush,True,0.22147367894649506,0.08918492239899933,0.07973987376317382,0.16892479616217315,0.021688180277124047,0.0,6.168283894658089,6.358896871097386,93.64109635353088
./data/processed/test/George_W_Bush/George_W_Bush_0341.jpg,George_W_Bush,George_W_Bush,True,0.22175072133541107,0.06297666695900261,0.069273984991014,0.13225065195001662,0.04777107387781143,0.004631946649169549,4.948356002569199,5.133009675046196,94.86698508262634
./data/processed/test/George_W_Bush/George_W_Bush_0342.jpg,George_W_Bush,George_W_Bush,True,0.2216341346502304,0.03558557655196637,0.04936025361530483,0.0849458301672712,0.044920414802618325,0.025897021987475455,4.472527280449867,4.628290547407232,95.3717052936554
./data/processed/test/George_W_Bush/George_W_Bush_0347.jpg,George_W_Bush,George_W_Bush,True,0.2207832932472229,0.639846920967102,0.6300696171820164,1.2699165381491184,5.013261362910271,1.5047773718833923,48.532599210739136,56.32055448368192,43.67944300174713
./data/processed/test/George_W_Bush/George_W_Bush_0348.jpg,George_W_Bush,George_W_Bush,True,0.2211470603942871,0.04733673995360732,0.04724104073829949,0.09457778069190681,0.04202256095595658,0.0048666279326425865,5.3842198103666306,5.5256867799471365,94.47431564331055
./data/processed/test/George_W_Bush/George_W_Bush_0358.jpg,George_W_Bush,George_W_Bush,True,0.221699520945549,0.0424519763328135,0.04652836360037327,0.08898033993318677,0.047585347783751786,0.015050107322167605,3.57174314558506,3.7233589406241663,96.27664685249329
./data/processed/test/George_W_Bush/George_W_Bush_0366.jpg,George_W_Bush,George_W_Bush,True,0.22148621082305908,0.2442353405058384,0.25655331555753946,0.5007886560633779,1.387788262218237,0.32822107896208763,16.57446175813675,18.79125975538045,81.208735704422
./data/processed/test/George_W_Bush/George_W_Bush_0368.jpg,George_W_Bush,George_W_Bush,True,0.22154326736927032,0.030942296143621206,0.054161896696314216,0.08510419283993542,0.031599969952367246,0.04026240203529596,8.229469507932663,8.386436072760262,91.61355495452881
./data/processed/test/George_W_Bush/George_W_Bush_0399.jpg,George_W_Bush,George_W_Bush,True,0.22142143547534943,0.05140759749338031,0.05541782593354583,0.10682542342692614,0.05052013439126313,0.021183636272326112,4.82558012008667,5.004109314177185,94.99589800834656
./data/processed/test/George_W_Bush/George_W_Bush_0403.jpg,George_W_Bush,George_W_Bush,True,0.22160694003105164,0.06736714276485145,0.07569635636173189,0.14306349912658334,0.0480648159282282,0.021316645143087953,5.252603814005852,5.465048774203751,94.53494548797607
./data/processed/test/George_W_Bush/George_W_Bush_0407.jpg,George_W_Bush,George_W_Bush,True,0.22176213562488556,0.043008034117519855,0.04816055588889867,0.09116859000641853,0.03991944249719381,0.012740714009851217,4.706555604934692,4.850384351448156,95.14961838722229
./data/processed/test/George_W_Bush/George_W_Bush_0421.jpg,George_W_Bush,George_W_Bush,True,0.22172760963439941,0.17274206038564444,0.1575529226101935,0.3302949829958379,0.9710276499390602,0.48888749442994595,13.176880776882172,14.967090904247016,85.03291010856628
./data/processed/test/George_W_Bush/George_W_Bush_0432.jpg,George_W_Bush,George_W_Bush,True,0.22166083753108978,0.03557929303497076,0.05357674090191722,0.08915603393688798,0.08003955008462071,0.08896872750483453,6.4795710146427155,6.737735326169059,93.26225519180298
./data/processed/test/George_W_Bush/George_W_Bush_0435.jpg,George_W_Bush,George_W_Bush,True,0.2216309905052185,0.06244213436730206,0.07879279437474906,0.14123492874205112,0.039737732731737196,0.0041866194806061685,4.883410036563873,5.068569317518268,94.93142366409302
./data/processed/test/George_W_Bush/George_W_Bush_0447.jpg,George_W_Bush,George_W_Bush,True,0.217238649725914,0.5507598631083965,0.48838783986866474,1.0391477029770613,5.808226019144058,1.823342964053154,53.291016817092896,61.96173350326717,38.03826570510864
./data/processed/test/George_W_Bush/George_W_Bush_0448.jpg,George_W_Bush,George_W_Bush,True,0.219559907913208,0.02412869071122259,0.025852478574961424,0.04998116928618401,0.13033340219408274,0.15368370804935694,4.643807932734489,4.977806212264113,95.02219557762146
./data/processed/test/George_W_Bush/George_W_Bush_0457.jpg,George_W_Bush,George_W_Bush,True,0.2217479944229126,0.04674990486819297,0.050388911040499806,0.09713881590869278,0.06921661552041769,0.03318966773804277,4.762677103281021,4.962222202448174,95.03778219223022
./data/processed/test/George_W_Bush/George_W_Bush_0463.jpg,George_W_Bush,George_W_Bush,True,0.22172962129116058,0.0348418892826885,0.0400968361645937,0.0749387254472822,0.09099841117858887,0.20178246777504683,6.087492033839226,6.455211638240144,93.54478716850281
./data/processed/test/George_W_Bush/George_W_Bush_0470.jpg,George_W_Bush,George_W_Bush,True,0.22181664407253265,0.048279858310706913,0.06364089786075056,0.11192075617145747,0.053807313088327646,0.05620958982035518,5.534891784191132,5.756829443271272,94.2431628704071
./data/processed/test/George_W_Bush/George_W_Bush_0472.jpg,George_W_Bush,George_W_Bush,True,0.22177323698997498,0.04244244773872197,0.060471793403849006,0.10291424114257097,0.07179808453656733,0.16454224241897464,5.955680087208748,6.294934655306861,93.70506405830383
./data/processed/test/George_W_Bush/George_W_Bush_0474.jpg,George_W_Bush,George_W_Bush,True,0.22166918218135834,0.05655576242133975,0.06493229302577674,0.1214880554471165,0.050709606148302555,0.008511546911904588,4.636110365390778,4.816819573898101,95.18317580223083
./data/processed/test/George_W_Bush/George_W_Bush_0477.jpg,George_W_Bush,George_W_Bush,True,0.22164414823055267,0.03733184712473303,0.040742853889241815,0.07807470101397485,0.10761483572423458,0.14197222189977765,6.2993742525577545,6.627036011195742,93.37295293807983
./data/processed/test/George_W_Bush/George_W_Bush_0485.jpg,George_W_Bush,George_W_Bush,True,0.22177642583847046,0.05763935623690486,0.07009218679741025,0.1277315430343151,0.04110158479306847,0.004067751069669612,4.378155991435051,4.551056870332104,95.44894099235535
./data/processed/test/George_W_Bush/George_W_Bush_0497.jpg,George_W_Bush,George_W_Bush,True,0.2214539349079132,0.07199572282843292,0.09859276469796896,0.17058848752640188,0.05619401345029473,0.005931292980676517,4.9807582050561905,5.213471999013564,94.78651881217957
./data/processed/test/George_W_Bush/George_W_Bush_0501.jpg,George_W_Bush,George_W_Bush,True,0.22183145582675934,0.05252154660411179,0.06452249363064766,0.11704404023475945,0.10178787633776665,0.08809154387563467,6.372415274381638,6.679338734829798,93.3206558227539
./data/processed/test/George_W_Bush/George_W_Bush_0502.jpg,George_W_Bush,George_W_Bush,True,0.22172793745994568,0.03225150576326996,0.04383897758089006,0.07609048334416002,0.08745801169425249,0.10524069657549262,5.643900111317635,5.91268930293154,94.08731460571289
./data/processed/test/George_W_Bush/George_W_Bush_0505.jpg,George_W_Bush,George_W_Bush,True,0.22175216674804688,0.04915153840556741,0.07311863009817898,0.12227016850374639,0.06034746766090393,0.027783302357420325,4.987362399697304,5.197763338219374,94.80223059654236
./data/processed/test/George_W_Bush/George_W_Bush_0507.jpg,George_W_Bush,George_W_Bush,True,0.22135210037231445,0.05568958004005253,0.06260476657189429,0.11829434661194682,0.03718109801411629,0.00744049611967057,4.459996894001961,4.622912834747694,95.37708163261414
./data/processed/test/George_W_Bush/George_W_Bush_0511.jpg,George_W_Bush,George_W_Bush,True,0.22087262570858002,0.14183999737724662,0.13476659078150988,0.2766065881587565,1.5348042361438274,1.716335117816925,31.35243058204651,34.88017652416602,65.11982083320618
./data/processed/test/George_W_Bush/George_W_Bush_0512.jpg,George_W_Bush,George_W_Bush,True,0.22172094881534576,0.038731686072424054,0.04521287919487804,0.0839445652673021,0.0776121043600142,0.07962206727825105,5.796824395656586,6.038003132562153,93.96199584007263
./data/processed/test/George_W_Bush/George_W_Bush_0515.jpg,George_W_Bush,George_W_Bush,True,0.22165589034557343,0.05519143887795508,0.06112658302299678,0.11631802190095186,0.0393471127608791,0.008769208943704143,4.901454597711563,5.065888941317098,94.93411183357239
./data/processed/test/George_W_Bush/George_W_Bush_0517.jpg,George_W_Bush,George_W_Bush,True,0.22169677913188934,0.06432138034142554,0.07587901200167835,0.14020039234310389,0.044826004886999726,0.01648542529437691,4.5269675552845,4.728479377808981,95.2715277671814
./data/processed/test/George_W_Bush/George_W_Bush_0519.jpg,George_W_Bush,George_W_Bush,True,0.22177942097187042,0.05442224210128188,0.05775164463557303,0.11217388673685491,0.046007276978343725,0.026928255101665854,4.901447892189026,5.08655731100589,94.91345882415771
./data/processed/test/George_W_Bush/George_W_Bush_0520.jpg,George_W_Bush,George_W_Bush,True,0.22185125946998596,0.05985966417938471,0.057599833235144615,0.11745949741452932,0.06600216729566455,0.15979306772351265,6.467782706022263,6.811037438455969,93.18897128105164
./data/processed/test/George_W_Bush/George_W_Bush_0523.jpg,George_W_Bush,George_W_Bush,True,0.22172190248966217,0.0472389132482931,0.0537628133315593,0.1010017265798524,0.042270522681064904,0.009855819371296093,4.538112133741379,4.691240202373592,95.3087568283081
./data/processed/test/George_W_Bush/George_W_Bush_0524.jpg,George_W_Bush,George_W_Bush,True,0.22155828773975372,0.04560179659165442,0.04885574453510344,0.09445754112675786,0.04366744833532721,0.003911476596840657,3.782723844051361,3.924760310110287,96.07524275779724
./data/processed/test/George_W_Bush/George_W_Bush_0526.jpg,George_W_Bush,George_W_Bush,True,0.221875861287117,0.05110165220685303,0.04720166325569153,0.09830331546254456,0.06570483092218637,0.05136169493198395,4.9399130046367645,5.155282845953479,94.84471082687378
./data/processed/test/George_W_Bush/George_W_Bush_0530.jpg,George_W_Bush,George_W_Bush,True,0.221324160695076,0.15006293542683125,0.14006203273311257,0.2901249681599438,1.2758098542690277,0.5264223087579012,18.695585429668427,20.7879425608553,79.21205759048462
./data/processed/test/Gerhard_Schroeder/Gerhard_Schroeder_0001.jpg,Gerhard_Schroeder,Gerhard_Schroeder,True,0.06631849706172943,0.660434365272522,0.6359147373586893,1.2963491026312113,5.7749491184949875,2.3445552214980125,52.453601360321045,61.869454802945256,38.13055455684662
./data/processed/test/Gerhard_Schroeder/Gerhard_Schroeder_0005.jpg,Gerhard_Schroeder,Gerhard_Schroeder,True,0.06640515476465225,0.21136975847184658,0.19195799250155687,0.40332775097340345,1.4635506086051464,0.8820039220154285,14.525051414966583,17.27393369656056,82.7260673046112
./data/processed/test/Gerhard_Schroeder/Gerhard_Schroeder_0011.jpg,Gerhard_Schroeder,Gerhard_Schroeder,True,0.06642702221870422,0.2622572472319007,0.13024144573137164,0.39249869296327233,1.528356783092022,0.7959619164466858,15.52361249923706,18.24042989173904,81.75957202911377
./data/processed/test/Gerhard_Schroeder/Gerhard_Schroeder_0012.jpg,Gerhard_Schroeder,Gerhard_Schroeder,True,0.06643015891313553,0.4822980612516403,0.54181725718081,1.0241153184324503,4.660311713814735,1.245496142655611,46.87269628047943,53.80261945538223,46.19738161563873
./data/processed/test/Gerhard_Schroeder/Gerhard_Schroeder_0013.jpg,Gerhard_Schroeder,Gerhard_Schroeder,True,0.06623180955648422,0.5200640764087439,0.6051163654774427,1.1251804418861866,4.618996009230614,1.1241035535931587,47.80866205692291,54.67694206163287,45.32305300235748
./data/processed/test/Gerhard_Schroeder/Gerhard_Schroeder_0019.jpg,Gerhard_Schroeder,Gerhard_Schroeder,True,0.06639938056468964,0.7943992502987385,0.7072150241583586,1.501614274457097,6.220193579792976,2.613959461450577,50.41137337684631,60.747140692546964,39.252862334251404
./data/processed/test/Gerhard_Schroeder/Gerhard_Schroeder_0031.jpg,Gerhard_Schroeder,Gerhard_Schroeder,True,0.06643211841583252,0.025349290808662772,0.017316642333753407,0.04266593314241618,0.027131481328979135,0.03078965237364173,3.521142527461052,3.621729594306089,96.37826681137085
./data/processed/test/Gerhard_Schroeder/Gerhard_Schroeder_0037.jpg,Gerhard_Schroeder,Gerhard_Schroeder,True,0.0647096112370491,0.0002299440893693827,0.18727697897702456,0.18750692306639394,0.9088998660445213,0.13504403177648783,4.613682255148888,5.845133076036291,94.15486454963684
./data/processed/test/Gerhard_Schroeder/Gerhard_Schroeder_0043.jpg,Gerhard_Schroeder,Gerhard_Schroeder,True,0.06646914035081863,0.6806866265833378,0.6432516500353813,1.323938276618719,4.981469362974167,1.900087483227253,40.99957346916199,49.205068591982126,50.794917345047
./data/processed/test/Gerhard_Schroeder/Gerhard_Schroeder_0046.jpg,Gerhard_Schroeder,Gerhard_Schroeder,True,0.06659430265426636,0.41591618210077286,0.3444960108026862,0.7604121929034591,3.170619159936905,0.8269533514976501,28.714123368263245,33.47210807260126,66.5278971195221
./data/processed/test/Gerhard_Schroeder/Gerhard_Schroeder_0057.jpg,Gerhard_Schroeder,Gerhard_Schroeder,True,0.0656629204750061,0.27499112766236067,0.2671662485226989,0.5421573761850595,3.553546220064163,1.9831685349345207,27.0418643951416,33.120736526325345,66.932612657547
./data/processed/test/Gerhard_Schroeder/Gerhard_Schroeder_0065.jpg,Gerhard_Schroeder,Gerhard_Schroeder,True,0.0666617825627327,0.2777073532342911,0.23562302812933922,0.5133303813636303,2.1790338680148125,0.5268482491374016,22.757959365844727,25.97717186436057,74.02282357215881
./data/processed/test/Gerhard_Schroeder/Gerhard_Schroeder_0069.jpg,Gerhard_Schroeder,Gerhard_Schroeder,True,0.06545822322368622,0.2586018992587924,0.2504577161744237,0.5090596154332161,1.8631331622600555,0.8735291659832001,20.762555301189423,24.008277244865894,75.99171996116638
./data/processed/test/Gerhard_Schroeder/Gerhard_Schroeder_0071.jpg,Gerhard_Schroeder,Gerhard_Schroeder,True,0.06373445689678192,0.3304569283500314,0.4527182783931494,0.7831752067431808,2.34982892870903,0.46281758695840836,28.170621395111084,31.766443117521703,68.23355555534363
./data/processed/test/Gerhard_Schroeder/Gerhard_Schroeder_0073.jpg,Gerhard_Schroeder,Gerhard_Schroeder,True,0.024823762476444244,0.385028962045908,0.35246233455836773,0.7374912966042757,2.5501854717731476,1.3340472243726254,28.984257578849792,33.60598157159984,66.39401316642761
./data/processed/test/Gerhard_Schroeder/Gerhard_Schroeder_0079.jpg,Gerhard_Schroeder,Gerhard_Schroeder,True,0.0663665309548378,0.007845474465284497,0.03159877669531852,0.03944425116060302,0.027106524794362485,0.06802805582992733,3.6143891513347626,3.7489679831196554,96.25102281570435
./data/processed/test/Gerhard_Schroeder/Gerhard_Schroeder_0080.jpg,Gerhard_Schroeder,Gerhard_Schroeder,True,0.06629794836044312,0.41091879829764366,0.4312265198677778,0.8421453181654215,5.113418400287628,2.3827193304896355,42.47976839542389,50.818051444366574,49.181950092315674
./data/processed/test/Gerhard_Schroeder/Gerhard_Schroeder_0081.jpg,Gerhard_Schroeder,Gerhard_Schroeder,True,0.06650537997484207,0.5221199709922075,0.4753613844513893,0.9974813554435968,4.299693554639816,0.9642266668379307,41.31849408149719,47.579895658418536,52.420103549957275
./data/processed/test/Gerhard_Schroeder/Gerhard_Schroeder_0082.jpg,Gerhard_Schroeder,Gerhard_Schroeder,True,0.066361203789711,0.08060896652750671,0.08471085457131267,0.16531982109881938,0.7493101060390472,0.278475577943027,10.405324399471283,11.598429904552177,88.4015679359436
./data/processed/test/Gerhard_Schroeder/Gerhard_Schroeder_0085.jpg,Gerhard_Schroeder,Gerhard_Schroeder,True,0.06661805510520935,0.3608337137848139,0.3691942198202014,0.7300279336050153,3.4853793680667877,1.3862447813153267,33.16088020801544,38.76253229100257,61.23746037483215
./data/processed/test/Gerhard_Schroeder/Gerhard_Schroeder_0097.jpg,Gerhard_Schroeder,Gerhard_Schroeder,True,0.0664738118648529,0.208813208155334,0.17143042059615254,0.38024362875148654,2.1489782258868217,0.6338159553706646,23.292766511440277,26.45580432144925,73.54419827461243
./data/processed/test/Gerhard_Schroeder/Gerhard_Schroeder_0108.jpg,Gerhard_Schroeder,Gerhard_Schroeder,True,0.06493032723665237,0.304559338837862,0.5867667030543089,0.8913260418921709,3.474186733365059,1.5422049909830093,43.06301772594452,48.97073549218476,51.21908187866211
./data/processed/test/Gloria_Macapagal_Arroyo/Gloria_Macapagal_Arroyo_0005.jpg,Gloria_Macapagal_Arroyo,Gloria_Macapagal_Arroyo,True,0.02834959514439106,0.08557990659028292,0.23463680408895016,0.3202167106792331,0.11087357997894287,0.06611335556954145,12.045640498399734,12.542844144627452,87.45716214179993
./data/processed/test/Gloria_Macapagal_Arroyo/Gloria_Macapagal_Arroyo_0009.jpg,Gloria_Macapagal_Arroyo,Gloria_Macapagal_Arroyo,True,0.02958446741104126,0.27020489796996117,0.2347799949347973,0.5049848929047585,2.3656120523810387,1.144129503518343,21.760760247707367,25.775486696511507,74.22451972961426
./data/processed/test/Gloria_Macapagal_Arroyo/Gloria_Macapagal_Arroyo_0013.jpg,Gloria_Macapagal_Arroyo,Gloria_Macapagal_Arroyo,True,0.02938724309206009,0.745081203058362,0.6519338581711054,1.3970150612294674,3.213955834507942,1.1015459895133972,33.00755023956299,38.720067124813795,61.2799346446991
./data/processed/test/Gloria_Macapagal_Arroyo/Gloria_Macapagal_Arroyo_0025.jpg,Gloria_Macapagal_Arroyo,Gloria_Macapagal_Arroyo,True,0.029437586665153503,0.823671743273735,0.9559386409819126,1.7796103842556477,5.206777900457382,1.3901605270802975,46.987175941467285,55.36372475326061,44.636279344558716
./data/processed/test/Gloria_Macapagal_Arroyo/Gloria_Macapagal_Arroyo_0026.jpg,Gloria_Macapagal_Arroyo,Gloria_Macapagal_Arroyo,True,0.02955160290002823,0.3530624322593212,0.3398117609322071,0.6928741931915283,2.1819300949573517,0.8255790919065475,25.32729208469391,29.027675464749336,70.97232341766357
./data/processed/test/Gloria_Macapagal_Arroyo/Gloria_Macapagal_Arroyo_0035.jpg,Gloria_Macapagal_Arroyo,Gloria_Macapagal_Arroyo,True,0.027753645554184914,0.3372126491740346,0.5333114415407181,0.8705240907147527,2.371653728187084,1.1046584695577621,28.41043770313263,32.75727399159223,67.24272966384888
./data/processed/test/Gloria_Macapagal_Arroyo/Gloria_Macapagal_Arroyo_0037.jpg,Gloria_Macapagal_Arroyo,Gloria_Macapagal_Arroyo,True,0.028981732204556465,0.20603027660399675,0.3808233421295881,0.5868536187335849,2.70698219537735,1.7512282356619835,32.15967416763306,37.204738217405975,62.79526352882385
./data/processed/test/Gloria_Macapagal_Arroyo/Gloria_Macapagal_Arroyo_0038.jpg,Gloria_Macapagal_Arroyo,Gloria_Macapagal_Arroyo,True,0.029688114300370216,0.36341992672532797,0.36854015197604895,0.7319600787013769,2.8054647147655487,1.9233856350183487,29.418617486953735,34.87942791543901,65.12057781219482
./data/processed/test/Gloria_Macapagal_Arroyo/Gloria_Macapagal_Arroyo_0041.jpg,Gloria_Macapagal_Arroyo,Gloria_Macapagal_Arroyo,True,0.02958928979933262,0.4317893646657467,0.39643533527851105,0.8282246999442577,3.3596303313970566,0.9474235586822033,34.762999415397644,39.89827800542116,60.10172367095947
./data/processed/test/Gonzalo_Sanchez_de_Lozada/Gonzalo_Sanchez_de_Lozada_0001.jpg,Gonzalo_Sanchez_de_Lozada,Carlos_Menem,False,0.011913648806512356,0.42458842508494854,0.49683782272040844,0.921426247805357,4.813247919082642,2.7671128511428833,38.76716494560242,47.2689519636333,52.731043100357056
./data/processed/test/Gonzalo_Sanchez_de_Lozada/Gonzalo_Sanchez_de_Lozada_0010.jpg,Gonzalo_Sanchez_de_Lozada,Carlos_Menem,False,0.014097875915467739,0.6184849422425032,0.5492385476827621,1.1677234899252653,3.55103462934494,1.0612638667225838,40.06018042564392,45.84020241163671,54.15980815887451
./data/processed/test/Gonzalo_Sanchez_de_Lozada/Gonzalo_Sanchez_de_Lozada_0011.jpg,Gonzalo_Sanchez_de_Lozada,Gonzalo_Sanchez_de_Lozada,True,0.011336891911923885,0.32561603002250195,0.33483533188700676,0.6604513619095087,2.509501203894615,1.2139694765210152,29.60929572582245,33.99321776814759,66.00677967071533
./data/processed/test/Gordon_Brown/Gordon_Brown_0001.jpg,Gordon_Brown,Gordon_Brown,True,0.012984671629965305,0.38811133708804846,0.38601565174758434,0.7741269888356328,1.9361577928066254,0.6568099837750196,28.34179401397705,31.70888877939433,68.29110383987427
./data/processed/test/Gordon_Brown/Gordon_Brown_0010.jpg,Gordon_Brown,Gordon_Brown,True,0.013138610869646072,0.7358223665505648,0.633975537493825,1.3697979040443897,3.91741544008255,0.7900544442236423,40.211379528045654,46.288647316396236,53.71134877204895
./data/processed/test/Gordon_Brown/Gordon_Brown_0012.jpg,Gordon_Brown,Gordon_Brown,True,0.012809031642973423,0.32012031879276037,0.22006644867360592,0.5401867674663663,1.4857175759971142,0.5003657191991806,21.265120804309845,23.791390866972506,76.20862126350403
./data/processed/test/Gray_Davis/Gray_Davis_0001.jpg,Gray_Davis,Gray_Davis,True,0.019961703568696976,0.4023422487080097,0.41361707262694836,0.8159593213349581,2.543181926012039,1.0362427681684494,26.058602333068848,30.453986348584294,69.54600811004639
./data/processed/test/Gray_Davis/Gray_Davis_0009.jpg,Gray_Davis,Gray_Davis,True,0.019488820806145668,0.45369938015937805,0.5586546845734119,1.01235406473279,2.9470793902873993,0.9394959546625614,33.45784544944763,38.35677485913038,61.64323091506958
./data/processed/test/Gray_Davis/Gray_Davis_0010.jpg,Gray_Davis,Gray_Davis,True,0.020427290350198746,0.46426644548773766,0.4863439593464136,0.9506104048341513,2.9911188408732414,1.297483779489994,37.5501275062561,42.78934053145349,57.2106659412384
./data/processed/test/Gray_Davis/Gray_Davis_0012.jpg,Gray_Davis,Gray_Davis,True,0.01953342743217945,0.30499028507620096,0.41654687374830246,0.7215371588245034,2.3999787867069244,0.9799373336136341,28.076085448265076,32.17753872741014,67.82245635986328
./data/processed/test/Gray_Davis/Gray_Davis_0017.jpg,Gray_Davis,Gray_Davis,True,0.02040979266166687,0.3686866955831647,0.6628983654081821,1.0315850609913468,3.0793920159339905,1.110717747360468,36.65938675403595,41.881081578321755,58.118921518325806
./data/processed/test/Gray_Davis/Gray_Davis_0025.jpg,Gray_Davis,Gray_Davis,True,0.018692996352910995,0.025378188001923263,0.16587694408372045,0.1912551320856437,0.07833794225007296,0.20493988413363695,10.776158422231674,11.250691380701028,88.750159740448
./data/processed/test/Guillermo_Coria/Guillermo_Coria_0009.jpg,Guillermo_Coria,Guillermo_Coria,True,0.0224391371011734,0.0417147995904088,0.06664145621471107,0.10835625580511987,0.0815991428680718,0.0422114972025156,6.462782621383667,6.694949517259374,93.30504536628723
./data/processed/test/Guillermo_Coria/Guillermo_Coria_0010.jpg,Guillermo_Coria,Guillermo_Coria,True,0.022076362743973732,0.13573470059782267,0.14866278506815434,0.284397485665977,0.679042236879468,0.14627751661464572,13.302257657051086,14.411974896211177,85.58802604675293
./data/processed/test/Guillermo_Coria/Guillermo_Coria_0016.jpg,Guillermo_Coria,Guillermo_Coria,True,0.022518876940011978,0.4310998134315014,0.3211775328963995,0.7522773463279009,3.240472823381424,0.9825192391872406,36.51969134807587,41.49496075697243,58.50503444671631
./data/processed/test/Guillermo_Coria/Guillermo_Coria_0018.jpg,Guillermo_Coria,Guillermo_Coria,True,0.022294890135526657,0.38503368850797415,0.34199473448097706,0.7270284229889512,2.641659788787365,0.9153369814157486,30.94257414340973,35.226599336601794,64.7733986377716
./data/processed/test/Guillermo_Coria/Guillermo_Coria_0024.jpg,Guillermo_Coria,Guillermo_Coria,True,0.021984320133924484,0.4010267090052366,0.3908893559128046,0.7919160649180412,2.9074054211378098,1.1088669300079346,30.031487345695496,34.83967576175928,65.16032814979553
./data/processed/test/Guillermo_Coria/Guillermo_Coria_0028.jpg,Guillermo_Coria,Guillermo_Coria,True,0.021721579134464264,0.08156909025274217,0.24014415685087442,0.3217132471036166,0.34401214215904474,0.07037962204776704,9.323590248823166,10.059695260133594,89.94030952453613
./data/processed/test/Halle_Berry/Halle_Berry_0001.jpg,Halle_Berry,Halle_Berry,True,0.012795230373740196,0.05853991606272757,0.0018198159523308277,0.0603597320150584,0.3760578343644738,1.6818422824144363,12.003597617149353,14.121857465943322,85.87813973426819
./data/processed/test/Halle_Berry/Halle_Berry_0002.jpg,Halle_Berry,Halle_Berry,True,0.01173391006886959,0.05076918751001358,0.008224932389566675,0.058994119899580255,0.22366419434547424,1.3215611688792706,6.814722716808319,8.418942199932644,91.58105850219727
./data/processed/test/Halle_Berry/Halle_Berry_0006.jpg,Halle_Berry,Halle_Berry,True,0.013616232201457024,0.09077013819478452,0.04951483570039272,0.14028497389517725,0.34479876048862934,1.6904724761843681,11.27181276679039,13.447368977358565,86.55262589454651
./data/processed/test/Halle_Berry/Halle_Berry_0015.jpg,Halle_Berry,Angelina_Jolie,False,0.012391547672450542,0.22150310687720776,0.25903726927936077,0.4805403761565685,1.386172603815794,0.9926808066666126,18.096724152565002,20.956117939203978,79.04388308525085
./data/processed/test/Hamid_Karzai/Hamid_Karzai_0001.jpg,Hamid_Karzai,Hamid_Karzai,True,0.014841224998235703,0.016035485896281898,0.0,0.016035485896281898,0.36651683039963245,1.091096643358469,9.919138997793198,11.392787957447581,88.60721588134766
./data/processed/test/Hamid_Karzai/Hamid_Karzai_0002.jpg,Hamid_Karzai,Hamid_Karzai,True,0.01865275762975216,0.18449787748977542,0.26382175274193287,0.4483196302317083,1.13016152754426,0.7015283685177565,14.674074947834015,16.95408447412774,83.04591774940491
./data/processed/test/Hamid_Karzai/Hamid_Karzai_0009.jpg,Hamid_Karzai,Hamid_Karzai,True,0.018309494480490685,0.017578610277269036,0.008525882003596053,0.026104492280865088,0.26725982315838337,0.4094465170055628,8.233676850795746,8.936487683240557,91.06802940368652
./data/processed/test/Hamid_Karzai/Hamid_Karzai_0014.jpg,Hamid_Karzai,Hamid_Karzai,True,0.017845945432782173,0.03393676597625017,0.0021555140847340226,0.036092280060984194,0.2779317554086447,0.44881640933454037,11.986225843429565,12.749066288233735,87.2509241104126
./data/processed/test/Hamid_Karzai/Hamid_Karzai_0016.jpg,Hamid_Karzai,Hamid_Karzai,True,0.018593640998005867,0.14578361297026277,0.13926679966971278,0.28505041263997555,0.8506295271217823,0.7238513324409723,12.719322741031647,14.578854013234377,85.42115092277527
./data/processed/test/Hans_Blix/Hans_Blix_0005.jpg,Hans_Blix,Hans_Blix,True,0.029384460300207138,0.299453386105597,0.3041254822164774,0.6035788683220744,1.9457986578345299,0.8382178843021393,21.829287707805634,25.216883118264377,74.78311657905579
./data/processed/test/Hans_Blix/Hans_Blix_0007.jpg,Hans_Blix,Hans_Blix,True,0.02916545979678631,0.29604719020426273,0.27963968459516764,0.5756868747994304,1.6167789697647095,0.39689019322395325,20.217126607894897,22.80648264568299,77.1935224533081
./data/processed/test/Hans_Blix/Hans_Blix_0014.jpg,Hans_Blix,Hans_Blix,True,0.02939411997795105,0.07417728193104267,0.053177657537162304,0.12735493946820498,0.13946994440630078,0.21617475431412458,6.943278014659882,7.426277652848512,92.57372617721558
./data/processed/test/Hans_Blix/Hans_Blix_0027.jpg,Hans_Blix,Hans_Blix,True,0.029231291264295578,0.3124629147350788,0.41677593253552914,0.729238847270608,2.3511191830039024,0.7065730169415474,28.23217511177063,32.01910615898669,67.98089742660522
./data/processed/test/Hans_Blix/Hans_Blix_0028.jpg,Hans_Blix,Hans_Blix,True,0.029316311702132225,0.216360273770988,0.4240792244672775,0.6404394982382655,2.096829190850258,0.6290460471063852,29.738008975982666,33.104323712177575,66.89568161964417
./data/processed/test/Hans_Blix/Hans_Blix_0031.jpg,Hans_Blix,Hans_Blix,True,0.029142770916223526,0.4188954830169678,0.44445106759667397,0.8633465506136417,2.5521915405988693,0.8677712641656399,32.55127668380737,36.834586039185524,63.16540241241455
./data/processed/test/Hans_Blix/Hans_Blix_0034.jpg,Hans_Blix,Hans_Blix,True,0.02938217483460903,0.2707060193642974,0.2499171532690525,0.5206231726333499,1.8483279272913933,1.042058039456606,22.361455857753754,25.772464997135103,74.22754168510437
./data/processed/test/Hans_Blix/Hans_Blix_0037.jpg,Hans_Blix,Hans_Blix,True,0.029044894501566887,0.25991632137447596,0.2815494779497385,0.5414657993242145,1.5802087262272835,0.60517736710608,19.850154221057892,22.57700611371547,77.42299437522888
./data/processed/test/Harrison_Ford/Harrison_Ford_0001.jpg,Harrison_Ford,Vicente_Fox,False,0.011277488432824612,0.29807151295244694,0.29882355593144894,0.5968950688838959,2.7211081236600876,2.045838348567486,25.623202323913574,30.987043865025043,69.01294589042664
./data/processed/test/Harrison_Ford/Harrison_Ford_0010.jpg,Harrison_Ford,Gerhard_Schroeder,False,0.011275297962129116,0.06752848858013749,0.12120372848585248,0.18873221706598997,0.18258203053846955,0.13473695144057274,10.090870410203934,10.596921609248966,89.40308690071106
./data/processed/test/Harrison_Ford/Harrison_Ford_0011.jpg,Harrison_Ford,Gerhard_Schroeder,False,0.01465639378875494,0.6234553176909685,0.7215986028313637,1.3450539205223322,5.433346331119537,1.7905326560139656,48.48853051662445,57.057463424280286,42.94253587722778
./data/processed/test/Hillary_Clinton/Hillary_Clinton_0001.jpg,Hillary_Clinton,Tony_Blair,False,0.013361449353396893,0.6888702046126127,0.7800102699548006,1.4688804745674133,5.573948845267296,2.57907472550869,58.88479948043823,68.50670352578163,31.493297219276428
./data/processed/test/Hillary_Clinton/Hillary_Clinton_0010.jpg,Hillary_Clinton,Hillary_Clinton,True,0.012940464541316032,0.11369705898687243,0.04841273475904018,0.1621097937459126,0.13305323664098978,0.9444573894143105,11.985357105731964,13.224977525533177,86.77502870559692
./data/processed/test/Hillary_Clinton/Hillary_Clinton_0012.jpg,Hillary_Clinton,Tony_Blair,False,0.014841226860880852,0.8684505708515644,1.0876497253775597,1.956100296229124,6.090238317847252,4.192740470170975,51.988041400909424,64.22712048515677,35.77287793159485
./data/processed/test/Howard_Dean/Howard_Dean_0001.jpg,Howard_Dean,Howard_Dean,True,0.01152773853391409,0.5742351990193129,0.511512765660882,1.0857479646801949,2.8248297050595284,1.3268880546092987,29.677334427833557,34.91480015218258,65.08519649505615
./data/processed/test/Howard_Dean/Howard_Dean_0010.jpg,Howard_Dean,Howard_Dean,True,0.011402953416109085,0.5145936738699675,0.5835304502397776,1.098124124109745,4.218634217977524,1.4142160303890705,40.190693736076355,46.921668108552694,53.07832956314087
./data/processed/test/Howard_Dean/Howard_Dean_0011.jpg,Howard_Dean,Howard_Dean,True,0.01107065100222826,0.3235618816688657,0.47059115022420883,0.7941530318930745,3.8637779653072357,1.8446460366249084,37.6863956451416,44.18897267896682,55.8110237121582
./data/processed/test/Hu_Jintao/Hu_Jintao_0001.jpg,Hu_Jintao,Hu_Jintao,True,0.016105206683278084,0.048728674300946295,0.042087698238901794,0.09081637253984809,0.13013194547966123,0.24613095447421074,7.534885406494141,8.00196467898786,91.99804067611694
./data/processed/test/Hu_Jintao/Hu_Jintao_0010.jpg,Hu_Jintao,Hu_Jintao,True,0.015864279121160507,0.24152463302016258,0.28461492620408535,0.5261395592242479,1.6079895198345184,1.0659744963049889,19.38888430595398,22.588987881317735,77.41100192070007
./data/processed/test/Hu_Jintao/Hu_Jintao_0012.jpg,Hu_Jintao,Hu_Jintao,True,0.015594057738780975,0.10381111642345786,0.14183458406478167,0.24564570048823953,0.6041162647306919,0.37831158842891455,11.93341612815857,13.161489681806415,86.83851361274719
./data/processed/test/Hugo_Chavez/Hugo_Chavez_0001.jpg,Hugo_Chavez,Hugo_Chavez,True,0.04819553717970848,0.6055159028619528,0.47822645865380764,1.0837423615157604,3.9122849702835083,1.0210370644927025,38.3262038230896,44.34326821938157,55.65672516822815
./data/processed/test/Hugo_Chavez/Hugo_Chavez_0005.jpg,Hugo_Chavez,Hugo_Chavez,True,0.04804055392742157,0.27935621328651905,0.3206560621038079,0.600012275390327,3.7086497992277145,1.0093034245073795,40.959981083869934,46.277946582995355,53.72205376625061
./data/processed/test/Hugo_Chavez/Hugo_Chavez_0006.jpg,Hugo_Chavez,Hugo_Chavez,True,0.04813370108604431,0.276262522675097,0.29755057767033577,0.5738131003454328,2.7943411841988564,0.7359291892498732,37.64651119709015,41.75059467088431,58.24940204620361
./data/processed/test/Hugo_Chavez/Hugo_Chavez_0010.jpg,Hugo_Chavez,Hugo_Chavez,True,0.04814787581562996,0.41185268200933933,0.43154400773346424,0.8433966897428036,3.5373058170080185,1.1813770048320293,37.04830706119537,42.610386572778225,57.38961696624756
./data/processed/test/Hugo_Chavez/Hugo_Chavez_0011.jpg,Hugo_Chavez,Hugo_Chavez,True,0.048340585082769394,0.4478374496102333,0.4444710910320282,0.8923085406422615,4.2217668145895,2.078239433467388,40.180447697639465,47.372762486338615,52.62722969055176
./data/processed/test/Hugo_Chavez/Hugo_Chavez_0013.jpg,Hugo_Chavez,Hugo_Chavez,True,0.03550668805837631,0.22478695027530193,0.204848637804389,0.42963558807969093,2.33708955347538,1.1102553457021713,25.652703642845154,29.529684130102396,70.47032117843628
./data/processed/test/Hugo_Chavez/Hugo_Chavez_0019.jpg,Hugo_Chavez,Hugo_Chavez,True,0.048178281635046005,0.5121900234371424,0.515081500634551,1.0272715240716934,5.230996012687683,3.191811591386795,45.95094323158264,55.40102235972881,44.598978757858276
./data/processed/test/Hugo_Chavez/Hugo_Chavez_0023.jpg,Hugo_Chavez,Hugo_Chavez,True,0.048226673156023026,0.4435993265360594,0.5011780187487602,0.9447773452848196,4.067640006542206,1.4593117870390415,38.587164878845215,45.05889401771128,54.94110584259033
./data/processed/test/Hugo_Chavez/Hugo_Chavez_0032.jpg,Hugo_Chavez,Hugo_Chavez,True,0.04812244698405266,0.2532900311052799,0.41548991575837135,0.6687799468636513,2.9092885553836823,1.6731519252061844,33.68402421474457,38.935244642198086,61.064743995666504
./data/processed/test/Hugo_Chavez/Hugo_Chavez_0034.jpg,Hugo_Chavez,Hugo_Chavez,True,0.04814489930868149,0.3096067812293768,0.4357759840786457,0.7453827653080225,3.3439457416534424,1.9256498664617538,37.012308835983276,43.027287209406495,56.97270631790161
./data/processed/test/Hugo_Chavez/Hugo_Chavez_0047.jpg,Hugo_Chavez,Hugo_Chavez,True,0.048096220940351486,0.25913738645613194,0.17711259424686432,0.43624998070299625,2.582300454378128,2.202100493013859,22.94902503490448,28.169675962999463,71.83032631874084
./data/processed/test/Hugo_Chavez/Hugo_Chavez_0050.jpg,Hugo_Chavez,Hugo_Chavez,True,0.048174917697906494,0.44747861102223396,0.45440238900482655,0.9018810000270605,4.52796146273613,3.191102296113968,41.88760221004486,50.50854696892202,49.49145019054413
./data/processed/test/Hugo_Chavez/Hugo_Chavez_0054.jpg,Hugo_Chavez,Hugo_Chavez,True,0.04821830987930298,0.3852835623547435,0.3835520474240184,0.7688356097787619,3.638898953795433,1.561211422085762,36.738184094429016,42.70713008008897,57.29287266731262
./data/processed/test/Hugo_Chavez/Hugo_Chavez_0056.jpg,Hugo_Chavez,Hugo_Chavez,True,0.04814084246754646,0.3024665638804436,0.3402040572836995,0.6426706211641431,3.628058359026909,2.540423348546028,36.426058411598206,43.237210740335286,56.76278471946716
./data/processed/test/Hugo_Chavez/Hugo_Chavez_0062.jpg,Hugo_Chavez,Hugo_Chavez,True,0.04829595610499382,0.3959308844059706,0.5011004861444235,0.8970313705503941,4.8908531665802,1.4942461624741554,45.41943669319153,52.70156739279628,47.298431396484375
./data/processed/test/Ian_Thorpe/Ian_Thorpe_0002.jpg,Ian_Thorpe,Ian_Thorpe,True,0.010108718648552895,0.1784795429557562,0.2309496747329831,0.4094292176887393,1.204966101795435,1.0316257365047932,16.655226051807404,19.30124710779637,80.6987464427948
./data/processed/test/Ian_Thorpe/Ian_Thorpe_0009.jpg,Ian_Thorpe,Lleyton_Hewitt,False,0.010992087423801422,0.8160038851201534,0.8534171618521214,1.6694210469722748,3.982924297451973,1.6466997563838959,41.776448488235474,49.07549358904362,50.92450976371765
./data/processed/test/Igor_Ivanov/Igor_Ivanov_0001.jpg,Igor_Ivanov,Ariel_Sharon,False,0.01190219447016716,0.24174831341952085,0.29224196914583445,0.5339902825653553,2.07243412733078,0.5980090238153934,27.81757414340973,31.022007577121258,68.97799372673035
./data/processed/test/Igor_Ivanov/Igor_Ivanov_0002.jpg,Igor_Ivanov,Igor_Ivanov,True,0.014767706394195557,0.0006331409622362116,0.15579115133732557,0.15642429229956178,0.17146533355116844,0.2244469476863742,10.513337701559067,11.065674275096171,88.93433809280396
./data/processed/test/Igor_Ivanov/Igor_Ivanov_0016.jpg,Igor_Ivanov,Igor_Ivanov,True,0.014848930761218071,0.5976932123303413,0.40836334228515625,1.0060565546154976,2.9394838958978653,0.6289763376116753,32.20013678073883,36.77465356886387,63.225358724594116
./data/processed/test/Igor_Ivanov/Igor_Ivanov_0018.jpg,Igor_Ivanov,Igor_Ivanov,True,0.014425658620893955,0.46780076809227467,0.2661838196218014,0.733984587714076,2.0071299746632576,0.9031609632074833,26.481783390045166,30.126058915629983,69.87394690513611
./data/processed/test/Jack_Straw/Jack_Straw_0001.jpg,Jack_Straw,Jack_Straw,True,0.021631445735692978,0.42499927803874016,0.4677325487136841,0.8927318267524242,2.686426602303982,1.1536196805536747,31.755253672599792,36.48803178220987,63.51197361946106
./data/processed/test/Jack_Straw/Jack_Straw_0009.jpg,Jack_Straw,Jack_Straw,True,0.021879207342863083,0.37885853089392185,0.30117989517748356,0.6800384260714054,3.23413647711277,1.3391992077231407,36.26801669597626,41.52139080688357,58.4786057472229
./data/processed/test/Jack_Straw/Jack_Straw_0010.jpg,Jack_Straw,Jack_Straw,True,0.022011172026395798,0.3452190198004246,0.2567253541201353,0.6019443739205599,2.377779595553875,1.0997660458087921,31.00869059562683,35.08818061091006,64.9118185043335
./data/processed/test/Jack_Straw/Jack_Straw_0013.jpg,Jack_Straw,Jack_Straw,True,0.02181020937860012,0.34367756452411413,0.3925756551325321,0.7362532196566463,2.793339267373085,1.0267929174005985,32.84594118595123,37.40232659038156,62.59767413139343
./data/processed/test/Jack_Straw/Jack_Straw_0022.jpg,Jack_Straw,Jack_Straw,True,0.021837525069713593,0.6133454386144876,0.5207728128880262,1.1341182515025139,3.8371048867702484,1.138937659561634,37.178269028663635,43.28842982649803,56.71156644821167
./data/processed/test/Jack_Straw/Jack_Straw_0026.jpg,Jack_Straw,Jack_Straw,True,0.021666452288627625,0.5331759341061115,0.5144238937646151,1.0475998278707266,4.331148788332939,0.8775669150054455,42.49294102191925,48.74925655312836,51.2507438659668
./data/processed/test/Jackie_Chan/Jackie_Chan_0001.jpg,Jackie_Chan,Jackie_Chan,True,0.01179464627057314,0.004463868754100986,0.01739231956889853,0.021856188322999515,0.22610710002481937,0.7332100998610258,7.848207652568817,8.829381040777662,91.17061495780945
./data/processed/test/Jackie_Chan/Jackie_Chan_0010.jpg,Jackie_Chan,Jackie_Chan,True,0.011969013139605522,0.3024880075827241,0.28957335744053125,0.5920613650232553,1.6768597066402435,1.149748358875513,21.475836634635925,24.894506065174937,75.10550022125244
./data/processed/test/Jackie_Chan/Jackie_Chan_0012.jpg,Jackie_Chan,Jackie_Chan,True,0.011880459263920784,0.06053151446394622,0.0853144796565175,0.14584599412046373,0.8344238623976707,1.1332129128277302,13.190767168998718,15.304249938344583,84.69573855400085
./data/processed/test/Jacques_Chirac/Jacques_Chirac_0004.jpg,Jacques_Chirac,Jacques_Chirac,True,0.032896772027015686,0.0700396834872663,0.0604081607889384,0.1304478442762047,0.15940583543851972,0.2936783479526639,8.370645344257355,8.954177371924743,91.04583859443665
./data/processed/test/Jacques_Chirac/Jacques_Chirac_0006.jpg,Jacques_Chirac,Jacques_Chirac,True,0.024749964475631714,0.12404386652633548,0.22597473580390215,0.3500186023302376,1.5098510310053825,0.3127067815512419,12.127375602722168,14.29995201760903,86.24138236045837
./data/processed/test/Jacques_Chirac/Jacques_Chirac_0013.jpg,Jacques_Chirac,Jacques_Chirac,True,0.02959858439862728,0.19670980982482433,0.25579556822776794,0.4525053780525923,1.2985281646251678,0.864717923104763,17.079459130764008,19.69521059654653,80.30478954315186
./data/processed/test/Jacques_Chirac/Jacques_Chirac_0014.jpg,Jacques_Chirac,Jacques_Chirac,True,0.033034197986125946,0.05233697593212128,0.03901569580193609,0.09135267173405737,0.15861905412748456,0.4209163598716259,7.5951240956783295,8.266012181411497,91.73398613929749
./data/processed/test/Jacques_Chirac/Jacques_Chirac_0018.jpg,Jacques_Chirac,Jacques_Chirac,True,0.032923102378845215,0.0541053363122046,0.03145262016914785,0.08555795648135245,0.19496424356475472,0.6881686858832836,7.971037924289703,8.939728810219094,91.06028079986572
./data/processed/test/Jacques_Chirac/Jacques_Chirac_0020.jpg,Jacques_Chirac,Jacques_Chirac,True,0.03294194117188454,0.42921011336147785,0.6569478195160627,1.0861579328775406,5.053829029202461,2.2096820175647736,45.94825208187103,54.29792106151581,45.70208489894867
./data/processed/test/Jacques_Chirac/Jacques_Chirac_0033.jpg,Jacques_Chirac,Jacques_Chirac,True,0.032961681485176086,0.028685660799965262,0.025412923423573375,0.05409858422353864,0.16520622884854674,0.4930384922772646,5.644141882658005,6.356485188007355,93.64351630210876
./data/processed/test/Jacques_Chirac/Jacques_Chirac_0042.jpg,Jacques_Chirac,Jacques_Chirac,True,0.03298605605959892,0.07521589868701994,0.0213099701795727,0.09652586886659265,0.15895054675638676,0.24292436428368092,6.975528597831726,7.473929377738386,92.52607822418213
./data/processed/test/Jacques_Chirac/Jacques_Chirac_0044.jpg,Jacques_Chirac,Jacques_Chirac,True,0.03267897665500641,0.16922502545639873,0.0,0.16922502545639873,0.0,0.010672736971173435,10.857580602169037,11.037478364596609,88.9625072479248
./data/processed/test/Jacques_Chirac/Jacques_Chirac_0048.jpg,Jacques_Chirac,Jacques_Chirac,True,0.03112153150141239,0.027198949828743935,0.034551750286482275,0.06175070011522621,0.027263694209977984,0.014074263162910938,2.3575523868203163,2.4606410443084314,97.5393533706665
./data/processed/test/Jacques_Chirac/Jacques_Chirac_0051.jpg,Jacques_Chirac,Jacques_Chirac,True,0.03310251608490944,0.0904061715118587,0.023229184444062412,0.11363535595592111,0.19574989564716816,0.28094854205846786,7.392192631959915,7.982526425621472,92.01747179031372
./data/processed/test/Jacques_Rogge/Jacques_Rogge_0002.jpg,Jacques_Rogge,Jacques_Rogge,True,0.010462748818099499,0.4264645278453827,0.5152716767042875,0.9417362045496702,3.713790699839592,1.1076472699642181,36.12178564071655,41.88495981507003,58.115047216415405
./data/processed/test/Jacques_Rogge/Jacques_Rogge_0009.jpg,Jacques_Rogge,Howard_Dean,False,0.009893965907394886,0.3310014959424734,0.5433217156678438,0.8743232116103172,3.1535089015960693,0.7530789356678724,39.18572962284088,43.96664067171514,56.03334903717041
./data/processed/test/James_Blake/James_Blake_0001.jpg,James_Blake,James_Blake,True,0.011107486672699451,0.031031042453832924,0.0,0.031031042453832924,0.30167344957590103,0.6898583378642797,11.017882078886032,12.040444908780046,87.95956373214722
./data/processed/test/James_Blake/James_Blake_0010.jpg,James_Blake,James_Blake,True,0.011772410944104195,0.3119552507996559,0.22376913111656904,0.535724381916225,1.4085961505770683,1.1671412736177444,20.155631005764008,23.267092811875045,76.73290967941284
./data/processed/test/James_Blake/James_Blake_0012.jpg,James_Blake,James_Blake,True,0.01197213027626276,0.03045711782760918,0.0,0.03045711782760918,0.31956606544554234,0.8442354388535023,10.053019225597382,11.247277847724035,88.75271081924438
./data/processed/test/James_Kelly/James_Kelly_0001.jpg,James_Kelly,Tom_Daschle,False,0.015072822570800781,0.3941750153899193,0.43053491972386837,0.8247099351137877,3.021724335849285,1.086423173546791,35.25060713291168,40.183464577421546,59.816545248031616
./data/processed/test/James_Kelly/James_Kelly_0006.jpg,James_Kelly,George_W_Bush,False,0.013192850165069103,0.030774250626564026,0.0,0.030774250626564026,0.002079423575196415,0.0,2.0635338500142097,2.09638752421597,97.90361523628235
./data/processed/test/James_Kelly/James_Kelly_0010.jpg,James_Kelly,Gerhard_Schroeder,False,0.013659406453371048,0.1451280782930553,0.21085189655423164,0.35597997484728694,1.54216717928648,0.36204359494149685,17.7434504032135,20.003641152288765,79.9963653087616
./data/processed/test/Jason_Kidd/Jason_Kidd_0002.jpg,Jason_Kidd,Andre_Agassi,False,0.013030282221734524,0.24138828739523888,0.3111134981736541,0.552501785568893,1.484137587249279,0.4578473512083292,20.989447832107544,23.483934556134045,76.5160620212555
./data/processed/test/Jason_Kidd/Jason_Kidd_0009.jpg,Jason_Kidd,Andre_Agassi,False,0.011612139642238617,0.3919815178960562,0.4158160649240017,0.8077975828200579,2.4514324963092804,0.8122827857732773,25.843408703804016,29.91492156870663,70.08507251739502
./data/processed/test/Javier_Solana/Javier_Solana_0002.jpg,Javier_Solana,Javier_Solana,True,0.011019050143659115,0.02221181202912703,0.0003916235073120333,0.022603435536439065,0.2510934602469206,0.4501260817050934,8.351906388998032,9.075729366486485,90.92426300048828
./data/processed/test/Javier_Solana/Javier_Solana_0009.jpg,Javier_Solana,Arnold_Schwarzenegger,False,0.010998048819601536,0.05611010128632188,0.13074636226519942,0.1868564635515213,0.08281560149043798,0.013904743536841124,4.307925328612328,4.591502137191128,95.40849328041077
./data/processed/test/Jean-David_Levitte/Jean-David_Levitte_0002.jpg,Jean-David_Levitte,Alejandro_Toledo,False,0.012063977308571339,0.3339666873216629,0.44717779383063316,0.7811444811522961,2.414841391146183,0.5312301684170961,30.233213305473328,33.9604293461889,66.0395622253418
./data/processed/test/Jean-David_Levitte/Jean-David_Levitte_0009.jpg,Jean-David_Levitte,Alejandro_Toledo,False,0.012761279940605164,0.1524673542007804,0.3199438098818064,0.47241116408258677,2.095981314778328,0.5591743160039186,26.427626609802246,29.55519340466708,70.44479846954346
./data/processed/test/Jean_Charest/Jean_Charest_0001.jpg,Jean_Charest,Jean_Charest,True,0.014901512302458286,0.023795862216502428,0.09083440527319908,0.11463026748970151,0.34230502787977457,1.617950014770031,12.073317170143127,14.148202480282634,85.85179448127747
./data/processed/test/Jean_Charest/Jean_Charest_0002.jpg,Jean_Charest,Jean_Charest,True,0.014619797468185425,0.09166397503577173,0.03798944235313684,0.12965341738890857,0.029170027119107544,0.030803558183833957,6.242016330361366,6.431643333053216,93.56836080551147
./data/processed/test/Jean_Charest/Jean_Charest_0006.jpg,Jean_Charest,Jean_Charest,True,0.015012679621577263,0.06324747810140252,0.002010032403632067,0.06525751050503459,0.08000591769814491,0.17453725449740887,4.784822836518288,5.104623519218876,94.89538073539734
./data/processed/test/Jean_Charest/Jean_Charest_0016.jpg,Jean_Charest,Jean_Charest,True,0.015094476751983166,0.2511770697310567,0.15883648302406073,0.4100135527551174,0.980732124298811,0.6574271246790886,15.566107630729675,17.614280432462692,82.38571882247925
./data/processed/test/Jean_Chretien/Jean_Chretien_0006.jpg,Jean_Chretien,Jean_Chretien,True,0.03913753479719162,0.41083567775785923,0.36374577321112156,0.7745814509689808,2.9924245551228523,1.4234250411391258,33.309605717659,38.500036764889956,61.499959230422974
./data/processed/test/Jean_Chretien/Jean_Chretien_0013.jpg,Jean_Chretien,Jean_Chretien,True,0.03903947025537491,0.10345128830522299,0.07360925083048642,0.1770605391357094,0.3919546026736498,0.12048188364133239,6.078076735138893,6.767573760589585,93.2324230670929
./data/processed/test/Jean_Chretien/Jean_Chretien_0014.jpg,Jean_Chretien,Jean_Chretien,True,0.03906659781932831,0.17594024538993835,0.17427036073058844,0.3502106061205268,1.9623156636953354,1.985812559723854,24.163663387298584,28.4620022168383,71.53800129890442
./data/processed/test/Jean_Chretien/Jean_Chretien_0020.jpg,Jean_Chretien,Jean_Chretien,True,0.03905366361141205,0.23882361128926277,0.2026177942752838,0.4414414055645466,2.16536708176136,1.057718601077795,26.25270187854767,29.91722896695137,70.08277773857117
./data/processed/test/Jean_Chretien/Jean_Chretien_0027.jpg,Jean_Chretien,Jean_Chretien,True,0.039091844111680984,0.44455411843955517,0.3611695021390915,0.8057236205786467,2.331232465803623,1.093617733567953,26.244667172431946,30.47524099238217,69.52475905418396
./data/processed/test/Jean_Chretien/Jean_Chretien_0032.jpg,Jean_Chretien,Jean_Chretien,True,0.0391048938035965,0.23857331834733486,0.262862304225564,0.5014356225728989,2.4365976452827454,1.0624030604958534,30.710431933403015,34.71086826175451,65.28913378715515
./data/processed/test/Jean_Chretien/Jean_Chretien_0033.jpg,Jean_Chretien,Jean_Chretien,True,0.03914059326052666,0.13110220897942781,0.13107553822919726,0.2621777472086251,1.4707696624100208,0.9048373438417912,18.937574326992035,21.575359080452472,78.42463850975037
./data/processed/test/Jean_Chretien/Jean_Chretien_0042.jpg,Jean_Chretien,Jean_Chretien,True,0.03921735659241676,0.1368410885334015,0.174691341817379,0.3115324303507805,1.8252940848469734,1.082637906074524,25.348085165023804,28.56754958629608,71.43245339393616
./data/processed/test/Jean_Chretien/Jean_Chretien_0044.jpg,Jean_Chretien,Jean_Chretien,True,0.03904171660542488,0.38206197787076235,0.3533856011927128,0.7354475790634751,2.9014552012085915,1.7376372590661049,30.462631583213806,35.83717162255198,64.16283249855042
./data/processed/test/Jean_Chretien/Jean_Chretien_0050.jpg,Jean_Chretien,Jean_Chretien,True,0.039001598954200745,0.3415073500946164,0.4614717327058315,0.8029790828004479,2.5189505890011787,0.7329998537898064,31.434479355812073,35.489408881403506,64.51058983802795
./data/processed/test/Jean_Chretien/Jean_Chretien_0053.jpg,Jean_Chretien,Jean_Chretien,True,0.03876487910747528,0.1962034497410059,0.12124079512432218,0.3174442448653281,1.1185647919774055,0.8993702940642834,18.039731681346893,20.37511101225391,79.62488532066345
./data/processed/test/Jeb_Bush/Jeb_Bush_0001.jpg,Jeb_Bush,Jeremy_Greenstock,False,0.015780193731188774,0.4308811854571104,0.30902198050171137,0.7399031659588218,1.36729022487998,0.2757238922640681,19.9555903673172,22.33850765042007,77.66148447990417
./data/processed/test/Jeb_Bush/Jeb_Bush_0010.jpg,Jeb_Bush,Vicente_Fox,False,0.014128715731203556,0.26853156741708517,0.20745377987623215,0.4759853472933173,1.3682023622095585,0.7601762656122446,18.078547716140747,20.682911691255867,79.31708693504333
./data/processed/test/Jennifer_Aniston/Jennifer_Aniston_0001.jpg,Jennifer_Aniston,Jennifer_Aniston,True,0.015226747840642929,0.4807345103472471,0.6586193572729826,1.1393538676202297,2.3013634607195854,0.724492035806179,30.306553840637207,34.4717632047832,65.52823781967163
./data/processed/test/Jennifer_Aniston/Jennifer_Aniston_0002.jpg,Jennifer_Aniston,Jennifer_Aniston,True,0.01667366921901703,0.3280018689110875,0.4302034620195627,0.7582053309306502,2.5285067036747932,1.5043179504573345,27.53589153289795,32.32692151796073,67.67308115959167
./data/processed/test/Jennifer_Aniston/Jennifer_Aniston_0009.jpg,Jennifer_Aniston,Jennifer_Aniston,True,0.016989486292004585,0.15135847497731447,0.2081746468320489,0.35953312180936337,1.3107788749039173,0.7221568841487169,19.579176604747772,21.97164548560977,78.0283510684967
./data/processed/test/Jennifer_Aniston/Jennifer_Aniston_0016.jpg,Jennifer_Aniston,Jennifer_Aniston,True,0.016219882294535637,0.0413669302361086,0.03563961363397539,0.07700654387008399,0.14963244320824742,0.28505108784884214,5.557136237621307,6.068826312548481,93.93117427825928
./data/processed/test/Jennifer_Aniston/Jennifer_Aniston_0018.jpg,Jennifer_Aniston,Jennifer_Aniston,True,0.016170041635632515,0.0,0.17187967896461487,0.17187967896461487,0.03822274738922715,0.21205204539000988,11.92409098148346,12.346245453227311,87.65376210212708
./data/processed/test/Jennifer_Capriati/Jennifer_Capriati_0005.jpg,Jennifer_Capriati,Jennifer_Capriati,True,0.025558291003108025,0.1300706760957837,0.0840370252262801,0.2141077013220638,0.11985717574134469,0.08890297613106668,7.644028961658478,8.066896814852953,91.93310737609863
./data/processed/test/Jennifer_Capriati/Jennifer_Capriati_0009.jpg,Jennifer_Capriati,Jennifer_Capriati,True,0.026484288275241852,0.47519453801214695,0.4980165511369705,0.9732110891491175,2.6384329423308372,1.6605649143457413,27.9445618391037,33.216770784929395,66.78323149681091
./data/processed/test/Jennifer_Capriati/Jennifer_Capriati_0014.jpg,Jennifer_Capriati,Jennifer_Capriati,True,0.02624540589749813,0.18942590104416013,0.1590933999978006,0.3485193010419607,0.6287056487053633,0.18122236942872405,12.59799599647522,13.756443315651268,86.24355792999268
./data/processed/test/Jennifer_Capriati/Jennifer_Capriati_0020.jpg,Jennifer_Capriati,Jennifer_Capriati,True,0.026492932811379433,0.33149775117635727,0.3680192865431309,0.6995170377194881,2.171711064875126,1.0389897041022778,24.73190426826477,28.642122074961662,71.35787606239319
./data/processed/test/Jennifer_Capriati/Jennifer_Capriati_0026.jpg,Jennifer_Capriati,Jennifer_Capriati,True,0.026551341637969017,0.3730171825736761,0.4041585139930248,0.7771756965667009,3.0842429026961327,1.6677698120474815,29.57742214202881,35.106610553339124,64.89339470863342
./data/processed/test/Jennifer_Capriati/Jennifer_Capriati_0027.jpg,Jennifer_Capriati,Jennifer_Capriati,True,0.026523537933826447,0.32573870848864317,0.3365162992849946,0.6622550077736378,3.089786507189274,1.760791428387165,31.90813958644867,37.420972529798746,62.579017877578735
./data/processed/test/Jennifer_Capriati/Jennifer_Capriati_0030.jpg,Jennifer_Capriati,Jennifer_Capriati,True,0.026013456284999847,0.12691023293882608,0.31290685292333364,0.43981708586215973,1.3884161598980427,0.44597708620131016,18.94204169511795,21.216252027079463,78.78373861312866
./data/processed/test/Jennifer_Capriati/Jennifer_Capriati_0031.jpg,Jennifer_Capriati,Jennifer_Capriati,True,0.02458007074892521,0.3606305690482259,0.23367144167423248,0.5943020107224584,1.2353433296084404,0.3751099342480302,17.352241277694702,19.55699655227363,80.44300079345703
./data/processed/test/Jennifer_Capriati/Jennifer_Capriati_0040.jpg,Jennifer_Capriati,Jennifer_Capriati,True,0.023743635043501854,0.06421218859031796,0.019084989617113024,0.08329717820743099,0.13686369638890028,0.1590375672094524,5.107422918081284,5.486621359887067,94.51337456703186
./data/processed/test/Jennifer_Garner/Jennifer_Garner_0001.jpg,Jennifer_Garner,Angelina_Jolie,False,0.013337424956262112,0.4842577036470175,0.4633066710084677,0.9475643746554852,3.194494917988777,0.9735737927258015,35.60592234134674,40.721555426716805,59.27844047546387
./data/processed/test/Jennifer_Garner/Jennifer_Garner_0010.jpg,Jennifer_Garner,Angelina_Jolie,False,0.0111462427303195,0.8395454846322536,0.6523250136524439,1.4918704982846975,4.869809001684189,3.409908711910248,40.99365472793579,50.765242939814925,49.23475682735443
./data/processed/test/Jennifer_Garner/Jennifer_Garner_0011.jpg,Jennifer_Garner,Jennifer_Lopez,False,0.010830318555235863,0.2681126818060875,0.3583112033084035,0.626423885114491,2.2756963968276978,2.8616808354854584,23.67709130048752,29.440892417915165,70.55910229682922
./data/processed/test/Jennifer_Lopez/Jennifer_Lopez_0001.jpg,Jennifer_Lopez,Jennifer_Lopez,True,0.01616874895989895,0.11125145247206092,0.054810638539493084,0.166062091011554,0.10789604857563972,0.20898780785501003,7.707653194665909,8.190599142108113,91.80942177772522
./data/processed/test/Jennifer_Lopez/Jennifer_Lopez_0002.jpg,Jennifer_Lopez,Jennifer_Lopez,True,0.012440266087651253,0.49794469960033894,0.5614675581455231,1.059412257745862,3.315110132098198,3.14565971493721,32.098737359046936,39.618919463828206,60.38107872009277
./data/processed/test/Jennifer_Lopez/Jennifer_Lopez_0009.jpg,Jennifer_Lopez,Jennifer_Lopez,True,0.01680445857346058,0.09111040271818638,0.1097311731427908,0.20084157586097717,0.3812689334154129,0.4357611294835806,8.756815642118454,9.774687280878425,90.22531509399414
./data/processed/test/Jennifer_Lopez/Jennifer_Lopez_0016.jpg,Jennifer_Lopez,Jennifer_Lopez,True,0.01658560149371624,0.08545402088202536,0.09570714901201427,0.18116116989403963,0.3838416887447238,0.9522098116576672,9.1309554874897,10.648168157786131,89.3518328666687
./data/processed/test/Jennifer_Lopez/Jennifer_Lopez_0018.jpg,Jennifer_Lopez,Jennifer_Lopez,True,0.012593304738402367,0.4453860688954592,0.512658478692174,0.9580445475876331,6.399362534284592,4.997731372714043,51.013487577438354,63.36862603202462,36.63136065006256
./data/processed/test/Jeremy_Greenstock/Jeremy_Greenstock_0001.jpg,Jeremy_Greenstock,Jeremy_Greenstock,True,0.019517622888088226,0.16305164899677038,0.05867077852599323,0.2217224275227636,0.16492855502292514,0.131461292039603,7.517574727535248,8.03568700212054,91.96431636810303
./data/processed/test/Jeremy_Greenstock/Jeremy_Greenstock_0009.jpg,Jeremy_Greenstock,Jeremy_Greenstock,True,0.019378837198019028,0.11183585738763213,0.0485912460135296,0.16042710340116173,0.1659519737586379,0.1298647141084075,6.404384970664978,6.860628761933185,93.13937425613403
./data/processed/test/Jeremy_Greenstock/Jeremy_Greenstock_0012.jpg,Jeremy_Greenstock,Jeremy_Greenstock,True,0.01942112296819687,0.16559319337829947,0.07930572028271854,0.24489891366101801,0.5115574225783348,0.19406464416533709,9.3180812895298,10.26860226993449,89.73140716552734
./data/processed/test/Jeremy_Greenstock/Jeremy_Greenstock_0017.jpg,Jeremy_Greenstock,Jeremy_Greenstock,True,0.019015878438949585,0.4049000795930624,0.40700496174395084,0.8119050413370132,1.791316643357277,0.45242016203701496,22.507449984550476,25.56309183128178,74.43690299987793
./data/processed/test/Jeremy_Greenstock/Jeremy_Greenstock_0019.jpg,Jeremy_Greenstock,Jeremy_Greenstock,True,0.019339051097631454,0.15830269549041986,0.07471603457815945,0.23301873006857932,0.10737418197095394,0.028211288736201823,8.549350500106812,8.917954700882547,91.08204245567322
./data/processed/test/Jiang_Zemin/Jiang_Zemin_0001.jpg,Jiang_Zemin,Jiang_Zemin,True,0.019511250779032707,0.04243191215209663,0.0188807345693931,0.06131264672148973,0.11947170132771134,0.18467230256646872,6.127186492085457,6.492643142701127,93.50736141204834
./data/processed/test/Jiang_Zemin/Jiang_Zemin_0002.jpg,Jiang_Zemin,Jiang_Zemin,True,0.019356999546289444,0.2598074031993747,0.2014633035287261,0.4612707067281008,1.8327360972762108,1.2574294582009315,22.0542311668396,25.605667429044843,74.39432740211487
./data/processed/test/Jiang_Zemin/Jiang_Zemin_0016.jpg,Jiang_Zemin,Jiang_Zemin,True,0.019667280837893486,0.02918288519140333,0.022285440354608,0.05146832554601133,0.13938818592578173,0.21632523275911808,5.222084745764732,5.6292664899956435,94.37073469161987
./data/processed/test/Jiang_Zemin/Jiang_Zemin_0018.jpg,Jiang_Zemin,Jiang_Zemin,True,0.019628874957561493,0.023538782261312008,0.04168627492617816,0.06522505718749017,0.07484316010959446,0.11097992537543178,4.315078631043434,4.5661267737159505,95.4338788986206
./data/processed/test/Jiri_Novak/Jiri_Novak_0001.jpg,Jiri_Novak,Guillermo_Coria,False,0.011446980759501457,0.29669124633073807,0.3325690282508731,0.6292602745816112,1.5359594486653805,0.2569145755842328,20.59447169303894,23.016605991870165,76.98338627815247
./data/processed/test/Jiri_Novak/Jiri_Novak_0006.jpg,Jiri_Novak,David_Beckham,False,0.012260206043720245,0.25980521459132433,0.45099928975105286,0.7108045043423772,1.9354084506630898,0.668587489053607,24.572135508060455,27.88693595211953,72.11306691169739
./data/processed/test/Jiri_Novak/Jiri_Novak_0010.jpg,Jiri_Novak,David_Beckham,False,0.013053933158516884,0.043325687875039876,0.20822000224143267,0.25154569011647254,0.1587087521329522,0.06883199675939977,12.890170514583588,13.369256953592412,86.63074970245361
./data/processed/test/Joe_Lieberman/Joe_Lieberman_0001.jpg,Joe_Lieberman,Joe_Lieberman,True,0.011994042433798313,0.07433811551891267,0.08682759362272918,0.16116570914164186,0.17041699029505253,0.1953743165358901,10.71256548166275,11.239522497635335,88.76047730445862
./data/processed/test/Joe_Lieberman/Joe_Lieberman_0010.jpg,Joe_Lieberman,Joe_Lieberman,True,0.012285844422876835,0.3008199390023947,0.3006531158462167,0.6014730548486114,2.2211816161870956,0.945043284446001,24.852964282035828,28.620662237517536,71.37933373451233
./data/processed/test/Joe_Lieberman/Joe_Lieberman_0012.jpg,Joe_Lieberman,Joe_Lieberman,True,0.011999236419796944,0.5684916395694017,0.7021747529506683,1.27066639252007,3.943118080496788,1.0585512965917587,42.82017946243286,49.09251523204148,50.9074866771698
./data/processed/test/John_Allen_Muhammad/John_Allen_Muhammad_0001.jpg,John_Allen_Muhammad,John_Allen_Muhammad,True,0.010836871340870857,0.14002742245793343,0.13805617345497012,0.27808359591290355,0.8245083503425121,0.9155233390629292,12.026365846395493,14.044481131713837,85.95553040504456
./data/processed/test/John_Allen_Muhammad/John_Allen_Muhammad_0006.jpg,John_Allen_Muhammad,Hugo_Chavez,False,0.012758808210492134,0.12530494714155793,0.18373570637777448,0.3090406535193324,0.3024092875421047,0.0906675704754889,9.848012030124664,10.55012954166159,89.44988250732422
./data/processed/test/John_Allen_Muhammad/John_Allen_Muhammad_0010.jpg,John_Allen_Muhammad,John_Allen_Muhammad,True,0.01099579781293869,0.005101383067085408,0.0,0.005101383067085408,0.34199117217212915,0.7445765193551779,6.718199700117111,7.809868774711504,92.19013452529907
./data/processed/test/John_Ashcroft/John_Ashcroft_0004.jpg,John_Ashcroft,John_Ashcroft,True,0.03656991198658943,1.0174008086323738,0.8892015554010868,1.9066023640334606,6.341695785522461,2.5990432128310204,59.58529710769653,70.43263847008348,29.567360877990723
./data/processed/test/John_Ashcroft/John_Ashcroft_0006.jpg,John_Ashcroft,John_Ashcroft,True,0.03600337728857994,0.0,0.0,0.0,1.3974201865494251,5.18278181552887,17.916135489940643,24.496337492018938,75.50366520881653
./data/processed/test/John_Ashcroft/John_Ashcroft_0013.jpg,John_Ashcroft,John_Ashcroft,True,0.03615982457995415,0.0,0.0,0.0,0.4029807634651661,0.7545027416199446,9.223577380180359,10.38106088526547,89.61893916130066
./data/processed/test/John_Ashcroft/John_Ashcroft_0014.jpg,John_Ashcroft,John_Ashcroft,True,0.036438241600990295,0.04444654623512179,0.0,0.04444654623512179,0.0031917454180074856,0.0,1.7731867730617523,1.8208250647148816,98.17917943000793
./data/processed/test/John_Ashcroft/John_Ashcroft_0020.jpg,John_Ashcroft,John_Ashcroft,True,0.03649290278553963,0.16480121994391084,0.17239119624719024,0.3371924161911011,0.08798160124570131,0.0,13.125419616699219,13.550593634136021,86.44940257072449
./data/processed/test/John_Ashcroft/John_Ashcroft_0042.jpg,John_Ashcroft,John_Ashcroft,True,0.03642696887254715,1.0323862545192242,0.8429410867393017,1.8753273412585258,5.103318020701408,0.8662122301757336,55.56213855743408,63.40699614956975,36.5930050611496
./data/processed/test/John_Ashcroft/John_Ashcroft_0044.jpg,John_Ashcroft,John_Ashcroft,True,0.03659120574593544,0.0,0.05035112262703478,0.05035112262703478,0.0012853499356424436,0.0,2.1021686494350433,2.1538051219977206,97.84619808197021
./data/processed/test/John_Ashcroft/John_Ashcroft_0048.jpg,John_Ashcroft,John_Ashcroft,True,0.036414749920368195,0.050876091700047255,0.034906063228845596,0.08578215492889285,0.016881991177797318,0.0,3.4800034016370773,3.5826675477437675,96.41733169555664
./data/processed/test/John_Ashcroft/John_Ashcroft_0051.jpg,John_Ashcroft,John_Ashcroft,True,0.036561381071805954,0.05365037941373885,0.048079859698191285,0.10173023911193013,0.023311443510465324,0.0,3.56583334505558,3.6908750276779756,96.3091254234314
./data/processed/test/John_Bolton/John_Bolton_0001.jpg,John_Bolton,John_Bolton,True,0.017010342329740524,0.2350019756704569,0.3030760446563363,0.5380780203267932,2.194976434111595,1.0941973887383938,33.78158509731293,37.60883694048971,62.39116191864014
./data/processed/test/John_Bolton/John_Bolton_0002.jpg,John_Bolton,John_Bolton,True,0.01714010164141655,0.4364216234534979,0.6301116198301315,1.0665332432836294,3.0437884852290154,0.8029636926949024,40.31648635864258,45.229771779850125,54.77023720741272
./data/processed/test/John_Bolton/John_Bolton_0006.jpg,John_Bolton,John_Bolton,True,0.017099525779485703,0.1806267653591931,0.24423564318567514,0.42486240854486823,1.7210077494382858,0.9708634577691555,25.036007165908813,28.152740781661123,71.84725999832153
./data/processed/test/John_Bolton/John_Bolton_0016.jpg,John_Bolton,John_Bolton,True,0.015738632529973984,0.0,0.06795370136387646,0.06795370136387646,1.9793294370174408,2.4497268721461296,43.02746057510376,47.52447058563121,52.47552990913391
./data/processed/test/John_Howard/John_Howard_0001.jpg,John_Howard,John_Howard,True,0.017209423705935478,0.019611880998127162,0.049898389261215925,0.06951027025934309,0.09196101455017924,0.19759144634008408,7.085859030485153,7.44492176163476,92.55506992340088
./data/processed/test/John_Howard/John_Howard_0002.jpg,John_Howard,John_Howard,True,0.017117800191044807,0.03847239131573588,0.03605812962632626,0.07453052094206214,0.05086741293780506,0.023244965996127576,5.517401918768883,5.6660448186448775,94.3339467048645
./data/processed/test/John_Howard/John_Howard_0006.jpg,John_Howard,John_Howard,True,0.01600545272231102,0.6539626512676477,0.9122733026742935,1.5662359539419413,5.634976550936699,1.4729565009474754,56.14476799964905,64.81893700547516,35.181066393852234
./data/processed/test/John_Howard/John_Howard_0012.jpg,John_Howard,John_Howard,True,0.017079990357160568,0.057430576998740435,0.052333984058350325,0.10976456105709076,0.07223559077829123,0.04899738705717027,5.53482212126255,5.765819660155103,94.23419237136841
./data/processed/test/John_Kerry/John_Kerry_0001.jpg,John_Kerry,John_Kerry,True,0.01649579592049122,0.33561165910214186,0.3844222519546747,0.7200339110568166,1.9293205812573433,0.5993812810629606,21.688158810138702,24.936894583515823,75.06310939788818
./data/processed/test/John_Kerry/John_Kerry_0002.jpg,John_Kerry,John_Kerry,True,0.016368012875318527,0.3769846633076668,0.39839819073677063,0.7753828540444374,1.6322607174515724,0.42263451032340527,20.64642459154129,23.476702673360705,76.52329206466675
./data/processed/test/John_Kerry/John_Kerry_0006.jpg,John_Kerry,John_Kerry,True,0.01595858484506607,0.15349254244938493,0.247166957706213,0.4006595001555979,1.138389203697443,0.17551236087456346,15.887044370174408,17.601605434902012,82.3983907699585
./data/processed/test/John_Kerry/John_Kerry_0016.jpg,John_Kerry,John_Kerry,True,0.0161394402384758,0.2851014491170645,0.26606100145727396,0.5511624505743384,1.9379038363695145,1.3649027794599533,20.025725662708282,23.87969472911209,76.12029910087585
./data/processed/test/John_Negroponte/John_Negroponte_0009.jpg,John_Negroponte,John_Negroponte,True,0.02308150939643383,0.08985124295577407,0.06875914405100048,0.15861038700677454,0.054156233090907335,0.02684466599021107,6.418845057487488,6.658456343575381,93.34154725074768
./data/processed/test/John_Negroponte/John_Negroponte_0010.jpg,John_Negroponte,John_Negroponte,True,0.022737199440598488,0.5669176578521729,0.5687806755304337,1.1356983333826065,2.598535269498825,0.9748256765305996,30.419886112213135,35.128945391625166,64.87104892730713
./data/processed/test/John_Negroponte/John_Negroponte_0016.jpg,John_Negroponte,John_Negroponte,True,0.022680649533867836,0.1423198264092207,0.2273070625960827,0.3696268890053034,0.9437351487576962,0.55058179423213,12.171366065740585,14.035309897735715,85.96469163894653
./data/processed/test/John_Negroponte/John_Negroponte_0018.jpg,John_Negroponte,John_Negroponte,True,0.023021267727017403,0.09672237210907042,0.11191593948751688,0.2086383115965873,0.08315616869367659,0.03039184375666082,8.007077127695084,8.329263451742008,91.67073369026184
./data/processed/test/John_Negroponte/John_Negroponte_0024.jpg,John_Negroponte,John_Negroponte,True,0.0228574238717556,0.34642391838133335,0.3759225597605109,0.7223464781418443,1.3683602213859558,0.5956857465207577,19.81574296951294,22.502135415561497,77.49786376953125
./data/processed/test/John_Negroponte/John_Negroponte_0028.jpg,John_Negroponte,John_Negroponte,True,0.0228340532630682,0.4297974053770304,0.30900302808731794,0.7388004334643483,1.5277310274541378,0.6153496447950602,18.43319684267044,21.315077948383987,78.68492603302002
./data/processed/test/John_Negroponte/John_Negroponte_0030.jpg,John_Negroponte,John_Negroponte,True,0.023032670840620995,0.11941164266318083,0.1096788328140974,0.22909047547727823,0.06770842592231929,0.004720055221696384,7.320841401815414,7.622360358436708,92.37764477729797
./data/processed/test/John_Paul_II/John_Paul_II_0001.jpg,John_Paul_II,John_Paul_II,True,0.01193666085600853,0.39135804399847984,0.4187469370663166,0.8101049810647964,3.6498725414276123,1.374098565429449,36.28434240818024,42.118418496102095,57.8815758228302
./data/processed/test/John_Paul_II/John_Paul_II_0006.jpg,John_Paul_II,John_Paul_II,True,0.011806415393948555,0.17170405481010675,0.30474227387458086,0.4764463286846876,1.5473672188818455,0.7381516508758068,21.796950697898865,24.558915896341205,75.44108629226685
./data/processed/test/John_Paul_II/John_Paul_II_0010.jpg,John_Paul_II,John_Paul_II,True,0.01196223683655262,0.04927499103359878,0.05098391557112336,0.10025890660472214,0.2379478421062231,0.36969236098229885,10.264807939529419,10.972707049222663,89.02729153633118
./data/processed/test/John_Snow/John_Snow_0001.jpg,John_Snow,John_Snow,True,0.01666322536766529,0.06978584569878876,0.12275398476049304,0.1925398304592818,0.05585215985774994,0.009194735321216285,11.340029537677765,11.597616263316013,88.4023904800415
./data/processed/test/John_Snow/John_Snow_0002.jpg,John_Snow,John_Snow,True,0.01635908894240856,0.5666365381330252,0.8932889439165592,1.4599254820495844,4.003308713436127,1.1208008974790573,46.583881974220276,53.167917067185044,46.83208763599396
./data/processed/test/John_Snow/John_Snow_0006.jpg,John_Snow,John_Snow,True,0.016389263793826103,0.7755047641694546,0.8373871445655823,1.6128919087350368,5.521146208047867,1.6824861988425255,53.77325415611267,62.5897784717381,37.41023242473602
./data/processed/test/John_Snow/John_Snow_0016.jpg,John_Snow,John_Snow,True,0.01664227806031704,0.08293178980238736,0.10721207363530993,0.1901438634376973,0.050045119132846594,0.0,8.510801941156387,8.750990923726931,91.24900698661804
./data/processed/test/Joschka_Fischer/Joschka_Fischer_0001.jpg,Joschka_Fischer,Joschka_Fischer,True,0.016736485064029694,0.15027804765850306,0.03372164792381227,0.18399969558231533,0.11885256972163916,0.02919730613939464,11.60520538687706,11.937254958320409,88.06275129318237
./data/processed/test/Joschka_Fischer/Joschka_Fischer_0002.jpg,Joschka_Fischer,Joschka_Fischer,True,0.015778303146362305,0.23040585219860077,0.11779454071074724,0.348200392909348,0.6276917178183794,0.17735171131789684,14.002838730812073,15.156082552857697,84.84392166137695
./data/processed/test/Joschka_Fischer/Joschka_Fischer_0006.jpg,Joschka_Fischer,Joschka_Fischer,True,0.017117274925112724,0.39687585085630417,0.45227352529764175,0.8491493761539459,2.4785205721855164,0.5788268055766821,30.12268841266632,34.029185166582465,65.97080826759338
./data/processed/test/Joschka_Fischer/Joschka_Fischer_0012.jpg,Joschka_Fischer,Joschka_Fischer,True,0.017207438126206398,0.4841475747525692,0.42237844318151474,0.9065260179340839,2.188771218061447,0.4004024900496006,27.219218015670776,30.714917741715908,69.28508281707764
./data/processed/test/Jose_Maria_Aznar/Jose_Maria_Aznar_0001.jpg,Jose_Maria_Aznar,Jose_Maria_Aznar,True,0.01757877878844738,0.06913550314493477,0.05755370366387069,0.12668920680880547,0.804709829390049,1.302211545407772,16.15905463695526,18.392665218561888,81.60732984542847
./data/processed/test/Jose_Maria_Aznar/Jose_Maria_Aznar_0009.jpg,Jose_Maria_Aznar,Jose_Maria_Aznar,True,0.017457660287618637,0.23296065628528595,0.2910165349021554,0.5239771911874413,1.4769029803574085,0.785412173718214,23.724906146526337,26.5111984917894,73.4887957572937
./data/processed/test/Jose_Maria_Aznar/Jose_Maria_Aznar_0010.jpg,Jose_Maria_Aznar,Jose_Maria_Aznar,True,0.01759492978453636,0.6060664542019367,0.579344853758812,1.1854113079607487,3.531690686941147,0.8820602670311928,35.709527134895325,41.30868939682841,58.69131684303284
./data/processed/test/Jose_Maria_Aznar/Jose_Maria_Aznar_0016.jpg,Jose_Maria_Aznar,Jose_Maria_Aznar,True,0.017692625522613525,0.03728492883965373,0.006759387906640768,0.0440443167462945,0.4659215919673443,0.9568555280566216,11.45995780825615,12.92677924502641,87.07321882247925
./data/processed/test/Jose_Maria_Aznar/Jose_Maria_Aznar_0018.jpg,Jose_Maria_Aznar,Jose_Maria_Aznar,True,0.01750638708472252,0.13713748194277287,0.14016750501468778,0.27730498695746064,1.3949276879429817,2.4004587903618813,18.915563821792603,22.988255287054926,77.01173424720764
./data/processed/test/Juan_Carlos_Ferrero/Juan_Carlos_Ferrero_0001.jpg,Juan_Carlos_Ferrero,Juan_Carlos_Ferrero,True,0.022783229127526283,0.3307473147287965,0.22647110745310783,0.5572184221819043,1.612626202404499,0.5735091865062714,19.490066170692444,22.23341998178512,77.76658535003662
./data/processed/test/Juan_Carlos_Ferrero/Juan_Carlos_Ferrero_0009.jpg,Juan_Carlos_Ferrero,Juan_Carlos_Ferrero,True,0.02297629974782467,0.2070837188512087,0.12711576418951154,0.3341994830407202,0.827367976307869,0.20972986239939928,13.295772671699524,14.667069993447512,85.33293008804321
./data/processed/test/Juan_Carlos_Ferrero/Juan_Carlos_Ferrero_0010.jpg,Juan_Carlos_Ferrero,Juan_Carlos_Ferrero,True,0.02284782938659191,0.09943465702235699,0.04948037676513195,0.14891503378748894,0.06717157084494829,0.038374849827960134,6.1873070895671844,6.441768544027582,93.55823397636414
./data/processed/test/Juan_Carlos_Ferrero/Juan_Carlos_Ferrero_0013.jpg,Juan_Carlos_Ferrero,Juan_Carlos_Ferrero,True,0.022845733910799026,0.30191640835255384,0.1842403318732977,0.48615674022585154,1.9547777250409126,0.4651606548577547,21.100033819675446,24.006128939799964,75.99387168884277
./data/processed/test/Juan_Carlos_Ferrero/Juan_Carlos_Ferrero_0022.jpg,Juan_Carlos_Ferrero,Juan_Carlos_Ferrero,True,0.02223978191614151,0.26414154563099146,0.25569575373083353,0.519837299361825,1.9188284873962402,0.8858124725520611,24.540601670742035,27.86507993005216,72.13490605354309
./data/processed/test/Juan_Carlos_Ferrero/Juan_Carlos_Ferrero_0026.jpg,Juan_Carlos_Ferrero,Juan_Carlos_Ferrero,True,0.022655602544546127,0.15746874269098043,0.11388612911105156,0.271354871802032,0.10195514187216759,0.031031831167638302,11.216232180595398,11.620574025437236,88.37941884994507
./data/processed/test/Julianne_Moore/Julianne_Moore_0001.jpg,Julianne_Moore,Julianne_Moore,True,0.01510275062173605,0.5714310333132744,0.49844481982290745,1.0698758531361818,3.418578580021858,1.8806597217917442,35.95244884490967,42.32156299985945,57.678425312042236
./data/processed/test/Julianne_Moore/Julianne_Moore_0002.jpg,Julianne_Moore,Julianne_Moore,True,0.01512577012181282,0.2925243694335222,0.2652917057275772,0.5578160751610994,1.7748460173606873,2.0013146102428436,20.335978269577026,24.669954972341657,75.3300428390503
./data/processed/test/Julianne_Moore/Julianne_Moore_0006.jpg,Julianne_Moore,Julianne_Moore,True,0.011466079391539097,0.42901993729174137,0.4267886746674776,0.855808611959219,1.8973808735609055,1.225979346781969,24.745292961597443,28.724461793899536,71.27553820610046
./data/processed/test/Julianne_Moore/Julianne_Moore_0012.jpg,Julianne_Moore,Julianne_Moore,True,0.015383361838757992,0.01195037184515968,0.002648643385327887,0.014599015230487566,0.24931924417614937,1.1460047215223312,7.052360475063324,8.462283455992292,91.53817892074585
./data/processed/test/Julie_Gerberding/Julie_Gerberding_0001.jpg,Julie_Gerberding,Julie_Gerberding,True,0.016019847244024277,0.7414642721414566,0.6989371497184038,1.4404014218598604,3.220411017537117,1.2331378646194935,34.20319855213165,40.097148856148124,59.902846813201904
./data/processed/test/Julie_Gerberding/Julie_Gerberding_0010.jpg,Julie_Gerberding,Julie_Gerberding,True,0.016069620847702026,0.18759233644232154,0.4622393287718296,0.6498316652141511,1.3514523394405842,0.6398405414074659,25.73203146457672,28.373156010638922,71.62684202194214
./data/processed/test/Julie_Gerberding/Julie_Gerberding_0012.jpg,Julie_Gerberding,Julie_Gerberding,True,0.015950780361890793,0.46830656938254833,0.3664806019514799,0.8347871713340282,2.1441005170345306,0.4596233367919922,29.090070724487305,32.528581749647856,67.47141480445862
./data/processed/test/Junichiro_Koizumi/Junichiro_Koizumi_0001.jpg,Junichiro_Koizumi,Junichiro_Koizumi,True,0.04268830269575119,0.6416718941181898,0.8192063309252262,1.460878225043416,3.780173510313034,0.7924643345177174,43.97776424884796,50.01128031872213,49.98871088027954
./data/processed/test/Junichiro_Koizumi/Junichiro_Koizumi_0006.jpg,Junichiro_Koizumi,Junichiro_Koizumi,True,0.04252411797642708,0.4401794634759426,0.5881408229470253,1.028320286422968,3.8054436445236206,1.493608020246029,38.14387321472168,44.4712451659143,55.52874803543091
./data/processed/test/Junichiro_Koizumi/Junichiro_Koizumi_0013.jpg,Junichiro_Koizumi,Junichiro_Koizumi,True,0.042576391249895096,0.07758243009448051,0.03947278019040823,0.11705521028488874,0.044875871390104294,0.0050017941248370335,4.89254854619503,5.05948142199486,94.94051933288574
./data/processed/test/Junichiro_Koizumi/Junichiro_Koizumi_0014.jpg,Junichiro_Koizumi,Junichiro_Koizumi,True,0.0425906702876091,0.4085815977305174,0.4630220588296652,0.8716036565601826,2.4837223812937737,0.5587036721408367,26.455634832382202,30.369664542376995,69.63032484054565
./data/processed/test/Junichiro_Koizumi/Junichiro_Koizumi_0034.jpg,Junichiro_Koizumi,Junichiro_Koizumi,True,0.04257222265005112,0.2091510919854045,0.26887289714068174,0.47802398912608624,1.5164917334914207,0.34923290368169546,19.556699693202972,21.900448319502175,78.09956073760986
./data/processed/test/Junichiro_Koizumi/Junichiro_Koizumi_0037.jpg,Junichiro_Koizumi,Junichiro_Koizumi,True,0.04265422001481056,0.07513064774684608,0.11121907737106085,0.18634972511790693,0.05811296286992729,0.011511953925946727,6.892906874418259,7.14888151633204,92.85113215446472
./data/processed/test/Junichiro_Koizumi/Junichiro_Koizumi_0046.jpg,Junichiro_Koizumi,Junichiro_Koizumi,True,0.042704157531261444,0.5376011598855257,0.5248598754405975,1.0624610353261232,2.939224988222122,0.736909219995141,32.226067781448364,36.96466302499175,63.03533315658569
./data/processed/test/Junichiro_Koizumi/Junichiro_Koizumi_0047.jpg,Junichiro_Koizumi,Junichiro_Koizumi,True,0.042741578072309494,0.4199210088700056,0.4478564951568842,0.8677775040268898,2.3160384967923164,0.6450699642300606,26.977407932281494,30.80629389733076,69.19370889663696
./data/processed/test/Junichiro_Koizumi/Junichiro_Koizumi_0049.jpg,Junichiro_Koizumi,Junichiro_Koizumi,True,0.042675670236349106,0.3182253334671259,0.3652281826362014,0.6834535161033273,1.9553178921341896,0.5423447582870722,23.236049711704254,26.417165878228843,73.58283996582031
./data/processed/test/Junichiro_Koizumi/Junichiro_Koizumi_0051.jpg,Junichiro_Koizumi,Junichiro_Koizumi,True,0.04263797774910927,0.048535712994635105,0.04558438085950911,0.09412009385414422,0.05822436069138348,0.0037952802813379094,3.4569576382637024,3.613097373090568,96.38689756393433
./data/processed/test/Junichiro_Koizumi/Junichiro_Koizumi_0055.jpg,Junichiro_Koizumi,Junichiro_Koizumi,True,0.04257940128445625,0.3908265382051468,0.3533841110765934,0.7442106492817402,3.262258693575859,0.8638232015073299,36.640989780426025,41.511282324790955,58.48871469497681
./data/processed/test/Junichiro_Koizumi/Junichiro_Koizumi_0058.jpg,Junichiro_Koizumi,Junichiro_Koizumi,True,0.042018014937639236,0.05956569220870733,0.07480712956748903,0.13437282177619636,0.05507481982931495,0.03511047107167542,7.6759882271289825,7.900546339806169,92.0994520187378
./data/processed/test/Keanu_Reeves/Keanu_Reeves_0001.jpg,Keanu_Reeves,Keanu_Reeves,True,0.010463262908160686,0.07877363823354244,0.02676974982023239,0.10554338805377483,0.24907274637371302,0.9247923269867897,9.264464676380157,10.543873137794435,89.4561231136322
./data/processed/test/Keanu_Reeves/Keanu_Reeves_0010.jpg,Keanu_Reeves,Keanu_Reeves,True,0.010811581276357174,0.1077907276339829,0.17085958970710635,0.27865031734108925,0.12331270845606923,0.04677394172176719,12.7158522605896,13.164589228108525,86.8354082107544
./data/processed/test/Keanu_Reeves/Keanu_Reeves_0011.jpg,Keanu_Reeves,David_Beckham,False,0.011976256035268307,0.008182970486814156,0.0,0.008182970486814156,0.171637034509331,0.4601995460689068,7.364806532859802,8.004826083924854,91.99517965316772
./data/processed/test/Kim_Clijsters/Kim_Clijsters_0001.jpg,Kim_Clijsters,Kim_Clijsters,True,0.01200607605278492,0.17418793868273497,0.13065517414361238,0.30484311282634735,0.5473128519952297,0.6160201504826546,14.283433556556702,15.751609671860933,84.24839377403259
./data/processed/test/Kim_Clijsters/Kim_Clijsters_0010.jpg,Kim_Clijsters,Kim_Clijsters,True,0.012387104332447052,0.4272392485290766,0.5688001867383718,0.9960394352674484,4.102890565991402,2.300095744431019,37.1331512928009,44.53217703849077,55.46780824661255
./data/processed/test/Kim_Clijsters/Kim_Clijsters_0012.jpg,Kim_Clijsters,Kim_Clijsters,True,0.01309015229344368,0.5137070082128048,0.7020489778369665,1.2157559860497713,4.006657004356384,2.308892644941807,40.30495285987854,47.8362584952265,52.1637499332428
./data/processed/test/Kim_Ryong-sung/Kim_Ryong-sung_0001.jpg,Kim_Ryong-sung,Jeremy_Greenstock,False,0.01305999606847763,0.13231815537437797,0.24301731027662754,0.3753354656510055,1.5823094174265862,0.7773092947900295,22.32976108789444,25.06471526576206,74.93528127670288
./data/processed/test/Kim_Ryong-sung/Kim_Ryong-sung_0006.jpg,Kim_Ryong-sung,Arnold_Schwarzenegger,False,0.011973883956670761,0.5263147875666618,0.4502618219703436,0.9765766095370054,2.9832011088728905,1.007524412125349,33.870288729667664,38.83759086020291,61.16241216659546
./data/processed/test/Kim_Ryong-sung/Kim_Ryong-sung_0010.jpg,Kim_Ryong-sung,Arnold_Schwarzenegger,False,0.014319653622806072,0.5210118368268013,0.5146111827343702,1.0356230195611715,3.8939621299505234,1.1360524222254753,41.822549700737,47.88818727247417,52.11181044578552
./data/processed/test/Kofi_Annan/Kofi_Annan_0009.jpg,Kofi_Annan,Kofi_Annan,True,0.02646893821656704,0.1064474112354219,0.10519764618948102,0.21164505742490292,0.1541659003123641,0.20811145659536123,7.58407935500145,8.158001769334078,91.84200167655945
./data/processed/test/Kofi_Annan/Kofi_Annan_0010.jpg,Kofi_Annan,Kofi_Annan,True,0.02646550163626671,0.05721856141462922,0.07698928820900619,0.1342078496236354,0.38623069413006306,0.17267134971916676,6.44388273358345,7.1369926270563155,92.8629994392395
./data/processed/test/Kofi_Annan/Kofi_Annan_0016.jpg,Kofi_Annan,Kofi_Annan,True,0.026181291788816452,0.022679618268739432,0.01813028793549165,0.04080990620423108,0.2386967185884714,0.636503379791975,9.808056801557541,10.724066806142218,89.27593231201172
./data/processed/test/Kofi_Annan/Kofi_Annan_0018.jpg,Kofi_Annan,Kofi_Annan,True,0.026480117812752724,0.22978626657277346,0.23818300105631351,0.46796926762908697,1.1383652687072754,0.47469050623476505,13.714861869812012,15.79588691238314,84.21702980995178
./data/processed/test/Kofi_Annan/Kofi_Annan_0025.jpg,Kofi_Annan,Kofi_Annan,True,0.02640637755393982,0.11680425377562642,0.08938147220760584,0.20618572598323226,0.09730882593430579,0.06306115537881851,5.974585190415382,6.341140897711739,93.65885853767395
./data/processed/test/Kofi_Annan/Kofi_Annan_0030.jpg,Kofi_Annan,Kofi_Annan,True,0.026285290718078613,0.46202619560062885,0.5540715530514717,1.0160977486521006,2.740289457142353,1.026080921292305,28.317248821258545,33.0997169483453,66.90028309822083
./data/processed/test/Kofi_Annan/Kofi_Annan_0031.jpg,Kofi_Annan,Kofi_Annan,True,0.026431404054164886,0.10174481431022286,0.11280650505796075,0.2145513193681836,0.11331080459058285,0.0794957741163671,7.480289041996002,7.887646940071136,92.11235046386719
./data/processed/test/Lance_Armstrong/Lance_Armstrong_0001.jpg,Lance_Armstrong,Lance_Armstrong,True,0.013339400291442871,0.06296800565905869,0.13197404332458973,0.19494204898364842,0.1364080118946731,0.05049515166319907,7.886666804552078,8.268512017093599,91.7314887046814
./data/processed/test/Lance_Armstrong/Lance_Armstrong_0002.jpg,Lance_Armstrong,David_Beckham,False,0.011538496240973473,0.0872462464030832,0.15643046936020255,0.24367671576328576,0.5219204351305962,0.5472453776746988,11.374620348215103,12.687462876783684,87.31253147125244
./data/processed/test/Lance_Armstrong/Lance_Armstrong_0006.jpg,Lance_Armstrong,Lance_Armstrong,True,0.012709075585007668,0.009545141801936552,0.012307018914725631,0.021852160716662183,0.33453197684139013,1.121325045824051,7.829159498214722,9.306868681596825,90.69313406944275
./data/processed/test/Lance_Armstrong/Lance_Armstrong_0009.jpg,Lance_Armstrong,Lance_Armstrong,True,0.013877182267606258,0.1809429842978716,0.0,0.1809429842978716,0.8524947799742222,1.1259973980486393,15.911652147769928,18.07108731009066,81.92891478538513
./data/processed/test/Laura_Bush/Laura_Bush_0005.jpg,Laura_Bush,Laura_Bush,True,0.03154163807630539,0.14230660162866116,0.10567752178758383,0.24798412341624498,0.09384977747686207,0.0755772809498012,7.111001014709473,7.528412196552381,92.47159361839294
./data/processed/test/Laura_Bush/Laura_Bush_0009.jpg,Laura_Bush,Laura_Bush,True,0.031448643654584885,0.09628525585867465,0.06569144316017628,0.16197669901885092,0.07764933397993445,0.037294128560461104,6.900303810834885,7.177223972394131,92.82277226448059
./data/processed/test/Laura_Bush/Laura_Bush_0014.jpg,Laura_Bush,Laura_Bush,True,0.03153635188937187,0.1406602910719812,0.12713115429505706,0.26779144536703825,0.44756699353456497,0.24689873680472374,9.268978983163834,10.23123615887016,89.76876735687256
./data/processed/test/Laura_Bush/Laura_Bush_0020.jpg,Laura_Bush,Laura_Bush,True,0.030873360112309456,0.1168257906101644,0.07444782531820238,0.19127361592836678,0.0771067978348583,0.06153099238872528,5.606833100318909,5.936744506470859,94.06325221061707
./data/processed/test/Laura_Bush/Laura_Bush_0025.jpg,Laura_Bush,Laura_Bush,True,0.031551163643598557,0.22113232407718897,0.1625987235456705,0.3837310476228595,0.48941848799586296,0.2856871113181114,9.666302055120468,10.825138702057302,89.17486667633057
./data/processed/test/Laura_Bush/Laura_Bush_0026.jpg,Laura_Bush,Laura_Bush,True,0.031155556440353394,0.11166344629600644,0.0890138151589781,0.20067726145498455,0.08964379667304456,0.15873544616624713,9.746871888637543,10.195928392931819,89.80430960655212
./data/processed/test/Laura_Bush/Laura_Bush_0030.jpg,Laura_Bush,Laura_Bush,True,0.03127790987491608,0.14169778442010283,0.10607364820316434,0.24777143262326717,0.36594741977751255,0.09427561308257282,9.661692380905151,10.369686846388504,89.6303117275238
./data/processed/test/Laura_Bush/Laura_Bush_0040.jpg,Laura_Bush,Laura_Bush,True,0.03109917603433132,0.4055291414260864,0.43394160456955433,0.8394707459956408,1.8345125019550323,0.5181794054806232,22.51444160938263,25.706604262813926,74.29338693618774
./data/processed/test/Laura_Bush/Laura_Bush_0041.jpg,Laura_Bush,Laura_Bush,True,0.031607210636138916,0.07899486226961017,0.07360977469943464,0.1526046369690448,0.08096317178569734,0.06674203323200345,6.668479740619659,6.968789582606405,93.03121566772461
./data/processed/test/Lindsay_Davenport/Lindsay_Davenport_0001.jpg,Lindsay_Davenport,Lindsay_Davenport,True,0.018516547977924347,0.2399583114311099,0.4149343352764845,0.6548926467075944,1.403912715613842,0.7753107231110334,18.144305050373077,20.978421135805547,79.02158498764038
./data/processed/test/Lindsay_Davenport/Lindsay_Davenport_0002.jpg,Lindsay_Davenport,Lindsay_Davenport,True,0.018269909545779228,0.05393725004978478,0.26175184175372124,0.315689091803506,0.08893452468328178,0.06292290636338294,12.443902343511581,12.911448866361752,87.08854913711548
./data/processed/test/Lindsay_Davenport/Lindsay_Davenport_0009.jpg,Lindsay_Davenport,Lindsay_Davenport,True,0.01876317523419857,0.46061291359364986,0.4255192819982767,0.8861321955919266,2.0678970962762833,0.5872825160622597,27.484428882598877,31.025740690529346,68.97427439689636
./data/processed/test/Lindsay_Davenport/Lindsay_Davenport_0014.jpg,Lindsay_Davenport,Lindsay_Davenport,True,0.018070898950099945,0.08699227473698556,0.022064620861783624,0.10905689559876919,0.04694318922702223,0.13949169078841805,4.643226787447929,4.938718563062139,95.06128430366516
./data/processed/test/Lindsay_Davenport/Lindsay_Davenport_0016.jpg,Lindsay_Davenport,Lindsay_Davenport,True,0.018519693985581398,0.05023955018259585,0.18402087735012174,0.23426042753271759,0.16925213858485222,0.24672523140907288,11.30945160984993,11.959689407376572,88.04031610488892
./data/processed/test/Lleyton_Hewitt/Lleyton_Hewitt_0005.jpg,Lleyton_Hewitt,Lleyton_Hewitt,True,0.027839550748467445,0.10057059116661549,0.023333811259362847,0.12390440242597833,0.21846664603799582,0.41383225470781326,10.279949009418488,11.036152312590275,88.96384835243225
./data/processed/test/Lleyton_Hewitt/Lleyton_Hewitt_0009.jpg,Lleyton_Hewitt,Lleyton_Hewitt,True,0.03084448352456093,0.40929815731942654,0.32075841445475817,0.7300565717741847,1.596245914697647,0.3499779384583235,21.14816904067993,23.824449465610087,76.17554664611816
./data/processed/test/Lleyton_Hewitt/Lleyton_Hewitt_0014.jpg,Lleyton_Hewitt,Lleyton_Hewitt,True,0.018928632140159607,0.1551202847622335,0.5141669418662786,0.6692872266285121,1.2419966980814934,0.6574670784175396,35.61013638973236,38.178887392859906,61.82110905647278
./data/processed/test/Lleyton_Hewitt/Lleyton_Hewitt_0020.jpg,Lleyton_Hewitt,Lleyton_Hewitt,True,0.030672507360577583,0.3483506618067622,0.28481665067374706,0.6331673124805093,1.5931600704789162,0.882306694984436,20.235560834407806,23.344194912351668,76.65579915046692
./data/processed/test/Lleyton_Hewitt/Lleyton_Hewitt_0025.jpg,Lleyton_Hewitt,Lleyton_Hewitt,True,0.03077416867017746,0.2339584520086646,0.1735686673782766,0.4075271193869412,0.8002163842320442,0.391195947304368,16.10076129436493,17.699700745288283,82.30030536651611
./data/processed/test/Lleyton_Hewitt/Lleyton_Hewitt_0026.jpg,Lleyton_Hewitt,Lleyton_Hewitt,True,0.03026956506073475,0.26893478352576494,0.2249538665637374,0.49388865008950233,1.2110977433621883,0.7293586619198322,17.520198225975037,19.95454328134656,80.04546761512756
./data/processed/test/Lleyton_Hewitt/Lleyton_Hewitt_0030.jpg,Lleyton_Hewitt,Lleyton_Hewitt,True,0.03082575462758541,0.24070979561656713,0.22039071191102266,0.4611005075275898,1.132531277835369,0.5129095166921616,17.293737828731537,19.400279130786657,80.59973120689392
./data/processed/test/Lleyton_Hewitt/Lleyton_Hewitt_0040.jpg,Lleyton_Hewitt,Lleyton_Hewitt,True,0.026836486533284187,0.1653736806474626,0.09562454652041197,0.2609982271678746,0.14642445603385568,0.0167228325153701,9.676794707775116,10.100940223492216,89.89905118942261
./data/processed/test/Lleyton_Hewitt/Lleyton_Hewitt_0041.jpg,Lleyton_Hewitt,Lleyton_Hewitt,True,0.030984193086624146,0.12097494909539819,0.08227666257880628,0.20325161167420447,0.37075618747621775,0.6183039862662554,10.260321944952011,11.452633730368689,88.54737877845764
./data/processed/test/Lucio_Gutierrez/Lucio_Gutierrez_0001.jpg,Lucio_Gutierrez,Alejandro_Toledo,False,0.013336124829947948,0.08392251329496503,0.11632324894890189,0.20024576224386692,0.08452510228380561,0.11452683247625828,6.612226366996765,7.011524064000696,92.98847913742065
./data/processed/test/Lucio_Gutierrez/Lucio_Gutierrez_0010.jpg,Lucio_Gutierrez,Lucio_Gutierrez,True,0.011480194516479969,0.2731990534812212,0.42158658616244793,0.6947856396436691,2.4222293868660927,0.5588056985288858,32.01686441898346,35.69268514402211,64.30732011795044
./data/processed/test/Lucio_Gutierrez/Lucio_Gutierrez_0012.jpg,Lucio_Gutierrez,Hugo_Chavez,False,0.013277282938361168,0.49157640896737576,0.24973740801215172,0.7413138169795275,1.770021952688694,0.6679210811853409,27.236592769622803,30.415849620476365,69.58414912223816
./data/processed/test/Luiz_Inacio_Lula_da_Silva/Luiz_Inacio_Lula_da_Silva_0005.jpg,Luiz_Inacio_Lula_da_Silva,Luiz_Inacio_Lula_da_Silva,True,0.033291060477495193,0.16884063370525837,0.16733664087951183,0.3361772745847702,0.7016589865088463,0.16338976565748453,13.599590957164764,14.800816983915865,85.19917726516724
./data/processed/test/Luiz_Inacio_Lula_da_Silva/Luiz_Inacio_Lula_da_Silva_0013.jpg,Luiz_Inacio_Lula_da_Silva,Luiz_Inacio_Lula_da_Silva,True,0.03325579687952995,0.06220004870556295,0.04231845086906105,0.104518499574624,0.11019648518413305,0.17370067071169615,6.401445716619492,6.789861372089945,93.21011900901794
./data/processed/test/Luiz_Inacio_Lula_da_Silva/Luiz_Inacio_Lula_da_Silva_0020.jpg,Luiz_Inacio_Lula_da_Silva,Luiz_Inacio_Lula_da_Silva,True,0.033009108155965805,0.03023377212230116,0.029746012296527624,0.059979784418828785,0.13801641762256622,0.15537673607468605,7.578486949205399,7.93185988732148,92.06814169883728
./data/processed/test/Luiz_Inacio_Lula_da_Silva/Luiz_Inacio_Lula_da_Silva_0025.jpg,Luiz_Inacio_Lula_da_Silva,Luiz_Inacio_Lula_da_Silva,True,0.03319212794303894,0.0872925273142755,0.04991290043108165,0.13720542774535716,0.08692709379829466,0.045236750156618655,7.864832133054733,8.134201404755004,91.86579585075378
./data/processed/test/Luiz_Inacio_Lula_da_Silva/Luiz_Inacio_Lula_da_Silva_0026.jpg,Luiz_Inacio_Lula_da_Silva,Luiz_Inacio_Lula_da_Silva,True,0.03322679176926613,0.23523317649960518,0.2485272940248251,0.4837604705244303,1.649227924644947,0.4051180090755224,22.42303490638733,24.96114131063223,75.03886818885803
./data/processed/test/Luiz_Inacio_Lula_da_Silva/Luiz_Inacio_Lula_da_Silva_0027.jpg,Luiz_Inacio_Lula_da_Silva,Luiz_Inacio_Lula_da_Silva,True,0.03318654000759125,0.12025375617668033,0.09667818085290492,0.21693193702958524,0.4949843976646662,0.31089428812265396,10.906362533569336,11.929173156386241,88.07081580162048
./data/processed/test/Luiz_Inacio_Lula_da_Silva/Luiz_Inacio_Lula_da_Silva_0028.jpg,Luiz_Inacio_Lula_da_Silva,Luiz_Inacio_Lula_da_Silva,True,0.03335615620017052,0.24099296424537897,0.2000960987061262,0.4410890629515052,1.563677005469799,0.7155966479331255,19.13444697856903,21.85480969492346,78.16139459609985
./data/processed/test/Luiz_Inacio_Lula_da_Silva/Luiz_Inacio_Lula_da_Silva_0038.jpg,Luiz_Inacio_Lula_da_Silva,Luiz_Inacio_Lula_da_Silva,True,0.033172205090522766,0.0972893089056015,0.059254205552861094,0.1565435144584626,0.123812654055655,0.09283817489631474,7.524750381708145,7.8979447251185775,92.10206866264343
./data/processed/test/Luiz_Inacio_Lula_da_Silva/Luiz_Inacio_Lula_da_Silva_0041.jpg,Luiz_Inacio_Lula_da_Silva,Luiz_Inacio_Lula_da_Silva,True,0.03317435830831528,0.23585895542055368,0.24242086801677942,0.4782798234373331,1.2553359381854534,0.2853911370038986,18.121235072612762,20.140241971239448,79.85976338386536
./data/processed/test/Luiz_Inacio_Lula_da_Silva/Luiz_Inacio_Lula_da_Silva_0044.jpg,Luiz_Inacio_Lula_da_Silva,Luiz_Inacio_Lula_da_Silva,True,0.0332334041595459,0.24023924488574266,0.2009444171562791,0.44118366204202175,1.4074038714170456,0.4827837459743023,18.12576800584793,20.4571392852813,79.54286932945251
./data/processed/test/Mahathir_Mohamad/Mahathir_Mohamad_0001.jpg,Mahathir_Mohamad,Mahathir_Mohamad,True,0.011816131882369518,0.15785013092681766,0.19708347972482443,0.3549336106516421,1.1175120249390602,0.7834825664758682,14.795102179050446,17.051030381117016,82.94897079467773
./data/processed/test/Mahathir_Mohamad/Mahathir_Mohamad_0010.jpg,Mahathir_Mohamad,Mahathir_Mohamad,True,0.01152724213898182,0.32123988494277,0.2506266115233302,0.5718664964661002,1.603052020072937,0.6625673267990351,20.248626172542572,23.086112015880644,76.91388726234436
./data/processed/test/Mahathir_Mohamad/Mahathir_Mohamad_0012.jpg,Mahathir_Mohamad,Mahathir_Mohamad,True,0.011857341043651104,0.03218667698092759,0.2165420912206173,0.24872876820154488,0.06798433023504913,0.03772482159547508,12.623456120491028,12.977894040523097,87.0220959186554
./data/processed/test/Mahmoud_Abbas/Mahmoud_Abbas_0009.jpg,Mahmoud_Abbas,Mahmoud_Abbas,True,0.022600367665290833,0.10836621513590217,0.04106934065930545,0.14943555579520762,0.18783899722620845,0.1877512433566153,9.140215069055557,9.665240865433589,90.33477306365967
./data/processed/test/Mahmoud_Abbas/Mahmoud_Abbas_0010.jpg,Mahmoud_Abbas,Mahmoud_Abbas,True,0.022622257471084595,0.1530690467916429,0.07575605995953083,0.22882510675117373,0.4932969342917204,0.3367533441632986,13.9630526304245,15.021928015630692,84.97806787490845
./data/processed/test/Mahmoud_Abbas/Mahmoud_Abbas_0013.jpg,Mahmoud_Abbas,Mahmoud_Abbas,True,0.02215605042874813,0.2977880882099271,0.28350697830319405,0.5812950665131211,1.662544161081314,0.6023984402418137,24.65435117483139,27.50058884266764,72.49941229820251
./data/processed/test/Mahmoud_Abbas/Mahmoud_Abbas_0017.jpg,Mahmoud_Abbas,Mahmoud_Abbas,True,0.022618619725108147,0.35940262023359537,0.2730748150497675,0.6324774352833629,1.597786322236061,0.4926612600684166,21.86502367258072,24.58794869016856,75.41205883026123
./data/processed/test/Mahmoud_Abbas/Mahmoud_Abbas_0023.jpg,Mahmoud_Abbas,Mahmoud_Abbas,True,0.022673655301332474,0.2346517750993371,0.24212640710175037,0.4767781822010875,1.4371640048921108,0.5086367949843407,19.70255970954895,22.12513869162649,77.87486910820007
./data/processed/test/Mahmoud_Abbas/Mahmoud_Abbas_0028.jpg,Mahmoud_Abbas,Mahmoud_Abbas,True,0.022385630756616592,0.2980305580422282,0.32345601357519627,0.6214865716174245,2.1589649841189384,1.3389765284955502,25.76494812965393,29.884376213885844,70.11562585830688
./data/processed/test/Mark_Philippoussis/Mark_Philippoussis_0001.jpg,Mark_Philippoussis,Jose_Maria_Aznar,False,0.012067624367773533,0.15061384765431285,0.1419118489138782,0.29252569656819105,0.1123076188378036,0.01672711077844724,9.583615511655807,10.00517593784025,89.99481797218323
./data/processed/test/Mark_Philippoussis/Mark_Philippoussis_0006.jpg,Mark_Philippoussis,Jose_Maria_Aznar,False,0.012755492702126503,0.25807437486946583,0.0351036578649655,0.2931780327344313,0.06642258958891034,0.04926880355924368,11.806982010602951,12.215851436485536,87.78414726257324
./data/processed/test/Mark_Philippoussis/Mark_Philippoussis_0010.jpg,Mark_Philippoussis,Jose_Maria_Aznar,False,0.013937370851635933,0.3963625058531761,0.28247442096471786,0.678836926817894,1.6768379136919975,0.39969589561223984,22.26894646883011,25.02431720495224,74.97567534446716
./data/processed/test/Megawati_Sukarnoputri/Megawati_Sukarnoputri_0009.jpg,Megawati_Sukarnoputri,Megawati_Sukarnoputri,True,0.02366890385746956,0.2592493547126651,0.3028738545253873,0.5621232092380524,1.4602924697101116,0.32707001082599163,17.64402687549591,19.993512565270066,80.00649809837341
./data/processed/test/Megawati_Sukarnoputri/Megawati_Sukarnoputri_0010.jpg,Megawati_Sukarnoputri,Megawati_Sukarnoputri,True,0.023516757413744926,0.045820168452337384,0.018411737983115017,0.0642319064354524,0.2185870660468936,0.3407176584005356,6.86759278178215,7.491129412665032,92.50887036323547
./data/processed/test/Megawati_Sukarnoputri/Megawati_Sukarnoputri_0016.jpg,Megawati_Sukarnoputri,Megawati_Sukarnoputri,True,0.0236680805683136,0.2907021902501583,0.3689526813104749,0.6596548715606332,1.8403435125946999,0.8687598630785942,19.884903728961945,23.253661976195872,76.74634456634521
./data/processed/test/Megawati_Sukarnoputri/Megawati_Sukarnoputri_0018.jpg,Megawati_Sukarnoputri,Megawati_Sukarnoputri,True,0.023773055523633957,0.26484376285225153,0.32284643966704607,0.5876902025192976,1.6343731433153152,0.6816676817834377,19.762124121189117,22.665855148807168,77.33414769172668
./data/processed/test/Megawati_Sukarnoputri/Megawati_Sukarnoputri_0020.jpg,Megawati_Sukarnoputri,Megawati_Sukarnoputri,True,0.023838398978114128,0.15932682435959578,0.1805975683964789,0.33992439275607467,0.8822322823107243,0.3672890365123749,13.067997992038727,14.6574437036179,85.34254431724548
./data/processed/test/Megawati_Sukarnoputri/Megawati_Sukarnoputri_0027.jpg,Megawati_Sukarnoputri,Megawati_Sukarnoputri,True,0.023626938462257385,0.01896371686598286,0.08796695619821548,0.10693067306419834,0.18418949330225587,0.2562025794759393,8.590932935476303,9.138255681318697,90.86174368858337
./data/processed/test/Megawati_Sukarnoputri/Megawati_Sukarnoputri_0032.jpg,Megawati_Sukarnoputri,Megawati_Sukarnoputri,True,0.02398790419101715,0.2330715535208583,0.2646652050316334,0.49773675855249166,1.2703699991106987,1.0441900230944157,17.3119455575943,20.124242338351905,79.87576723098755
./data/processed/test/Meryl_Streep/Meryl_Streep_0001.jpg,Meryl_Streep,Meryl_Streep,True,0.011393197812139988,0.11485033901408315,0.08276674780063331,0.19761708681471646,0.07502809748984873,0.07256455137394369,6.324825435876846,6.670035171555355,93.3299720287323
./data/processed/test/Meryl_Streep/Meryl_Streep_0010.jpg,Meryl_Streep,Meryl_Streep,True,0.013118579052388668,0.07073165033943951,0.101981102488935,0.1727127528283745,0.07774750702083111,0.06228021811693907,9.252046048641205,9.56478652660735,90.43521285057068
./data/processed/test/Meryl_Streep/Meryl_Streep_0012.jpg,Meryl_Streep,Meryl_Streep,True,0.013036624528467655,0.42686681263148785,0.5306064616888762,0.957473274320364,4.504756256937981,1.6192004084587097,45.24211883544922,52.32354877516627,47.67645001411438
./data/processed/test/Michael_Bloomberg/Michael_Bloomberg_0001.jpg,Michael_Bloomberg,Michael_Bloomberg,True,0.016705477610230446,0.4771038889884949,0.6126752123236656,1.0897791013121605,3.2721996307373047,0.8056790567934513,36.56975328922272,41.737411078065634,58.26259255409241
./data/processed/test/Michael_Bloomberg/Michael_Bloomberg_0002.jpg,Michael_Bloomberg,Michael_Bloomberg,True,0.01676606386899948,0.5590548738837242,0.6097027100622654,1.1687575839459896,3.456483781337738,0.8788633160293102,39.18337821960449,44.68748290091753,55.312520265579224
./data/processed/test/Michael_Bloomberg/Michael_Bloomberg_0016.jpg,Michael_Bloomberg,Michael_Bloomberg,True,0.016701603308320045,0.7353165652602911,0.6922359112650156,1.4275524765253067,3.729338198900223,1.3363530859351158,40.14911353588104,46.64235729724169,53.357648849487305
./data/processed/test/Michael_Bloomberg/Michael_Bloomberg_0018.jpg,Michael_Bloomberg,Michael_Bloomberg,True,0.016504472121596336,0.7300080731511116,0.8154652081429958,1.5454732812941074,4.904460161924362,1.097614225000143,44.27654147148132,51.824089139699936,48.17591607570648
./data/processed/test/Michael_Jackson/Michael_Jackson_0001.jpg,Michael_Jackson,Gloria_Macapagal_Arroyo,False,0.01248343288898468,0.6119737401604652,0.8330426178872585,1.4450163580477238,3.7868618965148926,1.1880909092724323,41.785040497779846,48.205009661614895,51.79499387741089
./data/processed/test/Michael_Jackson/Michael_Jackson_0010.jpg,Michael_Jackson,Gloria_Macapagal_Arroyo,False,0.012066918425261974,0.4725739825516939,0.4856657702475786,0.9582397527992725,2.269918844103813,1.1949132196605206,24.355852603912354,28.77892442047596,71.22107744216919
./data/processed/test/Michael_Jackson/Michael_Jackson_0011.jpg,Michael_Jackson,Gloria_Macapagal_Arroyo,False,0.012570948339998722,0.8731869980692863,0.9506035596132278,1.8237905576825142,5.512600764632225,3.3469799906015396,47.99088537693024,58.674256689846516,41.32574498653412
./data/processed/test/Michael_Schumacher/Michael_Schumacher_0001.jpg,Michael_Schumacher,Michael_Schumacher,True,0.014827035367488861,0.2704703714698553,0.4025404341518879,0.6730108056217432,1.017049327492714,0.2319426042959094,16.768451035022736,18.690453772433102,81.30953907966614
./data/processed/test/Michael_Schumacher/Michael_Schumacher_0002.jpg,Michael_Schumacher,Gerhard_Schroeder,False,0.013844377361238003,0.20475401543080807,0.24509429931640625,0.4498483147472143,0.14708066591992974,0.08342739311046898,11.571788787841797,12.25214516161941,87.7478539943695
./data/processed/test/Michael_Schumacher/Michael_Schumacher_0006.jpg,Michael_Schumacher,Michael_Schumacher,True,0.01416188944131136,0.6847825367003679,0.5917835514992476,1.2765660881996155,4.751800000667572,1.5740156173706055,41.42228662967682,49.02466833591461,50.97532272338867
./data/processed/test/Michael_Schumacher/Michael_Schumacher_0009.jpg,Michael_Schumacher,Michael_Schumacher,True,0.0125112384557724,0.3255430608987808,0.3197089536115527,0.6452520145103335,3.141099587082863,1.355171576142311,39.373305439949036,44.51482861768454,55.48517107963562
./data/processed/test/Mike_Weir/Mike_Weir_0001.jpg,Mike_Weir,Mike_Weir,True,0.010828963480889797,0.2386133186519146,0.31421699095517397,0.5528303096070886,1.7352374270558357,0.519066583365202,19.79326456785202,22.600398887880147,77.39959955215454
./data/processed/test/Mike_Weir/Mike_Weir_0006.jpg,Mike_Weir,Tiger_Woods,False,0.011182182468473911,0.0680391036439687,0.08014378254301846,0.14818288618698716,0.22138808853924274,0.22147586569190025,8.13380554318428,8.72485238360241,91.27514362335205
./data/processed/test/Mike_Weir/Mike_Weir_0010.jpg,Mike_Weir,Tiger_Woods,False,0.01121584139764309,0.15962322941049933,0.1630942919291556,0.3227175213396549,1.1201448738574982,1.1161952279508114,18.007951974868774,20.56700959801674,79.43299412727356
./data/processed/test/Mohammad_Khatami/Mohammad_Khatami_0002.jpg,Mohammad_Khatami,Mohammad_Khatami,True,0.011216218583285809,0.015589989197906107,0.01364035124424845,0.029230340442154557,0.31176023185253143,1.1109452694654465,10.886920243501663,12.338856085261796,87.66114711761475
./data/processed/test/Mohammad_Khatami/Mohammad_Khatami_0009.jpg,Mohammad_Khatami,Mohammad_Khatami,True,0.012005855329334736,0.0015931600501062348,0.004795451604877599,0.006388611654983833,0.31134861055761576,1.2767024338245392,8.604827523231506,10.199267179268645,89.80072736740112
./data/processed/test/Mohammed_Al-Douri/Mohammed_Al-Douri_0001.jpg,Mohammed_Al-Douri,Mohammed_Al-Douri,True,0.014371967874467373,0.4309714771807194,0.47778584994375706,0.9087573271244764,1.7558762803673744,0.7438933476805687,22.85885214805603,26.26737910322845,73.73262047767639
./data/processed/test/Mohammed_Al-Douri/Mohammed_Al-Douri_0010.jpg,Mohammed_Al-Douri,Mohammed_Al-Douri,True,0.013496221974492073,0.14447111170738935,0.3184222849085927,0.46289339661598206,0.9654119610786438,0.324412202462554,18.21133941411972,19.9640569742769,80.03594875335693
./data/processed/test/Mohammed_Al-Douri/Mohammed_Al-Douri_0012.jpg,Mohammed_Al-Douri,Alejandro_Toledo,False,0.010783681645989418,0.24240294005721807,0.32654975075274706,0.5689526908099651,1.8532583490014076,0.814314465969801,21.6244637966156,24.860989302396774,75.13901591300964
./data/processed/test/Muhammad_Ali/Muhammad_Ali_0002.jpg,Muhammad_Ali,Abdullah_Gul,False,0.009776216000318527,0.08319687913171947,0.0,0.08319687913171947,0.10090428404510021,0.06834847736172378,3.844035416841507,4.09648505738005,95.90350389480591
./data/processed/test/Muhammad_Ali/Muhammad_Ali_0009.jpg,Muhammad_Ali,Muhammad_Ali,True,0.010631981305778027,0.04184264980722219,0.10275179520249367,0.14459444500971586,0.16181771643459797,0.051255489233881235,9.74671021103859,10.104377861716785,89.89561200141907
./data/processed/test/Nancy_Pelosi/Nancy_Pelosi_0001.jpg,Nancy_Pelosi,Tony_Blair,False,0.016146328300237656,0.40978635661303997,0.5243567284196615,0.9341430850327015,1.9853662699460983,0.4922671243548393,27.448302507400513,30.860078986734152,69.13992762565613
./data/processed/test/Nancy_Pelosi/Nancy_Pelosi_0010.jpg,Nancy_Pelosi,Tony_Blair,False,0.013277365826070309,0.06860819412395358,0.07269966299645603,0.1413078571204096,0.038204138400033116,0.0,3.9714712649583817,4.150983260478824,95.84901928901672
./data/processed/test/Nancy_Pelosi/Nancy_Pelosi_0012.jpg,Nancy_Pelosi,Nancy_Pelosi,True,0.013204081915318966,0.7377993781119585,0.7279668468981981,1.4657662250101566,3.2734837383031845,1.0524218901991844,37.482595443725586,43.27426729723811,56.72574043273926
./data/processed/test/Naomi_Watts/Naomi_Watts_0001.jpg,Naomi_Watts,Naomi_Watts,True,0.016793107613921165,0.08266703225672245,0.17083778511732817,0.2535048173740506,0.48159584403038025,0.3106256714090705,10.711618512868881,11.757344845682383,88.24265599250793
./data/processed/test/Naomi_Watts/Naomi_Watts_0002.jpg,Naomi_Watts,Naomi_Watts,True,0.013732366263866425,0.5306263454258442,0.5047842860221863,1.0354106314480305,2.4935565888881683,1.5186896547675133,28.873857855796814,33.921514730900526,66.0784900188446
./data/processed/test/Naomi_Watts/Naomi_Watts_0009.jpg,Naomi_Watts,Naomi_Watts,True,0.017129279673099518,0.1579949865117669,0.20491145551204681,0.3629064420238137,0.9636261500418186,0.6550364196300507,12.506088614463806,14.48765762615949,85.51234006881714
./data/processed/test/Naomi_Watts/Naomi_Watts_0014.jpg,Naomi_Watts,Naomi_Watts,True,0.01708689145743847,0.41100503876805305,0.3740752348676324,0.7850802736356854,2.340279147028923,1.3555165380239487,20.772118866443634,25.25299482513219,74.74700808525085
./data/processed/test/Naomi_Watts/Naomi_Watts_0016.jpg,Naomi_Watts,Naomi_Watts,True,0.016882160678505898,0.015182934293989092,0.3112814389169216,0.3264643732109107,0.13311955844983459,0.10724803432822227,11.829020082950592,12.39585204893956,87.60415315628052
./data/processed/test/Nestor_Kirchner/Nestor_Kirchner_0005.jpg,Nestor_Kirchner,Nestor_Kirchner,True,0.027479611337184906,0.2692717593163252,0.1667139120399952,0.4359856713563204,0.8979101665318012,0.5474151112139225,15.094642341136932,16.975953290238976,83.02406072616577
./data/processed/test/Nestor_Kirchner/Nestor_Kirchner_0007.jpg,Nestor_Kirchner,Nestor_Kirchner,True,0.020007016137242317,0.36643450148403645,0.5105577874928713,0.8769922889769077,1.9187254831194878,0.34584933891892433,26.039311289787292,29.180878400802612,70.81912159919739
./data/processed/test/Nestor_Kirchner/Nestor_Kirchner_0014.jpg,Nestor_Kirchner,Nestor_Kirchner,True,0.02097640000283718,0.6296028383076191,0.4863772075623274,1.1159800458699465,3.3459316939115524,0.9320663288235664,38.121747970581055,43.51572603918612,56.48427605628967
./data/processed/test/Nestor_Kirchner/Nestor_Kirchner_0018.jpg,Nestor_Kirchner,Nestor_Kirchner,True,0.027330979704856873,0.5178563762456179,0.5775612313300371,1.095417607575655,3.104177303612232,2.247282676398754,28.31345796585083,34.76033555343747,65.23966193199158
./data/processed/test/Nestor_Kirchner/Nestor_Kirchner_0026.jpg,Nestor_Kirchner,Nestor_Kirchner,True,0.026739327237010002,0.4996499978005886,0.4406966269016266,0.9403466247022152,4.476822540163994,1.6632791608572006,39.9642288684845,47.04467719420791,52.955323457717896
./data/processed/test/Nestor_Kirchner/Nestor_Kirchner_0027.jpg,Nestor_Kirchner,Nestor_Kirchner,True,0.02618689276278019,0.21089548245072365,0.097494141664356,0.30838962411507964,0.4357811063528061,0.16143061220645905,12.925669550895691,13.831270893570036,86.16872429847717
./data/processed/test/Nestor_Kirchner/Nestor_Kirchner_0030.jpg,Nestor_Kirchner,Nestor_Kirchner,True,0.027386870235204697,0.4010808654129505,0.31857884023338556,0.7196597056463361,2.495066076517105,1.1774913407862186,23.698964715003967,28.091181837953627,71.90881967544556
./data/processed/test/Nestor_Kirchner/Nestor_Kirchner_0036.jpg,Nestor_Kirchner,Nestor_Kirchner,True,0.02732827328145504,0.06238779169507325,0.08837974164634943,0.15076753334142268,0.3987125586718321,0.31441403552889824,9.073221683502197,9.93711581104435,90.06288051605225
./data/processed/test/Nicanor_Duarte_Frutos/Nicanor_Duarte_Frutos_0001.jpg,Nicanor_Duarte_Frutos,Megawati_Sukarnoputri,False,0.01136840507388115,0.3784614847972989,0.5562521517276764,0.9347136365249753,2.9006879776716232,1.7692526802420616,32.936835289001465,38.541489583440125,61.45851016044617
./data/processed/test/Nicanor_Duarte_Frutos/Nicanor_Duarte_Frutos_0006.jpg,Nicanor_Duarte_Frutos,Nicanor_Duarte_Frutos,True,0.010990791022777557,0.2442601602524519,0.1875932328402996,0.4318533930927515,1.8518636003136635,1.6507286578416824,20.86472660303116,24.799172254279256,75.20083785057068
./data/processed/test/Nicanor_Duarte_Frutos/Nicanor_Duarte_Frutos_0010.jpg,Nicanor_Duarte_Frutos,Bill_Gates,False,0.010198312811553478,0.03310890169814229,0.007684389129281044,0.040793290827423334,0.19344058819115162,0.5529186688363552,9.522471576929092,10.309624124784023,89.69038128852844
./data/processed/test/Nicole_Kidman/Nicole_Kidman_0001.jpg,Nicole_Kidman,Nicole_Kidman,True,0.014644618146121502,0.0709019077476114,0.198719697073102,0.2696216048207134,0.15239330241456628,0.08152616792358458,13.948321342468262,14.451862417627126,85.54813265800476
./data/processed/test/Nicole_Kidman/Nicole_Kidman_0002.jpg,Nicole_Kidman,Naomi_Watts,False,0.012236305512487888,0.4741998855024576,0.2442510100081563,0.7184508955106139,2.2872110828757286,1.4033098705112934,27.47894525527954,31.887917104177177,68.11208724975586
./data/processed/test/Nicole_Kidman/Nicole_Kidman_0006.jpg,Nicole_Kidman,Jennifer_Aniston,False,0.010143606923520565,0.3489068476483226,0.4519985057413578,0.8009053533896804,2.1499736234545708,0.7019312120974064,23.408295214176178,27.061105403117836,72.9388952255249
./data/processed/test/Nicole_Kidman/Nicole_Kidman_0012.jpg,Nicole_Kidman,Nicole_Kidman,True,0.014467056840658188,0.061214977176859975,0.2826063195243478,0.34382129670120776,0.5660340655595064,0.2623604377731681,20.38908749818802,21.5613032982219,78.43868732452393
./data/processed/test/Norah_Jones/Norah_Jones_0001.jpg,Norah_Jones,Norah_Jones,True,0.012219167314469814,0.4370181355625391,0.6008209194988012,1.0378390550613403,2.5232240557670593,1.393599808216095,25.175219774246216,30.12988269329071,69.87010836601257
./data/processed/test/Norah_Jones/Norah_Jones_0010.jpg,Norah_Jones,Norah_Jones,True,0.01238352432847023,0.36579640582203865,0.398407643660903,0.7642040494829416,1.5060003846883774,1.0192358866333961,22.39648848772049,25.685928808525205,74.31406378746033
./data/processed/test/Norah_Jones/Norah_Jones_0012.jpg,Norah_Jones,Angelina_Jolie,False,0.011054464615881443,0.26427635457366705,0.43228487484157085,0.6965612294152379,1.3457497581839561,0.5232035648077726,23.569293320178986,26.134807872585952,73.86518716812134
./data/processed/test/Paradorn_Srichaphan/Paradorn_Srichaphan_0002.jpg,Paradorn_Srichaphan,Pete_Sampras,False,0.01043363381177187,0.4221548791974783,0.5514475051313639,0.9736023843288422,2.71737240254879,0.7876455783843994,30.92094659805298,35.39956696331501,64.60042595863342
./data/processed/test/Paradorn_Srichaphan/Paradorn_Srichaphan_0009.jpg,Paradorn_Srichaphan,Tiger_Woods,False,0.013011249713599682,0.02439666131976992,0.022684877330902964,0.04708153865067288,0.06595603772439063,0.09809372713789344,4.019465297460556,4.230596600973513,95.76941132545471
./data/processed/test/Paul_Bremer/Paul_Bremer_0001.jpg,Paul_Bremer,Paul_Bremer,True,0.013235317543148994,0.25928178802132607,0.379205122590065,0.6384869106113911,1.345140766352415,0.7306303828954697,20.452475547790527,23.166733607649803,76.83326601982117
./data/processed/test/Paul_Bremer/Paul_Bremer_0002.jpg,Paul_Bremer,Paul_Bremer,True,0.014871756546199322,0.35489723086357117,0.528660649433732,0.8835578802973032,2.789580635726452,0.8802813477814198,35.504090785980225,40.0575106497854,59.96650457382202
./data/processed/test/Paul_Bremer/Paul_Bremer_0016.jpg,Paul_Bremer,Paul_Bremer,True,0.016403626650571823,0.6327383685857058,0.5238548386842012,1.156593207269907,3.347513824701309,1.0462161153554916,36.78089678287506,42.33121993020177,57.668787240982056
./data/processed/test/Paul_Bremer/Paul_Bremer_0018.jpg,Paul_Bremer,Paul_Bremer,True,0.016471799463033676,0.3501443425193429,0.4838453605771065,0.8339897030964494,2.972874231636524,1.0000303387641907,33.45549702644348,38.262391299940646,61.737608909606934
./data/processed/test/Paul_Burrell/Paul_Burrell_0001.jpg,Paul_Burrell,Gerhard_Schroeder,False,0.017843030393123627,0.30321681406348944,0.4215370398014784,0.7247538538649678,2.2307543084025383,0.4348966758698225,31.10777735710144,34.49818219523877,65.5018150806427
./data/processed/test/Paul_Burrell/Paul_Burrell_0006.jpg,Paul_Burrell,Gerhard_Schroeder,False,0.01835194230079651,0.6106873974204063,0.5856816191226244,1.1963690165430307,3.982943296432495,0.7031987886875868,43.65330636501312,49.535817466676235,50.46417713165283
./data/processed/test/Paul_Burrell/Paul_Burrell_0010.jpg,Paul_Burrell,Gerhard_Schroeder,False,0.01782912202179432,0.5474581383168697,0.6904756650328636,1.2379338033497334,3.52354533970356,0.7767979986965656,41.684722900390625,47.223000042140484,52.77700424194336
./data/processed/test/Paul_Wolfowitz/Paul_Wolfowitz_0002.jpg,Paul_Wolfowitz,David_Beckham,False,0.011539796367287636,0.2520466223359108,0.39724712260067463,0.6492937449365854,2.326023206114769,0.8652247488498688,23.692521452903748,27.53306315280497,72.46691584587097
./data/processed/test/Paul_Wolfowitz/Paul_Wolfowitz_0009.jpg,Paul_Wolfowitz,David_Beckham,False,0.010484859347343445,0.16320744762197137,0.23415826726704836,0.3973657148890197,1.202528178691864,0.3192657604813576,15.282240509986877,17.20140016404912,82.79860615730286
./data/processed/test/Pervez_Musharraf/Pervez_Musharraf_0001.jpg,Pervez_Musharraf,Pervez_Musharraf,True,0.015407898463308811,0.40806131437420845,0.28785516042262316,0.6959164747968316,2.5967350229620934,1.1990811675786972,31.96687400341034,36.45860666874796,63.541388511657715
./data/processed/test/Pervez_Musharraf/Pervez_Musharraf_0002.jpg,Pervez_Musharraf,Tony_Blair,False,0.01665736362338066,0.5862542428076267,0.6609192118048668,1.2471734546124935,5.178610235452652,1.5461448580026627,49.88132119178772,57.85324973985553,42.146751284599304
./data/processed/test/Pervez_Musharraf/Pervez_Musharraf_0006.jpg,Pervez_Musharraf,Pervez_Musharraf,True,0.015235457569360733,0.11561650317162275,0.0,0.11561650317162275,0.1568949199281633,0.3275788389146328,12.820763885974884,13.420854147989303,86.5791380405426
./data/processed/test/Pervez_Musharraf/Pervez_Musharraf_0009.jpg,Pervez_Musharraf,Tony_Blair,False,0.015629764646291733,0.66808657720685,0.718467216938734,1.386553794145584,5.287209153175354,1.2937119230628014,47.45012819766998,55.41760306805372,44.58239674568176
./data/processed/test/Pete_Sampras/Pete_Sampras_0001.jpg,Pete_Sampras,Pete_Sampras,True,0.018307670950889587,0.49866647459566593,0.7456304039806128,1.2442968785762787,4.668092727661133,2.911101095378399,40.388223528862,49.21171423047781,50.788289308547974
./data/processed/test/Pete_Sampras/Pete_Sampras_0002.jpg,Pete_Sampras,Pete_Sampras,True,0.01828925497829914,0.5808189045637846,0.7530848030000925,1.333903707563877,4.131413251161575,1.5349272638559341,39.80468213558197,46.80492635816336,53.19506525993347
./data/processed/test/Pete_Sampras/Pete_Sampras_0009.jpg,Pete_Sampras,Pete_Sampras,True,0.017999317497015,0.3608736442402005,0.3522017737850547,0.7130754180252552,4.063982516527176,2.193676307797432,40.30929207801819,47.28002632036805,52.719974517822266
./data/processed/test/Pete_Sampras/Pete_Sampras_0014.jpg,Pete_Sampras,Pete_Sampras,True,0.018290799111127853,0.7130556274205446,0.7154153194278479,1.4284709468483925,4.677654057741165,0.9814363904297352,44.54684257507324,51.634403970092535,48.36559593677521
./data/processed/test/Pete_Sampras/Pete_Sampras_0016.jpg,Pete_Sampras,Pete_Sampras,True,0.018397897481918335,0.5300001241266727,0.6233923137187958,1.1533924378454685,3.8012679666280746,0.7481251377612352,40.214577317237854,45.91736285947263,54.08264994621277
./data/processed/test/Pierce_Brosnan/Pierce_Brosnan_0001.jpg,Pierce_Brosnan,Gerhard_Schroeder,False,0.013178247958421707,0.8527333848178387,0.6789579056203365,1.5316912904381752,5.1665280014276505,1.9789017736911774,49.548494815826416,58.22561588138342,41.774389147758484
./data/processed/test/Pierce_Brosnan/Pierce_Brosnan_0010.jpg,Pierce_Brosnan,Gerhard_Schroeder,False,0.012182139791548252,0.4035274963825941,0.3572884714230895,0.7608159678056836,3.5415656864643097,1.158500462770462,33.17180275917053,38.63268487621099,61.36731505393982
./data/processed/test/Pierce_Brosnan/Pierce_Brosnan_0012.jpg,Pierce_Brosnan,Gerhard_Schroeder,False,0.01667400263249874,0.5100299138575792,0.5574698094278574,1.0674997232854366,3.217988833785057,2.325909025967121,30.205559730529785,36.8169573135674,63.183051347732544
./data/processed/test/Queen_Elizabeth_II/Queen_Elizabeth_II_0001.jpg,Queen_Elizabeth_II,Queen_Elizabeth_II,True,0.012696738354861736,0.31970189884305,0.44749355874955654,0.7671954575926065,2.525339461863041,1.8330344930291176,23.928850889205933,29.054420301690698,70.94558477401733
./data/processed/test/Queen_Elizabeth_II/Queen_Elizabeth_II_0010.jpg,Queen_Elizabeth_II,Queen_Elizabeth_II,True,0.011887265369296074,0.10527839185670018,0.002445838435960468,0.10772423029266065,0.0901325955055654,0.032085119164548814,4.882299527525902,5.112241472488677,94.88775730133057
./data/processed/test/Queen_Elizabeth_II/Queen_Elizabeth_II_0012.jpg,Queen_Elizabeth_II,Queen_Elizabeth_II,True,0.01255335845053196,0.2654269337654114,0.3428223077207804,0.6082492414861917,2.764461375772953,1.895214430987835,23.13930094242096,28.40722599066794,71.59277200698853
./data/processed/test/Recep_Tayyip_Erdogan/Recep_Tayyip_Erdogan_0009.jpg,Recep_Tayyip_Erdogan,Recep_Tayyip_Erdogan,True,0.02154439315199852,0.32843328081071377,0.6547828204929829,0.9832161013036966,4.148267954587936,1.7426647245883942,39.058512449264526,45.932661229744554,54.06734347343445
./data/processed/test/Recep_Tayyip_Erdogan/Recep_Tayyip_Erdogan_0010.jpg,Recep_Tayyip_Erdogan,Recep_Tayyip_Erdogan,True,0.023636186495423317,0.5114017985761166,0.664475979283452,1.1758777778595686,4.238909482955933,2.3781312629580498,43.0631548166275,50.85607334040105,49.14392530918121
./data/processed/test/Recep_Tayyip_Erdogan/Recep_Tayyip_Erdogan_0016.jpg,Recep_Tayyip_Erdogan,Recep_Tayyip_Erdogan,True,0.023577077314257622,0.6127752363681793,0.5733553785830736,1.186130614951253,4.211616516113281,1.9375016912817955,40.72316884994507,48.0584176722914,51.941585540771484
./data/processed/test/Recep_Tayyip_Erdogan/Recep_Tayyip_Erdogan_0018.jpg,Recep_Tayyip_Erdogan,Recep_Tayyip_Erdogan,True,0.023337194696068764,0.5832386203110218,0.7357781287282705,1.3190167490392923,4.15290854871273,2.1772103384137154,45.866286754608154,53.51542239077389,46.48458659648895
./data/processed/test/Recep_Tayyip_Erdogan/Recep_Tayyip_Erdogan_0024.jpg,Recep_Tayyip_Erdogan,Recep_Tayyip_Erdogan,True,0.023705989122390747,0.6699740886688232,0.8632228709757328,1.533196959644556,3.4747082740068436,0.9804230183362961,39.03921842575073,45.02754667773843,54.97245192527771
./data/processed/test/Recep_Tayyip_Erdogan/Recep_Tayyip_Erdogan_0028.jpg,Recep_Tayyip_Erdogan,Recep_Tayyip_Erdogan,True,0.022522645071148872,0.36854215431958437,0.49928678199648857,0.8678289363160729,3.3240575343370438,1.392816286534071,36.138078570365906,41.72278132755309,58.27720761299133
./data/processed/test/Renee_Zellweger/Renee_Zellweger_0001.jpg,Renee_Zellweger,Renee_Zellweger,True,0.012603971175849438,0.018895207904279232,0.15434809029102325,0.1732432981953025,0.05202671163715422,0.11934309732168913,16.692331433296204,17.03694454045035,82.96306133270264
./data/processed/test/Renee_Zellweger/Renee_Zellweger_0002.jpg,Renee_Zellweger,Renee_Zellweger,True,0.012989826500415802,0.06375894299708307,0.09699583752080798,0.16075478051789105,0.04584566049743444,0.006669833237538114,7.650326192378998,7.863596466631861,92.13640093803406
./data/processed/test/Renee_Zellweger/Renee_Zellweger_0006.jpg,Renee_Zellweger,Renee_Zellweger,True,0.012366099283099174,0.01356688590021804,0.19994312897324562,0.21351001487346366,0.16932685393840075,0.46039032749831676,16.08467549085617,16.927902687166352,83.07210206985474
./data/processed/test/Renee_Zellweger/Renee_Zellweger_0016.jpg,Renee_Zellweger,Renee_Zellweger,True,0.011844265274703503,0.09077987051568925,0.09969262173399329,0.19047249224968255,0.0582696171477437,0.01522476231912151,8.112367242574692,8.37633411429124,91.62366390228271
./data/processed/test/Ricardo_Lagos/Ricardo_Lagos_0001.jpg,Ricardo_Lagos,Ricardo_Lagos,True,0.02139163762331009,0.05996780819259584,0.1940669841133058,0.25403479230590165,0.06938704173080623,0.044018923654221,11.623277515172958,11.990718272863887,88.00927400588989
./data/processed/test/Ricardo_Lagos/Ricardo_Lagos_0009.jpg,Ricardo_Lagos,Ricardo_Lagos,True,0.02193753607571125,0.09200796484947205,0.06924165063537657,0.16124961548484862,0.054552272194996476,0.01946100383065641,7.861505448818207,8.096768340328708,91.9032335281372
./data/processed/test/Ricardo_Lagos/Ricardo_Lagos_0010.jpg,Ricardo_Lagos,Ricardo_Lagos,True,0.022097351029515266,0.08636999991722405,0.09547144290991127,0.18184144282713532,0.06188686238601804,0.003100788308074698,6.738916039466858,6.985745132988086,93.01425218582153
./data/processed/test/Ricardo_Lagos/Ricardo_Lagos_0012.jpg,Ricardo_Lagos,Ricardo_Lagos,True,0.021375492215156555,0.11160238645970821,0.05621621385216713,0.16781860031187534,0.05511062918230891,0.023862102534621954,7.63201117515564,7.878802507184446,92.12120175361633
./data/processed/test/Ricardo_Lagos/Ricardo_Lagos_0014.jpg,Ricardo_Lagos,Ricardo_Lagos,True,0.020660411566495895,0.06305259885266423,0.12421627761796117,0.1872688764706254,0.04797540605068207,0.010041778295999393,8.48567932844162,8.730965389258927,91.26903414726257
./data/processed/test/Ricardo_Lagos/Ricardo_Lagos_0022.jpg,Ricardo_Lagos,Ricardo_Lagos,True,0.02193644642829895,0.10232925415039062,0.09849659400060773,0.20082584815099835,0.048308720579370856,0.0034768836485454813,7.590968161821365,7.84357961420028,92.15641617774963
./data/processed/test/Richard_Gephardt/Richard_Gephardt_0001.jpg,Richard_Gephardt,Gerhard_Schroeder,False,0.014390096999704838,0.7535945158451796,0.768984854221344,1.5225793700665236,4.4593337923288345,1.0153225623071194,48.271968960762024,55.2692046854645,44.73080039024353
./data/processed/test/Richard_Gephardt/Richard_Gephardt_0006.jpg,Richard_Gephardt,Gray_Davis,False,0.012257183901965618,0.6641668267548084,0.6468708161264658,1.3110376428812742,3.6855559796094894,0.9160119108855724,42.92808175086975,48.84068728424609,51.15931034088135
./data/processed/test/Richard_Gephardt/Richard_Gephardt_0010.jpg,Richard_Gephardt,Richard_Gephardt,True,0.011864113621413708,0.37264153361320496,0.5212202668190002,0.8938618004322052,2.309020981192589,0.8054626174271107,27.304765582084656,31.31311098113656,68.6868965625763
./data/processed/test/Richard_Gere/Richard_Gere_0002.jpg,Richard_Gere,Alvaro_Uribe,False,0.010804891586303711,0.7169326301664114,0.6791331339627504,1.3960657641291618,5.3101547062397,1.5109295956790447,48.84271025657654,57.059860322624445,42.940133810043335
./data/processed/test/Richard_Gere/Richard_Gere_0009.jpg,Richard_Gere,Bill_Clinton,False,0.011064303107559681,0.21005540620535612,0.06775797810405493,0.27781338430941105,0.09787885937839746,0.03559380129445344,9.870749711990356,10.282035756972618,89.7179663181305
./data/processed/test/Richard_Myers/Richard_Myers_0001.jpg,Richard_Myers,Richard_Myers,True,0.015833083540201187,0.5983458366245031,0.565026281401515,1.1633721180260181,3.7815429270267487,0.6082962732762098,42.7091121673584,48.262323485687375,51.73768401145935
./data/processed/test/Richard_Myers/Richard_Myers_0002.jpg,Richard_Myers,Richard_Myers,True,0.015834245830774307,0.1992237288504839,0.3601356642320752,0.5593593930825591,1.9555486738681793,0.4286572802811861,22.443275153636932,25.386840500868857,74.61315989494324
./data/processed/test/Richard_Myers/Richard_Myers_0006.jpg,Richard_Myers,Richard_Myers,True,0.014299658127129078,0.5449526943266392,0.5685601849108934,1.1135128792375326,3.124229423701763,1.545147132128477,33.408430218696594,39.19131965376437,60.80867648124695
./data/processed/test/Richard_Myers/Richard_Myers_0009.jpg,Richard_Myers,Richard_Myers,True,0.016034791246056557,0.5192765034735203,0.653546117246151,1.1728226207196712,2.6761148124933243,0.9661323390901089,32.48395919799805,37.29902897030115,62.700968980789185
./data/processed/test/Roger_Federer/Roger_Federer_0001.jpg,Roger_Federer,Jose_Maria_Aznar,False,0.013556351885199547,0.11462849797680974,0.2049066824838519,0.31953518046066165,0.14207330532371998,0.0638310273643583,10.628863424062729,11.154302937211469,88.84570598602295
./data/processed/test/Roger_Federer/Roger_Federer_0010.jpg,Roger_Federer,Jose_Maria_Aznar,False,0.013147355057299137,0.24890764616429806,0.20503888372331858,0.45394652988761663,0.9931531734764576,0.4529119934886694,16.843658685684204,18.743670382536948,81.25631809234619
./data/processed/test/Roger_Federer/Roger_Federer_0012.jpg,Roger_Federer,Roger_Federer,True,0.012783621437847614,0.3462367458269,0.46562906354665756,0.8118658093735576,3.2669302076101303,1.78321972489357,27.402761578559875,33.26477732043713,66.73522591590881
./data/processed/test/Roh_Moo-hyun/Roh_Moo-hyun_0009.jpg,Roh_Moo-hyun,Roh_Moo-hyun,True,0.026743127033114433,0.09082967299036682,0.04526301345322281,0.13609268644358963,0.04943814710713923,0.016232204507105052,6.646854430437088,6.848617468494922,93.1513786315918
./data/processed/test/Roh_Moo-hyun/Roh_Moo-hyun_0010.jpg,Roh_Moo-hyun,Roh_Moo-hyun,True,0.026694022119045258,0.07355223642662168,0.037910183891654015,0.11146242031827569,0.04915685276500881,0.020905282872263342,6.345123052597046,6.526647608552594,93.4733510017395
./data/processed/test/Roh_Moo-hyun/Roh_Moo-hyun_0016.jpg,Roh_Moo-hyun,Roh_Moo-hyun,True,0.02665911614894867,0.09331934270448983,0.04366201756056398,0.1369813602650538,0.08386260597035289,0.08449607412330806,7.084139436483383,7.389479476842098,92.61052012443542
./data/processed/test/Roh_Moo-hyun/Roh_Moo-hyun_0018.jpg,Roh_Moo-hyun,Roh_Moo-hyun,True,0.026589063927531242,0.09954489069059491,0.058670638827607036,0.15821552951820195,0.05272942944429815,0.016922496433835477,6.726057082414627,6.953924537810963,93.04606914520264
./data/processed/test/Roh_Moo-hyun/Roh_Moo-hyun_0025.jpg,Roh_Moo-hyun,Roh_Moo-hyun,True,0.02627556398510933,0.08519450784660876,0.14693468110635877,0.23212918895296752,0.1886351965367794,0.05057528614997864,9.20233279466629,9.673672466306016,90.32633304595947
./data/processed/test/Roh_Moo-hyun/Roh_Moo-hyun_0030.jpg,Roh_Moo-hyun,Roh_Moo-hyun,True,0.02660270407795906,0.06028531934134662,0.0579232641030103,0.11820858344435692,0.044101610546931624,0.020074252097401768,5.838323384523392,6.020707830612082,93.97929310798645
./data/processed/test/Roh_Moo-hyun/Roh_Moo-hyun_0031.jpg,Roh_Moo-hyun,Roh_Moo-hyun,True,0.02600087597966194,0.11320910416543484,0.050748203648254275,0.1639573078136891,0.022845840430818498,0.04722901212517172,9.093303978443146,9.327336138812825,90.67266583442688
./data/processed/test/Rubens_Barrichello/Rubens_Barrichello_0001.jpg,Rubens_Barrichello,Michael_Schumacher,False,0.010165237821638584,0.38126546423882246,0.4226663615554571,0.8039318257942796,2.778651751577854,2.120237983763218,27.375707030296326,33.07852859143168,66.92147254943848
./data/processed/test/Rubens_Barrichello/Rubens_Barrichello_0010.jpg,Rubens_Barrichello,Rubens_Barrichello,True,0.009863515384495258,0.5884826648980379,0.6014369428157806,1.1899196077138186,3.9418917149305344,3.4620359539985657,34.374988079071045,42.96883535571396,57.03117847442627
./data/processed/test/Rubens_Barrichello/Rubens_Barrichello_0011.jpg,Rubens_Barrichello,David_Beckham,False,0.01469396986067295,0.3818134544417262,0.3598194569349289,0.7416329113766551,2.614729478955269,0.9133326821029186,30.460157990455627,34.72985306289047,65.27014374732971
./data/processed/test/Rudolph_Giuliani/Rudolph_Giuliani_0001.jpg,Rudolph_Giuliani,Rudolph_Giuliani,True,0.020429760217666626,0.08039766107685864,0.03619732742663473,0.11659498850349337,0.4489332903176546,0.5127293057739735,11.5114726126194,12.589730197214521,87.41027116775513
./data/processed/test/Rudolph_Giuliani/Rudolph_Giuliani_0009.jpg,Rudolph_Giuliani,Rudolph_Giuliani,True,0.02178928814828396,0.2738811308518052,0.30299227219074965,0.5768734030425549,2.338520437479019,0.6140754092484713,27.949386835098267,31.478856084868312,68.52114200592041
./data/processed/test/Rudolph_Giuliani/Rudolph_Giuliani_0010.jpg,Rudolph_Giuliani,Rudolph_Giuliani,True,0.02050204575061798,0.3307286184281111,0.25898024905472994,0.589708867482841,1.7768902704119682,0.5500566679984331,21.945977210998535,24.862633016891778,75.13736486434937
./data/processed/test/Rudolph_Giuliani/Rudolph_Giuliani_0012.jpg,Rudolph_Giuliani,Rudolph_Giuliani,True,0.02103324607014656,0.08616031846031547,0.05965898744761944,0.1458193059079349,0.12878822162747383,0.09052584646269679,6.6710397601127625,7.036173134110868,92.96382069587708
./data/processed/test/Rudolph_Giuliani/Rudolph_Giuliani_0017.jpg,Rudolph_Giuliani,Rudolph_Giuliani,True,0.020085632801055908,0.10165777057409286,0.010885854862863198,0.11254362543695606,0.1732938806526363,0.509521970525384,8.711043745279312,9.506403221894288,90.49360156059265
./data/processed/test/Rudolph_Giuliani/Rudolph_Giuliani_0025.jpg,Rudolph_Giuliani,Rudolph_Giuliani,True,0.020130539312958717,0.07838841411285102,0.029669463401660323,0.10805787751451135,0.49762208946049213,0.1581280492246151,4.096149653196335,4.859957669395953,95.14004588127136
./data/processed/test/Saddam_Hussein/Saddam_Hussein_0001.jpg,Saddam_Hussein,Saddam_Hussein,True,0.017734108492732048,0.19526358228176832,0.2400809433311224,0.4353445256128907,1.1229418218135834,0.4174807108938694,16.776154935359955,18.7519219936803,81.24808073043823
./data/processed/test/Saddam_Hussein/Saddam_Hussein_0009.jpg,Saddam_Hussein,Saddam_Hussein,True,0.0186905600130558,0.041066494304686785,0.03384399460628629,0.07491048891097307,0.5627440754324198,1.0768664069473743,12.56411224603653,14.278633217327297,85.72137355804443
./data/processed/test/Saddam_Hussein/Saddam_Hussein_0010.jpg,Saddam_Hussein,Vicente_Fox,False,0.010360246524214745,0.11329776607453823,0.10064317611977458,0.2139409421943128,0.9368018247187138,1.0670150630176067,15.514928102493286,17.73268593242392,82.26730823516846
./data/processed/test/Saddam_Hussein/Saddam_Hussein_0016.jpg,Saddam_Hussein,Saddam_Hussein,True,0.018326230347156525,0.13782753376290202,0.1964746741577983,0.3343022079207003,1.5064464882016182,1.159300934523344,18.06349605321884,21.063545683864504,78.93645167350769
./data/processed/test/Saddam_Hussein/Saddam_Hussein_0018.jpg,Saddam_Hussein,Saddam_Hussein,True,0.01384484488517046,0.2790358383208513,0.4648554604500532,0.7438912987709045,3.235050290822983,1.099158450961113,34.1225266456604,39.2006266862154,60.79937815666199
./data/processed/test/Salma_Hayek/Salma_Hayek_0001.jpg,Salma_Hayek,Salma_Hayek,True,0.012437301687896252,0.8003436960279942,0.804406963288784,1.6047506593167782,4.079410433769226,1.3704726472496986,38.955122232437134,46.00975597277284,53.99024486541748
./data/processed/test/Salma_Hayek/Salma_Hayek_0010.jpg,Salma_Hayek,Salma_Hayek,True,0.01204159390181303,0.660116458311677,0.7360730320215225,1.3961894903331995,3.209144249558449,1.528105791658163,34.38087701797485,40.514316549524665,59.4856858253479
./data/processed/test/Salma_Hayek/Salma_Hayek_0012.jpg,Salma_Hayek,Salma_Hayek,True,0.012507674284279346,0.8568193763494492,0.8521220646798611,1.7089414410293102,4.961914569139481,2.38332562148571,45.80216407775879,54.85634570941329,45.14365196228027
./data/processed/test/Serena_Williams/Serena_Williams_0004.jpg,Serena_Williams,Serena_Williams,True,0.03351522237062454,0.05875598872080445,0.033095755497924984,0.09185174421872944,0.08729249821044505,0.23497703950852156,5.912706628441811,6.326827910379507,93.67316365242004
./data/processed/test/Serena_Williams/Serena_Williams_0006.jpg,Serena_Williams,Serena_Williams,True,0.032877784222364426,0.05196543061174452,0.006396202661562711,0.058361633273307234,0.23581385612487793,0.7926758378744125,10.968835651874542,12.05568697914714,87.94430494308472
./data/processed/test/Serena_Williams/Serena_Williams_0013.jpg,Serena_Williams,Serena_Williams,True,0.03344663605093956,0.10765256593003869,0.016047622193582356,0.12370018812362105,0.2587418304756284,0.7434237748384476,6.882662326097488,8.008528119535185,91.9914722442627
./data/processed/test/Serena_Williams/Serena_Williams_0014.jpg,Serena_Williams,Serena_Williams,True,0.033453069627285004,0.10880411136895418,0.05867259460501373,0.1674767059739679,0.12008935445919633,0.2359377220273018,7.49201774597168,8.015521528432146,91.98447465896606
./data/processed/test/Serena_Williams/Serena_Williams_0018.jpg,Serena_Williams,Serena_Williams,True,0.03244180232286453,0.6760903168469667,0.49464222975075245,1.1707325465977192,3.2644234597682953,1.3801471330225468,29.736614227294922,35.55191736668348,64.448082447052
./data/processed/test/Serena_Williams/Serena_Williams_0020.jpg,Serena_Williams,Serena_Williams,True,0.03318305313587189,0.08391861338168383,0.00785461816121824,0.09177323154290207,0.26517375372350216,0.7712593302130699,8.45973864197731,9.587944957456784,90.41205644607544
./data/processed/test/Serena_Williams/Serena_Williams_0033.jpg,Serena_Williams,Serena_Williams,True,0.03320998325943947,0.046655136975459754,0.023424172832164913,0.07007930980762467,0.16557961935177445,0.41866395622491837,5.54005540907383,6.194378294458147,93.8056230545044
./data/processed/test/Serena_Williams/Serena_Williams_0042.jpg,Serena_Williams,Serena_Williams,True,0.033301644027233124,0.08313400321640074,0.029363654903136194,0.11249765811953694,0.12473916867747903,0.34929129760712385,6.822085380554199,7.408613504958339,92.591392993927
./data/processed/test/Serena_Williams/Serena_Williams_0044.jpg,Serena_Williams,Serena_Williams,True,0.032962579280138016,0.06163886282593012,0.015748599253129214,0.07738746207905933,0.070117850555107,0.08979880949482322,3.5497047007083893,3.787008822837379,96.21299505233765
./data/processed/test/Serena_Williams/Serena_Williams_0048.jpg,Serena_Williams,Serena_Williams,True,0.03385673090815544,0.14259384479373693,0.08459513774141669,0.22718898253515363,0.5967278499156237,0.5734156351536512,9.938184171915054,11.335516639519483,88.66447806358337
./data/processed/test/Serena_Williams/Serena_Williams_0051.jpg,Serena_Williams,Serena_Williams,True,0.03335932642221451,0.16911164857447147,0.14770077541470528,0.31681242398917675,0.6467639934271574,0.5510346964001656,9.609410166740417,11.124021280556917,88.87598514556885
./data/processed/test/Sergey_Lavrov/Sergey_Lavrov_0001.jpg,Sergey_Lavrov,Tony_Blair,False,0.012125852517783642,0.03748058225028217,0.03717649378813803,0.0746570760384202,0.02787235425785184,0.02885443391278386,3.6277037113904953,3.759087575599551,96.24090790748596
./data/processed/test/Sergey_Lavrov/Sergey_Lavrov_0006.jpg,Sergey_Lavrov,Silvio_Berlusconi,False,0.017224067822098732,0.6172210909426212,0.4110234323889017,1.028244523331523,3.99690605700016,1.322351023554802,38.97922337055206,45.32672497443855,54.67326641082764
./data/processed/test/Sergey_Lavrov/Sergey_Lavrov_0010.jpg,Sergey_Lavrov,Silvio_Berlusconi,False,0.01576288230717182,0.4810672253370285,0.5336078815162182,1.0146751068532467,3.6401689052581787,1.3946815393865108,33.25381278991699,39.30333834141493,60.69667339324951
./data/processed/test/Sergio_Vieira_De_Mello/Sergio_Vieira_De_Mello_0010.jpg,Sergio_Vieira_De_Mello,Vicente_Fox,False,0.010550652630627155,0.4176422953605652,0.5024999380111694,0.9201422333717346,2.6074251160025597,1.8196698278188705,29.596281051635742,34.94351822882891,65.05647897720337
./data/processed/test/Silvio_Berlusconi/Silvio_Berlusconi_0009.jpg,Silvio_Berlusconi,Silvio_Berlusconi,True,0.023465001955628395,0.3147771582007408,0.4437184426933527,0.7584956008940935,3.072357550263405,2.5180187076330185,31.15789294242859,37.506764801219106,62.49323487281799
./data/processed/test/Silvio_Berlusconi/Silvio_Berlusconi_0010.jpg,Silvio_Berlusconi,Silvio_Berlusconi,True,0.02371297962963581,0.31832680106163025,0.2923712134361267,0.610698014497757,1.744287647306919,0.5469347350299358,21.918383240699768,24.82030363753438,75.17969608306885
./data/processed/test/Silvio_Berlusconi/Silvio_Berlusconi_0016.jpg,Silvio_Berlusconi,Silvio_Berlusconi,True,0.018032606691122055,0.222832546569407,0.2824105089530349,0.5052430555224419,1.8959715962409973,0.37812094669789076,21.84777855873108,24.62711415719241,75.37289261817932
./data/processed/test/Silvio_Berlusconi/Silvio_Berlusconi_0018.jpg,Silvio_Berlusconi,Silvio_Berlusconi,True,0.023295264691114426,0.3504254389554262,0.3595019457861781,0.7099273847416043,3.417915478348732,1.1832507327198982,31.346914172172546,36.65800776798278,63.3419930934906
./data/processed/test/Silvio_Berlusconi/Silvio_Berlusconi_0020.jpg,Silvio_Berlusconi,Silvio_Berlusconi,True,0.023829543963074684,0.20377107430249453,0.1886397018097341,0.39241077611222863,1.6415858641266823,0.9119810536503792,16.27902388572693,19.22500157961622,80.77499866485596
./data/processed/test/Silvio_Berlusconi/Silvio_Berlusconi_0027.jpg,Silvio_Berlusconi,Silvio_Berlusconi,True,0.023747388273477554,0.2831325167790055,0.31865069177001715,0.6017832085490227,2.447061240673065,1.5933526679873466,26.044374704360962,30.686571821570396,69.31343078613281
./data/processed/test/Silvio_Berlusconi/Silvio_Berlusconi_0032.jpg,Silvio_Berlusconi,Silvio_Berlusconi,True,0.023717867210507393,0.3805065993219614,0.40489183738827705,0.7853984367102385,3.8252171128988266,2.6546528562903404,31.99208974838257,39.257358154281974,60.74264645576477
./data/processed/test/Spencer_Abraham/Spencer_Abraham_0001.jpg,Spencer_Abraham,Recep_Tayyip_Erdogan,False,0.01537239644676447,0.10702114086598158,0.0,0.10702114086598158,0.16510630957782269,0.31279304530471563,10.377339273691177,10.962259769439697,89.03772234916687
./data/processed/test/Spencer_Abraham/Spencer_Abraham_0002.jpg,Spencer_Abraham,Recep_Tayyip_Erdogan,False,0.013535481877624989,0.36019226536154747,0.3386235795915127,0.6988158449530602,2.7931885793805122,1.0955874808132648,32.55137801170349,37.13896991685033,62.87658214569092
./data/processed/test/Spencer_Abraham/Spencer_Abraham_0006.jpg,Spencer_Abraham,Recep_Tayyip_Erdogan,False,0.015046339482069016,0.08412995957769454,0.0,0.08412995957769454,0.265829311683774,0.9278080426156521,8.874069899320602,10.151837213197723,89.84816074371338
./data/processed/test/Spencer_Abraham/Spencer_Abraham_0016.jpg,Spencer_Abraham,Recep_Tayyip_Erdogan,False,0.014049891382455826,0.12013650266453624,0.0,0.12013650266453624,0.16919870395213366,0.28536750469356775,13.460248708724976,14.034951420035213,85.96504330635071
./data/processed/test/Taha_Yassin_Ramadan/Taha_Yassin_Ramadan_0001.jpg,Taha_Yassin_Ramadan,Taha_Yassin_Ramadan,True,0.014227131381630898,0.19481005147099495,0.18519693985581398,0.38000699132680893,1.9920578226447105,1.1437407694756985,22.19052165746689,25.706327240914106,74.29367899894714
./data/processed/test/Taha_Yassin_Ramadan/Taha_Yassin_Ramadan_0010.jpg,Taha_Yassin_Ramadan,Taha_Yassin_Ramadan,True,0.014432591386139393,0.48162881284952164,0.5511831026524305,1.0328119155019522,2.7600305154919624,1.3958906754851341,33.19344222545624,38.38217533193529,61.61782741546631
./data/processed/test/Taha_Yassin_Ramadan/Taha_Yassin_Ramadan_0012.jpg,Taha_Yassin_Ramadan,Taha_Yassin_Ramadan,True,0.01461863238364458,0.7479775231331587,0.6855902262032032,1.4335677493363619,4.109020158648491,1.1506380513310432,41.23544991016388,47.928675869479775,52.07132697105408
./data/processed/test/Tang_Jiaxuan/Tang_Jiaxuan_0001.jpg,Tang_Jiaxuan,Tang_Jiaxuan,True,0.012037908658385277,0.4643757361918688,0.45667774975299835,0.9210534859448671,4.101837053894997,2.3239053785800934,39.360788464546204,46.70758438296616,53.29241752624512
./data/processed/test/Tang_Jiaxuan/Tang_Jiaxuan_0006.jpg,Tang_Jiaxuan,Tang_Jiaxuan,True,0.012155034579336643,0.4001107532531023,0.38620117120444775,0.78631192445755,2.7857910841703415,0.7371834944933653,29.114633798599243,33.4239203017205,66.57608151435852
./data/processed/test/Tang_Jiaxuan/Tang_Jiaxuan_0010.jpg,Tang_Jiaxuan,Tang_Jiaxuan,True,0.012150699272751808,0.3044445300474763,0.29813700821250677,0.6025815382599831,2.3755736649036407,1.1858348734676838,22.09496945142746,26.258959528058767,73.74104857444763
./data/processed/test/Tiger_Woods/Tiger_Woods_0001.jpg,Tiger_Woods,Tiger_Woods,True,0.01783914305269718,0.10111144511029124,0.12476268457248807,0.2258741296827793,0.7863552309572697,0.461035268381238,13.787533342838287,15.260797971859574,84.73920822143555
./data/processed/test/Tiger_Woods/Tiger_Woods_0009.jpg,Tiger_Woods,Tiger_Woods,True,0.018422618508338928,0.008951753261499107,0.0,0.008951753261499107,0.409567728638649,2.585129626095295,10.544324666261673,13.547973774257116,86.4520251750946
./data/processed/test/Tiger_Woods/Tiger_Woods_0010.jpg,Tiger_Woods,Tiger_Woods,True,0.01835714280605316,0.2154387766495347,0.2594678895547986,0.4749066662043333,2.277657389640808,4.270675778388977,26.754391193389893,33.77763102762401,66.22236967086792
./data/processed/test/Tiger_Woods/Tiger_Woods_0016.jpg,Tiger_Woods,Tiger_Woods,True,0.018248535692691803,0.020265765488147736,0.0,0.020265765488147736,0.27309334836900234,0.8290726691484451,10.184624046087265,11.30705582909286,88.6929452419281
./data/processed/test/Tiger_Woods/Tiger_Woods_0018.jpg,Tiger_Woods,Tiger_Woods,True,0.01790747232735157,0.02238185697933659,0.0,0.02238185697933659,0.28762060683220625,0.516370078548789,14.149163663387299,14.97553620574763,85.02446413040161
./data/processed/test/Tim_Henman/Tim_Henman_0001.jpg,Tim_Henman,Tim_Henman,True,0.01526516955345869,0.3365027252584696,0.3211051691323519,0.6576078943908215,1.7699051648378372,1.2676096521317959,18.671993911266327,22.36711662262678,77.63289213180542
./data/processed/test/Tim_Henman/Tim_Henman_0002.jpg,Tim_Henman,Tim_Henman,True,0.014979494735598564,0.720713147893548,0.7180614862591028,1.4387746341526508,4.467510059475899,2.687513642013073,39.80766832828522,48.40146666392684,51.598531007766724
./data/processed/test/Tim_Henman/Tim_Henman_0006.jpg,Tim_Henman,Tim_Henman,True,0.015021268278360367,0.6603879388421774,0.6187583319842815,1.279146270826459,3.555697202682495,1.5230503864586353,33.042654395103455,39.400548255071044,60.59945225715637
./data/processed/test/Tim_Henman/Tim_Henman_0012.jpg,Tim_Henman,Tim_Henman,True,0.015574723482131958,0.397696066647768,0.29348398093134165,0.6911800475791097,1.7438799142837524,0.3883256111294031,21.984685957431793,24.80807153042406,75.19192099571228
./data/processed/test/Tom_Cruise/Tom_Cruise_0002.jpg,Tom_Cruise,Tom_Cruise,True,0.011605232022702694,0.0,0.0,0.0,0.5799110513180494,2.828093059360981,10.89487075805664,14.302874868735671,85.6971263885498
./data/processed/test/Tom_Cruise/Tom_Cruise_0009.jpg,Tom_Cruise,Tom_Cruise,True,0.010668476112186909,0.015314418124035,0.0,0.015314418124035,0.17359362682327628,0.9510225616395473,8.789191395044327,9.929122001631185,90.07087349891663
./data/processed/test/Tom_Daschle/Tom_Daschle_0001.jpg,Tom_Daschle,Tom_Daschle,True,0.018166938796639442,0.277367839589715,0.20659342408180237,0.48396126367151737,1.8740180879831314,0.8139342069625854,22.36855924129486,25.540472799912095,74.45952296257019
./data/processed/test/Tom_Daschle/Tom_Daschle_0009.jpg,Tom_Daschle,Tom_Daschle,True,0.018859779462218285,0.2006646478548646,0.05692957201972604,0.25759421987459064,0.2538620959967375,0.03282085817772895,8.416508138179779,8.960785312228836,91.03921055793762
./data/processed/test/Tom_Daschle/Tom_Daschle_0012.jpg,Tom_Daschle,Tom_Daschle,True,0.020563246682286263,0.561019079759717,0.5921396892517805,1.1531587690114975,3.805447742342949,0.9917028248310089,38.667455315589905,44.61776465177536,55.38223385810852
./data/processed/test/Tom_Daschle/Tom_Daschle_0017.jpg,Tom_Daschle,Tom_Daschle,True,0.020710116252303123,0.4954411182552576,0.6006598472595215,1.096100965514779,3.1478572636842728,1.204755436629057,31.79894983768463,37.24766350351274,62.752336263656616
./data/processed/test/Tom_Daschle/Tom_Daschle_0024.jpg,Tom_Daschle,Tom_Daschle,True,0.02070166915655136,0.689051765948534,0.6087516900151968,1.2978034559637308,3.863760083913803,1.0805253870785236,38.723695278167725,44.96578420512378,55.03421425819397
./data/processed/test/Tom_Hanks/Tom_Hanks_0002.jpg,Tom_Hanks,Arnold_Schwarzenegger,False,0.009896969422698021,0.0938583689276129,0.10566242272034287,0.19952079164795578,0.4582787398248911,0.9740851819515228,20.345813035964966,21.977697749389336,78.02229523658752
./data/processed/test/Tom_Hanks/Tom_Hanks_0009.jpg,Tom_Hanks,Arnold_Schwarzenegger,False,0.010035088285803795,0.035421387292444706,0.03966163203585893,0.07508301932830364,0.17944449791684747,0.26094235945492983,9.259308874607086,9.774778751307167,90.22523164749146
./data/processed/test/Tom_Ridge/Tom_Ridge_0009.jpg,Tom_Ridge,Tom_Ridge,True,0.022630250081419945,0.06852506776340306,0.0803185161203146,0.14884358388371766,0.1678984146565199,0.04339314473327249,6.988238543272018,7.3483736865455285,92.65162348747253
./data/processed/test/Tom_Ridge/Tom_Ridge_0010.jpg,Tom_Ridge,Tom_Ridge,True,0.023819614201784134,0.7476548664271832,0.7063471712172031,1.4540020376443863,4.3177686631679535,1.2011321261525154,48.229971528053284,55.20287435501814,44.797128438949585
./data/processed/test/Tom_Ridge/Tom_Ridge_0016.jpg,Tom_Ridge,Tom_Ridge,True,0.02340167760848999,0.194378977175802,0.28671829495579004,0.48109727213159204,1.5033792704343796,0.4556291736662388,21.185319125652313,23.625424841884524,76.3745665550232
./data/processed/test/Tom_Ridge/Tom_Ridge_0018.jpg,Tom_Ridge,Tom_Ridge,True,0.023604603484272957,0.5858341231942177,0.6915225181728601,1.2773566413670778,4.39390130341053,1.090877503156662,37.85189688205719,44.61403232999146,55.38597106933594
./data/processed/test/Tom_Ridge/Tom_Ridge_0020.jpg,Tom_Ridge,Tom_Ridge,True,0.023028487339615822,0.24516948033124208,0.30507997144013643,0.5502494517713785,2.0080052316188812,0.7247941102832556,29.282981157302856,32.56602995097637,67.43396520614624
./data/processed/test/Tom_Ridge/Tom_Ridge_0027.jpg,Tom_Ridge,Tom_Ridge,True,0.02382350154221058,0.4866490140557289,0.5010390188544989,0.9876880329102278,3.011072985827923,0.8184219710528851,34.55190360546112,39.369086595252156,60.6309175491333
./data/processed/test/Tom_Ridge/Tom_Ridge_0032.jpg,Tom_Ridge,Tom_Ridge,True,0.02312549389898777,0.29650074429810047,0.42083170264959335,0.7173324469476938,2.0647361874580383,0.4169553518295288,19.189363718032837,22.388387704268098,77.61160731315613
./data/processed/test/Tommy_Franks/Tommy_Franks_0001.jpg,Tommy_Franks,Tommy_Franks,True,0.013601928949356079,0.4436490125954151,0.36803854163736105,0.8116875542327762,2.213427610695362,0.9117463603615761,24.60079938173294,28.537660907022655,71.46234512329102
./data/processed/test/Tommy_Franks/Tommy_Franks_0002.jpg,Tommy_Franks,Tommy_Franks,True,0.0125066377222538,0.4008803050965071,0.4199522081762552,0.8208325132727623,1.778690330684185,0.6926347501575947,19.0206840634346,22.312841657549143,77.68715620040894
./data/processed/test/Tommy_Franks/Tommy_Franks_0006.jpg,Tommy_Franks,Vladimir_Putin,False,0.013337183743715286,0.7013801950961351,0.7537184748798609,1.455098669975996,4.3480414897203445,1.9962353631854057,41.197770833969116,48.99714635685086,51.00284814834595
./data/processed/test/Tommy_Franks/Tommy_Franks_0015.jpg,Tommy_Franks,Tommy_Franks,True,0.01273031160235405,0.1328303595073521,0.034437404247000813,0.16726776375435293,0.04051032883580774,0.017210769874509424,7.039962708950043,7.264951571414713,92.7350401878357
./data/processed/test/Tommy_Thompson/Tommy_Thompson_0002.jpg,Tommy_Thompson,Arnold_Schwarzenegger,False,0.01154960598796606,0.09038226562552154,0.045780299114994705,0.13616256474051625,0.15411920612677932,0.3859918797388673,7.891511172056198,8.567784822662361,91.43221378326416
./data/processed/test/Tommy_Thompson/Tommy_Thompson_0009.jpg,Tommy_Thompson,Jose_Maria_Aznar,False,0.011787351220846176,0.0863316934555769,0.11100722476840019,0.1973389182239771,0.14312680577859282,0.03865952312480658,7.667878270149231,8.047003517276607,91.9529914855957
./data/processed/test/Tony_Blair/Tony_Blair_0005.jpg,Tony_Blair,Tony_Blair,True,0.08410022407770157,0.16987771959975362,0.1433751778677106,0.3132528974674642,0.8484186604619026,0.32466473057866096,13.245382905006409,14.731719193514436,85.26828289031982
./data/processed/test/Tony_Blair/Tony_Blair_0010.jpg,Tony_Blair,Tony_Blair,True,0.08318636566400528,0.0537601241376251,0.09248018031939864,0.14624030445702374,0.08088338072411716,0.04658454563468695,8.280183374881744,8.553891605697572,91.44610166549683
./data/processed/test/Tony_Blair/Tony_Blair_0012.jpg,Tony_Blair,Tony_Blair,True,0.08407201617956161,0.5420492496341467,0.4085903987288475,0.9506396483629942,2.280622348189354,0.7543887477368116,25.6605863571167,29.64623710140586,70.353764295578
./data/processed/test/Tony_Blair/Tony_Blair_0013.jpg,Tony_Blair,Tony_Blair,True,0.08422330021858215,0.142320164013654,0.049976183800026774,0.19229634781368077,0.0716782989911735,0.057281897170469165,8.30933302640915,8.630589570384473,91.36941432952881
./data/processed/test/Tony_Blair/Tony_Blair_0019.jpg,Tony_Blair,Tony_Blair,True,0.08406144380569458,0.41312333196401596,0.4219453316181898,0.8350686635822058,1.972975768148899,0.5920330062508583,22.886832058429718,26.28690949641168,73.71309995651245
./data/processed/test/Tony_Blair/Tony_Blair_0020.jpg,Tony_Blair,Tony_Blair,True,0.08408673107624054,0.25868299417197704,0.05874224007129669,0.31742523424327374,0.20323917269706726,0.16456603771075606,8.1989586353302,8.884189079981297,91.11579656600952
./data/processed/test/Tony_Blair/Tony_Blair_0027.jpg,Tony_Blair,Tony_Blair,True,0.0841260477900505,0.15544426860287786,0.027219037292525172,0.18266330589540303,0.10360151063650846,0.11084987781941891,9.760583937168121,10.157698631519452,89.84229564666748
./data/processed/test/Tony_Blair/Tony_Blair_0028.jpg,Tony_Blair,Tony_Blair,True,0.08408860117197037,0.606937101110816,0.8092252537608147,1.4161623548716307,3.6430880427360535,1.9714182242751122,37.20488250255585,44.23555112443864,55.764442682266235
./data/processed/test/Tony_Blair/Tony_Blair_0046.jpg,Tony_Blair,Tony_Blair,True,0.08423470705747604,0.4535967018455267,0.3701243083924055,0.8237210102379322,2.0520541816949844,0.6455129012465477,26.778024435043335,30.2993125282228,69.700688123703
./data/processed/test/Tony_Blair/Tony_Blair_0052.jpg,Tony_Blair,Tony_Blair,True,0.08419718593358994,0.5668746307492256,0.48525379970669746,1.052128430455923,3.0470144003629684,1.5529634431004524,35.65532565116882,41.30743192508817,58.692580461502075
./data/processed/test/Tony_Blair/Tony_Blair_0056.jpg,Tony_Blair,Tony_Blair,True,0.08417849242687225,0.11766995303332806,0.042640717583708465,0.16031067061703652,0.08152587688528001,0.025059879408217967,4.5990511775016785,4.865947604412213,95.13405561447144
./data/processed/test/Tony_Blair/Tony_Blair_0057.jpg,Tony_Blair,Tony_Blair,True,0.08410146087408066,0.13604455161839724,0.017032930918503553,0.1530774825369008,0.09746750583872199,0.19555797334760427,9.724058955907822,10.170161917631049,89.82982635498047
./data/processed/test/Tony_Blair/Tony_Blair_0065.jpg,Tony_Blair,Tony_Blair,True,0.0841812938451767,0.11748893884941936,0.01014781155390665,0.127636750403326,0.08899969980120659,0.13078609481453896,7.0451706647872925,7.392593209806364,92.60740876197815
./data/processed/test/Tony_Blair/Tony_Blair_0066.jpg,Tony_Blair,Tony_Blair,True,0.08416379988193512,0.5883700679987669,0.5197059828788042,1.108076050877571,3.5363223403692245,0.9429389610886574,39.80855941772461,45.39589677006006,54.604095220565796
./data/processed/test/Tony_Blair/Tony_Blair_0067.jpg,Tony_Blair,Tony_Blair,True,0.08407207578420639,0.17644912004470825,0.08412583265453577,0.260574952699244,0.058438105043023825,0.057049712631851435,9.531432390213013,9.907495160587132,90.09250402450562
./data/processed/test/Tony_Blair/Tony_Blair_0070.jpg,Tony_Blair,Tony_Blair,True,0.083903007209301,0.11744900839403272,0.046760079567320645,0.16420908796135336,0.09246403933502734,0.044252496445551515,6.075546145439148,6.37647176918108,93.6235249042511
./data/processed/test/Tony_Blair/Tony_Blair_0074.jpg,Tony_Blair,Tony_Blair,True,0.08414805680513382,0.08099168189801276,0.010280046990374103,0.09127172888838686,0.11453490005806088,0.1659819157794118,5.7394444942474365,6.111233038973296,93.88877153396606
./data/processed/test/Tony_Blair/Tony_Blair_0079.jpg,Tony_Blair,Tony_Blair,True,0.08362728357315063,0.48423553816974163,0.3987814299762249,0.8830169681459665,2.808018960058689,0.6865897681564093,32.013335824012756,36.39096152037382,63.609033823013306
./data/processed/test/Tony_Blair/Tony_Blair_0083.jpg,Tony_Blair,Tony_Blair,True,0.08422920852899551,0.5323109682649374,0.40282150730490685,0.9351324755698442,2.7181660756468773,0.6508113350719213,32.0184051990509,36.322515085339546,63.67748975753784
./data/processed/test/Tony_Blair/Tony_Blair_0095.jpg,Tony_Blair,Tony_Blair,True,0.08305006474256516,0.15202078502625227,0.24306841660290956,0.39508920162916183,0.49015008844435215,0.13790259836241603,13.676859438419342,14.700001326855272,85.29999852180481
./data/processed/test/Tony_Blair/Tony_Blair_0098.jpg,Tony_Blair,Tony_Blair,True,0.0838669091463089,0.11165337637066841,0.04832543199881911,0.15997880836948752,0.08111366187222302,0.018718565115705132,6.951279938220978,7.2110909735783935,92.78891682624817
./data/processed/test/Tony_Blair/Tony_Blair_0101.jpg,Tony_Blair,Tony_Blair,True,0.0841703712940216,0.08745264494791627,0.008944035653257743,0.09639668060117401,0.13884034706279635,0.45823133550584316,6.933445483446121,7.626913846615935,92.37308502197266
./data/processed/test/Tony_Blair/Tony_Blair_0111.jpg,Tony_Blair,Tony_Blair,True,0.08416006714105606,0.05837074131704867,0.011548365728231147,0.06991910704527982,0.08238667505793273,0.2345921704545617,5.32342717051506,5.710325123072835,94.28966641426086
./data/processed/test/Tony_Blair/Tony_Blair_0114.jpg,Tony_Blair,Tony_Blair,True,0.08408965915441513,0.17927071312442422,0.04941480001434684,0.22868551313877106,0.08363118395209312,0.05509621696546674,8.009764552116394,8.377177466172725,91.62282347679138
./data/processed/test/Tony_Blair/Tony_Blair_0118.jpg,Tony_Blair,Tony_Blair,True,0.08395617455244064,0.10114093311131,0.01441917847841978,0.11556011158972979,0.0260890374192968,0.03207377449143678,7.067674398422241,7.241397321922705,92.75859594345093
./data/processed/test/Tony_Blair/Tony_Blair_0120.jpg,Tony_Blair,Tony_Blair,True,0.08354413509368896,0.2501839306205511,0.45201610773801804,0.7022000383585691,2.131957560777664,0.5623637698590755,29.78111505508423,33.17763642407954,66.82235598564148
./data/processed/test/Tony_Blair/Tony_Blair_0126.jpg,Tony_Blair,Tony_Blair,True,0.0840638279914856,0.3158686216920614,0.042287862743251026,0.35815648443531245,0.1448945957235992,0.18014226807281375,19.311796128749847,19.994989476981573,80.00500798225403
./data/processed/test/Tony_Blair/Tony_Blair_0133.jpg,Tony_Blair,Tony_Blair,True,0.08401542156934738,0.11217007413506508,0.042218188173137605,0.15438826230820268,0.11374276364222169,0.05856177886016667,7.225480675697327,7.552173480507918,92.447829246521
./data/processed/test/Tony_Blair/Tony_Blair_0134.jpg,Tony_Blair,Tony_Blair,True,0.0840548574924469,0.11114552617073059,0.02711185661610216,0.13825738278683275,0.09983538184314966,0.10891718557104468,6.418051570653915,6.7650615208549425,93.23493838310242
./data/processed/test/Trent_Lott/Trent_Lott_0001.jpg,Trent_Lott,Trent_Lott,True,0.014181309379637241,0.25248073507100344,0.3648887388408184,0.6173694739118218,2.0565351471304893,0.546672660857439,27.718624472618103,30.939201754517853,69.06078457832336
./data/processed/test/Trent_Lott/Trent_Lott_0002.jpg,Trent_Lott,Trent_Lott,True,0.013903666287660599,0.38418429903686047,0.4585669841617346,0.842751283198595,2.987843006849289,0.9362440556287766,33.043283224105835,37.810121569782495,62.18987703323364
./data/processed/test/Trent_Lott/Trent_Lott_0006.jpg,Trent_Lott,Trent_Lott,True,0.013804676942527294,0.2048182301223278,0.2209072234109044,0.4257254535332322,1.5365218743681908,0.9885148145258427,20.266862213611603,23.21762435603887,76.78236961364746
./data/processed/test/Trent_Lott/Trent_Lott_0015.jpg,Trent_Lott,Trent_Lott,True,0.01303247269243002,0.28957799077033997,0.22364107426255941,0.5132190650328994,2.410636842250824,2.4993164464831352,27.425384521484375,32.848556875251234,67.15145111083984
./data/processed/test/Venus_Williams/Venus_Williams_0001.jpg,Venus_Williams,Serena_Williams,False,0.018831364810466766,0.011385401739971712,0.002211522587458603,0.013596924327430315,0.3020815784111619,0.657706381753087,5.644527450203896,6.617912334695575,93.38207840919495
./data/processed/test/Venus_Williams/Venus_Williams_0002.jpg,Venus_Williams,Serena_Williams,False,0.016461793333292007,0.004623495988198556,0.0020600995412678458,0.006683595529466402,0.39831092581152916,1.7005560919642448,7.576357573270798,9.681908186576038,90.31808376312256
./data/processed/test/Venus_Williams/Venus_Williams_0006.jpg,Venus_Williams,Venus_Williams,True,0.013954730704426765,0.22151479497551918,0.33163465559482574,0.5531494505703449,1.7078755423426628,0.5976812914013863,19.984741508960724,22.843447793275118,77.15654373168945
./data/processed/test/Venus_Williams/Venus_Williams_0016.jpg,Venus_Williams,Venus_Williams,True,0.014160324819386005,0.378380180336535,0.4960267338901758,0.8744069142267108,2.8011346235871315,1.6851939260959625,29.35243248939514,34.713167953304946,65.28682708740234
./data/processed/test/Vicente_Fox/Vicente_Fox_0009.jpg,Vicente_Fox,Vicente_Fox,True,0.025111699476838112,0.3536683041602373,0.42741065844893456,0.7810789626091719,2.3587029427289963,0.9226636961102486,25.293835997581482,29.3562815990299,70.64372301101685
./data/processed/test/Vicente_Fox/Vicente_Fox_0010.jpg,Vicente_Fox,Vicente_Fox,True,0.02529788948595524,0.6155773065984249,0.6120934151113033,1.2276707217097282,3.552776947617531,1.4594342559576035,31.9230318069458,38.16291373223066,61.83708310127258
./data/processed/test/Vicente_Fox/Vicente_Fox_0016.jpg,Vicente_Fox,Vicente_Fox,True,0.024466874077916145,0.043427973287180066,0.00943623308558017,0.052864206372760236,0.37619215436279774,0.45896214433014393,13.511472940444946,14.399491445510648,85.60051321983337
./data/processed/test/Vicente_Fox/Vicente_Fox_0018.jpg,Vicente_Fox,Vicente_Fox,True,0.025340531021356583,0.10892844293266535,0.11912182671949267,0.22805026965215802,0.9218226186931133,0.7893850095570087,14.453752338886261,16.39301023678854,83.60699415206909
./data/processed/test/Vicente_Fox/Vicente_Fox_0025.jpg,Vicente_Fox,Vicente_Fox,True,0.0247863307595253,0.01698392297839746,0.010100658982992172,0.02708458196138963,0.28626860585063696,1.3677029870450497,11.559247970581055,13.240304145438131,86.75970435142517
./data/processed/test/Vicente_Fox/Vicente_Fox_0030.jpg,Vicente_Fox,Vicente_Fox,True,0.024284537881612778,0.0,0.004918554986943491,0.004918554986943491,0.45043197460472584,0.768047384917736,7.69365057349205,8.917048488001456,91.08295440673828
./data/processed/test/Vicente_Fox/Vicente_Fox_0031.jpg,Vicente_Fox,Vicente_Fox,True,0.025515396147966385,0.2262030728161335,0.3217023564502597,0.5479054292663932,2.2934727370738983,0.7839571684598923,28.983622789382935,32.60895812418312,67.39104390144348
./data/processed/test/Vladimir_Putin/Vladimir_Putin_0014.jpg,Vladimir_Putin,Vladimir_Putin,True,0.034270718693733215,0.4448062740266323,0.595555268228054,1.0403615422546864,3.9666980504989624,1.3451186940073967,39.58359658718109,45.93577487394214,54.06421422958374
./data/processed/test/Vladimir_Putin/Vladimir_Putin_0018.jpg,Vladimir_Putin,Vladimir_Putin,True,0.03390321135520935,0.6855514366179705,0.8976122364401817,1.5831636730581522,4.321594908833504,2.5355344638228416,40.230199694633484,48.67049274034798,51.329511404037476
./data/processed/test/Vladimir_Putin/Vladimir_Putin_0020.jpg,Vladimir_Putin,Vladimir_Putin,True,0.033867835998535156,0.7129982579499483,0.7383426185697317,1.45134087651968,5.876798555254936,2.545906789600849,43.58607232570648,53.46011854708195,46.539875864982605
./data/processed/test/Vladimir_Putin/Vladimir_Putin_0026.jpg,Vladimir_Putin,Vladimir_Putin,True,0.033972401171922684,0.35145916044712067,0.5935968365520239,0.9450559969991446,2.755875140428543,1.3568300753831863,32.25502967834473,37.3127908911556,62.71415948867798
./data/processed/test/Vladimir_Putin/Vladimir_Putin_0027.jpg,Vladimir_Putin,Vladimir_Putin,True,0.03310428932309151,0.22723106667399406,0.5481099709868431,0.7753410376608372,2.2630833089351654,0.8998540230095387,26.996055245399475,30.934333615005016,69.06567215919495
./data/processed/test/Vladimir_Putin/Vladimir_Putin_0028.jpg,Vladimir_Putin,Vladimir_Putin,True,0.03426595404744148,0.506458105519414,0.5455289967358112,1.0519871022552252,3.0964987352490425,0.8320487104356289,31.2850683927536,36.2656029406935,63.734400272369385
./data/processed/test/Vladimir_Putin/Vladimir_Putin_0032.jpg,Vladimir_Putin,Vladimir_Putin,True,0.034027423709630966,0.3920318093150854,0.496489554643631,0.8885213639587164,2.4290643632411957,0.911612156778574,30.582791566848755,34.81198945082724,65.18802046775818
./data/processed/test/Vladimir_Putin/Vladimir_Putin_0045.jpg,Vladimir_Putin,Vladimir_Putin,True,0.0341520756483078,0.7429019547998905,1.1350887827575207,1.8779907375574112,4.163923487067223,1.1391665786504745,44.222480058670044,51.40356086194515,48.59643280506134
./data/processed/test/Vladimir_Putin/Vladimir_Putin_0046.jpg,Vladimir_Putin,Vladimir_Putin,True,0.03430795669555664,0.4212538246065378,0.41010002605617046,0.8313538506627083,4.390252381563187,2.9218101873993874,40.104466676712036,48.24788309633732,51.75211429595947
./data/processed/test/Vladimir_Putin/Vladimir_Putin_0048.jpg,Vladimir_Putin,Vladimir_Putin,True,0.032707277685403824,0.12252641608938575,0.4660721868276596,0.5885986029170454,1.1109220795333385,0.39691166020929813,25.916138291358948,28.01257063401863,72.10338115692139
./data/processed/test/Walter_Mondale/Walter_Mondale_0002.jpg,Walter_Mondale,Gerhard_Schroeder,False,0.014340470544993877,0.22685222793370485,0.3353762673214078,0.5622284952551126,1.9952530041337013,2.078562043607235,24.208827316761017,28.844870859757066,71.15512490272522
./data/processed/test/Walter_Mondale/Walter_Mondale_0009.jpg,Walter_Mondale,Ariel_Sharon,False,0.013678718358278275,0.07855002186261117,0.13824308989569545,0.21679311175830662,0.12664900859817863,0.1370819634757936,8.774523437023163,9.255047520855442,90.74496030807495
./data/processed/test/Wen_Jiabao/Wen_Jiabao_0001.jpg,Wen_Jiabao,Wen_Jiabao,True,0.013230257667601109,0.2812052145600319,0.5695289466530085,0.8507341612130404,2.63779703527689,0.8222012780606747,32.63175189495087,36.94248436950147,63.057512044906616
./data/processed/test/Wen_Jiabao/Wen_Jiabao_0010.jpg,Wen_Jiabao,Wen_Jiabao,True,0.013593601062893867,0.40337201207876205,0.3879334544762969,0.791305466555059,3.240269422531128,1.1938455514609814,35.53898334503174,40.76440378557891,59.235596656799316
./data/processed/test/Wen_Jiabao/Wen_Jiabao_0012.jpg,Wen_Jiabao,Wen_Jiabao,True,0.013181915506720543,0.59547726996243,0.45672827400267124,1.0522055439651012,4.062925279140472,0.9917834773659706,40.94042181968689,47.047336120158434,52.95267105102539
./data/processed/test/Winona_Ryder/Winona_Ryder_0001.jpg,Winona_Ryder,Winona_Ryder,True,0.018700141459703445,0.13808079529553652,0.006349484465317801,0.14443027976085432,0.17040215898305178,0.2382554579526186,5.64330518245697,6.196393079153495,93.80361437797546
./data/processed/test/Winona_Ryder/Winona_Ryder_0009.jpg,Winona_Ryder,Winona_Ryder,True,0.018851574510335922,0.6623769644647837,0.5024231038987637,1.1648000683635473,2.9495758935809135,0.7933625020086765,31.85332417488098,36.76106263883412,63.23894262313843
./data/processed/test/Winona_Ryder/Winona_Ryder_0012.jpg,Winona_Ryder,Winona_Ryder,True,0.018688788637518883,0.3583309007808566,0.3681293223053217,0.7264602230861783,1.8291404470801353,0.9883478283882141,21.993690729141235,25.537639227695763,74.46236610412598
./data/processed/test/Winona_Ryder/Winona_Ryder_0017.jpg,Winona_Ryder,Winona_Ryder,True,0.014311103150248528,0.09004751336760819,0.14158833073452115,0.23163584410212934,0.12635980965569615,0.04757957940455526,6.807004660367966,7.2125798935303465,92.78742671012878
./data/processed/test/Winona_Ryder/Winona_Ryder_0019.jpg,Winona_Ryder,Winona_Ryder,True,0.018894731998443604,0.375879043713212,0.471502635627985,0.847381679341197,1.6719527542591095,0.387245393358171,18.829794228076935,21.736374055035412,78.2636284828186
./data/processed/test/Yoriko_Kawaguchi/Yoriko_Kawaguchi_0001.jpg,Yoriko_Kawaguchi,Yoriko_Kawaguchi,True,0.013945274986326694,0.5769728682935238,0.5486581940203905,1.1256310623139143,3.7733253091573715,1.6740944236516953,38.164398074150085,44.73744886927307,55.26255965232849
./data/processed/test/Yoriko_Kawaguchi/Yoriko_Kawaguchi_0010.jpg,Yoriko_Kawaguchi,Yoriko_Kawaguchi,True,0.013708451762795448,0.011221908061997965,0.054455065401270986,0.06567697346326895,0.21193977445363998,0.4909123759716749,7.3612987995147705,8.129827923403354,91.87016487121582
./data/processed/test/Yoriko_Kawaguchi/Yoriko_Kawaguchi_0012.jpg,Yoriko_Kawaguchi,Yoriko_Kawaguchi,True,0.013865906745195389,0.15712097520008683,0.060732068959623575,0.2178530441597104,0.27752406895160675,0.07216364610940218,8.14649984240532,8.714040601626039,91.28596186637878
