image_path,true_label,condition,pred_label,correct,confidence
./data/processed/test/Abdullah_Gul/Abdullah_Gul_0001.jpg,Abdullah_Gul,original,Abdullah_Gul,True,0.015541949309408665
./data/processed/test/Abdullah_Gul/Abdullah_Gul_0001.jpg,Abdullah_Gul,mask_eyes,Abdullah_Gul,True,0.014957615174353123
./data/processed/test/Abdullah_Gul/Abdullah_Gul_0001.jpg,Abdullah_Gul,mask_nose,Abdullah_Gul,True,0.014086750335991383
./data/processed/test/Abdullah_Gul/Abdullah_Gul_0001.jpg,Abdullah_Gul,mask_mouth,Abdullah_Gul,True,0.01537286676466465
./data/processed/test/Abdullah_Gul/Abdullah_Gul_0001.jpg,Abdullah_Gul,mask_face_oval,Michael_Schumacher,False,0.01106924470514059
./data/processed/test/Abdullah_Gul/Abdullah_Gul_0001.jpg,Abdullah_Gul,mask_outside_face,Abdullah_Gul,True,0.012376435101032257
./data/processed/test/Abdullah_Gul/Abdullah_Gul_0001.jpg,Abdullah_Gul,dark,Abdullah_Gul,True,0.015323319472372532
./data/processed/test/Abdullah_Gul/Abdullah_Gul_0001.jpg,Abdullah_Gul,bright,Abdullah_Gul,True,0.015507606789469719
./data/processed/test/Abdullah_Gul/Abdullah_Gul_0002.jpg,Abdullah_Gul,original,Abdullah_Gul,True,0.015597785823047161
./data/processed/test/Abdullah_Gul/Abdullah_Gul_0002.jpg,Abdullah_Gul,mask_eyes,Abdullah_Gul,True,0.015230621211230755
./data/processed/test/Abdullah_Gul/Abdullah_Gul_0002.jpg,Abdullah_Gul,mask_nose,Abdullah_Gul,True,0.014726807363331318
./data/processed/test/Abdullah_Gul/Abdullah_Gul_0002.jpg,Abdullah_Gul,mask_mouth,Abdullah_Gul,True,0.015489374287426472
./data/processed/test/Abdullah_Gul/Abdullah_Gul_0002.jpg,Abdullah_Gul,mask_face_oval,Arnold_Schwarzenegger,False,0.010776832699775696
./data/processed/test/Abdullah_Gul/Abdullah_Gul_0002.jpg,Abdullah_Gul,mask_outside_face,Taha_Yassin_Ramadan,False,0.012524858117103577
./data/processed/test/Abdullah_Gul/Abdullah_Gul_0002.jpg,Abdullah_Gul,dark,Abdullah_Gul,True,0.015405183658003807
./data/processed/test/Abdullah_Gul/Abdullah_Gul_0002.jpg,Abdullah_Gul,bright,Abdullah_Gul,True,0.01549331471323967
./data/processed/test/Abdullah_Gul/Abdullah_Gul_0006.jpg,Abdullah_Gul,original,Abdullah_Gul,True,0.015431149862706661
./data/processed/test/Abdullah_Gul/Abdullah_Gul_0006.jpg,Abdullah_Gul,mask_eyes,Abdullah_Gul,True,0.015155804343521595
./data/processed/test/Abdullah_Gul/Abdullah_Gul_0006.jpg,Abdullah_Gul,mask_nose,Abdullah_Gul,True,0.013581600971519947
./data/processed/test/Abdullah_Gul/Abdullah_Gul_0006.jpg,Abdullah_Gul,mask_mouth,Abdullah_Gul,True,0.015425560064613819
./data/processed/test/Abdullah_Gul/Abdullah_Gul_0006.jpg,Abdullah_Gul,mask_face_oval,Ariel_Sharon,False,0.010036114603281021
./data/processed/test/Abdullah_Gul/Abdullah_Gul_0006.jpg,Abdullah_Gul,mask_outside_face,Abdullah_Gul,True,0.011879720725119114
./data/processed/test/Abdullah_Gul/Abdullah_Gul_0006.jpg,Abdullah_Gul,dark,Abdullah_Gul,True,0.015347745269536972
./data/processed/test/Abdullah_Gul/Abdullah_Gul_0006.jpg,Abdullah_Gul,bright,Abdullah_Gul,True,0.014820798300206661
./data/processed/test/Abdullah_Gul/Abdullah_Gul_0012.jpg,Abdullah_Gul,original,Abdullah_Gul,True,0.01577135920524597
./data/processed/test/Abdullah_Gul/Abdullah_Gul_0012.jpg,Abdullah_Gul,mask_eyes,Abdullah_Gul,True,0.01557558961212635
./data/processed/test/Abdullah_Gul/Abdullah_Gul_0012.jpg,Abdullah_Gul,mask_nose,Abdullah_Gul,True,0.014883430674672127
./data/processed/test/Abdullah_Gul/Abdullah_Gul_0012.jpg,Abdullah_Gul,mask_mouth,Abdullah_Gul,True,0.015589826740324497
./data/processed/test/Abdullah_Gul/Abdullah_Gul_0012.jpg,Abdullah_Gul,mask_face_oval,Gerhard_Schroeder,False,0.010345999151468277
./data/processed/test/Abdullah_Gul/Abdullah_Gul_0012.jpg,Abdullah_Gul,mask_outside_face,Abdullah_Gul,True,0.013196080923080444
./data/processed/test/Abdullah_Gul/Abdullah_Gul_0012.jpg,Abdullah_Gul,dark,Abdullah_Gul,True,0.015622470527887344
./data/processed/test/Abdullah_Gul/Abdullah_Gul_0012.jpg,Abdullah_Gul,bright,Abdullah_Gul,True,0.015593556687235832
./data/processed/test/Adrien_Brody/Adrien_Brody_0001.jpg,Adrien_Brody,original,Adrien_Brody,True,0.011348641477525234
./data/processed/test/Adrien_Brody/Adrien_Brody_0001.jpg,Adrien_Brody,mask_eyes,Adrien_Brody,True,0.011385546065866947
./data/processed/test/Adrien_Brody/Adrien_Brody_0001.jpg,Adrien_Brody,mask_nose,Adrien_Brody,True,0.011204429902136326
./data/processed/test/Adrien_Brody/Adrien_Brody_0001.jpg,Adrien_Brody,mask_mouth,Adrien_Brody,True,0.011353082023561
./data/processed/test/Adrien_Brody/Adrien_Brody_0001.jpg,Adrien_Brody,mask_face_oval,Jiang_Zemin,False,0.010810312815010548
./data/processed/test/Adrien_Brody/Adrien_Brody_0001.jpg,Adrien_Brody,mask_outside_face,Andre_Agassi,False,0.011420868337154388
./data/processed/test/Adrien_Brody/Adrien_Brody_0001.jpg,Adrien_Brody,dark,Adrien_Brody,True,0.010893991217017174
./data/processed/test/Adrien_Brody/Adrien_Brody_0001.jpg,Adrien_Brody,bright,Adrien_Brody,True,0.01115890871733427
./data/processed/test/Adrien_Brody/Adrien_Brody_0010.jpg,Adrien_Brody,original,Adrien_Brody,True,0.011333541013300419
./data/processed/test/Adrien_Brody/Adrien_Brody_0010.jpg,Adrien_Brody,mask_eyes,Adrien_Brody,True,0.011336197145283222
./data/processed/test/Adrien_Brody/Adrien_Brody_0010.jpg,Adrien_Brody,mask_nose,Adrien_Brody,True,0.011430072598159313
./data/processed/test/Adrien_Brody/Adrien_Brody_0010.jpg,Adrien_Brody,mask_mouth,Adrien_Brody,True,0.011191197670996189
./data/processed/test/Adrien_Brody/Adrien_Brody_0010.jpg,Adrien_Brody,mask_face_oval,Lance_Armstrong,False,0.009973577223718166
./data/processed/test/Adrien_Brody/Adrien_Brody_0010.jpg,Adrien_Brody,mask_outside_face,Andre_Agassi,False,0.010149047710001469
./data/processed/test/Adrien_Brody/Adrien_Brody_0010.jpg,Adrien_Brody,dark,Adrien_Brody,True,0.011112320236861706
./data/processed/test/Adrien_Brody/Adrien_Brody_0010.jpg,Adrien_Brody,bright,Adrien_Brody,True,0.011459754779934883
./data/processed/test/Adrien_Brody/Adrien_Brody_0011.jpg,Adrien_Brody,original,Adrien_Brody,True,0.011157488450407982
./data/processed/test/Adrien_Brody/Adrien_Brody_0011.jpg,Adrien_Brody,mask_eyes,Adrien_Brody,True,0.010908961296081543
./data/processed/test/Adrien_Brody/Adrien_Brody_0011.jpg,Adrien_Brody,mask_nose,Megawati_Sukarnoputri,False,0.011994373053312302
./data/processed/test/Adrien_Brody/Adrien_Brody_0011.jpg,Adrien_Brody,mask_mouth,Megawati_Sukarnoputri,False,0.011882294900715351
./data/processed/test/Adrien_Brody/Adrien_Brody_0011.jpg,Adrien_Brody,mask_face_oval,Jiang_Zemin,False,0.009918943978846073
./data/processed/test/Adrien_Brody/Adrien_Brody_0011.jpg,Adrien_Brody,mask_outside_face,Andre_Agassi,False,0.0107901431620121
./data/processed/test/Adrien_Brody/Adrien_Brody_0011.jpg,Adrien_Brody,dark,Megawati_Sukarnoputri,False,0.010775944218039513
./data/processed/test/Adrien_Brody/Adrien_Brody_0011.jpg,Adrien_Brody,bright,Megawati_Sukarnoputri,False,0.011239713989198208
./data/processed/test/Alejandro_Toledo/Alejandro_Toledo_0005.jpg,Alejandro_Toledo,original,Alejandro_Toledo,True,0.025937136262655258
./data/processed/test/Alejandro_Toledo/Alejandro_Toledo_0005.jpg,Alejandro_Toledo,mask_eyes,Alejandro_Toledo,True,0.02486235834658146
./data/processed/test/Alejandro_Toledo/Alejandro_Toledo_0005.jpg,Alejandro_Toledo,mask_nose,Alejandro_Toledo,True,0.025440914556384087
./data/processed/test/Alejandro_Toledo/Alejandro_Toledo_0005.jpg,Alejandro_Toledo,mask_mouth,Alejandro_Toledo,True,0.025748103857040405
./data/processed/test/Alejandro_Toledo/Alejandro_Toledo_0005.jpg,Alejandro_Toledo,mask_face_oval,Arnold_Schwarzenegger,False,0.011824642308056355
./data/processed/test/Alejandro_Toledo/Alejandro_Toledo_0005.jpg,Alejandro_Toledo,mask_outside_face,Alejandro_Toledo,True,0.010779120028018951
./data/processed/test/Alejandro_Toledo/Alejandro_Toledo_0005.jpg,Alejandro_Toledo,dark,Alejandro_Toledo,True,0.0258906502276659
./data/processed/test/Alejandro_Toledo/Alejandro_Toledo_0005.jpg,Alejandro_Toledo,bright,Alejandro_Toledo,True,0.025898845866322517
./data/processed/test/Alejandro_Toledo/Alejandro_Toledo_0007.jpg,Alejandro_Toledo,original,Alejandro_Toledo,True,0.026322675868868828
./data/processed/test/Alejandro_Toledo/Alejandro_Toledo_0007.jpg,Alejandro_Toledo,mask_eyes,Alejandro_Toledo,True,0.02618728019297123
./data/processed/test/Alejandro_Toledo/Alejandro_Toledo_0007.jpg,Alejandro_Toledo,mask_nose,Alejandro_Toledo,True,0.02610708959400654
./data/processed/test/Alejandro_Toledo/Alejandro_Toledo_0007.jpg,Alejandro_Toledo,mask_mouth,Alejandro_Toledo,True,0.02633008174598217
./data/processed/test/Alejandro_Toledo/Alejandro_Toledo_0007.jpg,Alejandro_Toledo,mask_face_oval,Arnold_Schwarzenegger,False,0.010966029018163681
./data/processed/test/Alejandro_Toledo/Alejandro_Toledo_0007.jpg,Alejandro_Toledo,mask_outside_face,Alejandro_Toledo,True,0.024488750845193863
./data/processed/test/Alejandro_Toledo/Alejandro_Toledo_0007.jpg,Alejandro_Toledo,dark,Alejandro_Toledo,True,0.02633260004222393
./data/processed/test/Alejandro_Toledo/Alejandro_Toledo_0007.jpg,Alejandro_Toledo,bright,Alejandro_Toledo,True,0.026235852390527725
./data/processed/test/Alejandro_Toledo/Alejandro_Toledo_0014.jpg,Alejandro_Toledo,original,Alejandro_Toledo,True,0.026089467108249664
./data/processed/test/Alejandro_Toledo/Alejandro_Toledo_0014.jpg,Alejandro_Toledo,mask_eyes,Alejandro_Toledo,True,0.02604691870510578
./data/processed/test/Alejandro_Toledo/Alejandro_Toledo_0014.jpg,Alejandro_Toledo,mask_nose,Alejandro_Toledo,True,0.024729331955313683
./data/processed/test/Alejandro_Toledo/Alejandro_Toledo_0014.jpg,Alejandro_Toledo,mask_mouth,Alejandro_Toledo,True,0.02583540417253971
./data/processed/test/Alejandro_Toledo/Alejandro_Toledo_0014.jpg,Alejandro_Toledo,mask_face_oval,Tony_Blair,False,0.01277796272188425
./data/processed/test/Alejandro_Toledo/Alejandro_Toledo_0014.jpg,Alejandro_Toledo,mask_outside_face,Alejandro_Toledo,True,0.012464202009141445
./data/processed/test/Alejandro_Toledo/Alejandro_Toledo_0014.jpg,Alejandro_Toledo,dark,Alejandro_Toledo,True,0.026081562042236328
./data/processed/test/Alejandro_Toledo/Alejandro_Toledo_0014.jpg,Alejandro_Toledo,bright,Alejandro_Toledo,True,0.026008423417806625
./data/processed/test/Alejandro_Toledo/Alejandro_Toledo_0027.jpg,Alejandro_Toledo,original,Alejandro_Toledo,True,0.026291852816939354
./data/processed/test/Alejandro_Toledo/Alejandro_Toledo_0027.jpg,Alejandro_Toledo,mask_eyes,Alejandro_Toledo,True,0.026232099160552025
./data/processed/test/Alejandro_Toledo/Alejandro_Toledo_0027.jpg,Alejandro_Toledo,mask_nose,Alejandro_Toledo,True,0.026072049513459206
./data/processed/test/Alejandro_Toledo/Alejandro_Toledo_0027.jpg,Alejandro_Toledo,mask_mouth,Alejandro_Toledo,True,0.026279708370566368
./data/processed/test/Alejandro_Toledo/Alejandro_Toledo_0027.jpg,Alejandro_Toledo,mask_face_oval,Alejandro_Toledo,True,0.012641670182347298
./data/processed/test/Alejandro_Toledo/Alejandro_Toledo_0027.jpg,Alejandro_Toledo,mask_outside_face,Alejandro_Toledo,True,0.024255577474832535
./data/processed/test/Alejandro_Toledo/Alejandro_Toledo_0027.jpg,Alejandro_Toledo,dark,Alejandro_Toledo,True,0.026323363184928894
./data/processed/test/Alejandro_Toledo/Alejandro_Toledo_0027.jpg,Alejandro_Toledo,bright,Alejandro_Toledo,True,0.02623717114329338
./data/processed/test/Alejandro_Toledo/Alejandro_Toledo_0028.jpg,Alejandro_Toledo,original,Alejandro_Toledo,True,0.026164619252085686
./data/processed/test/Alejandro_Toledo/Alejandro_Toledo_0028.jpg,Alejandro_Toledo,mask_eyes,Alejandro_Toledo,True,0.02615947648882866
./data/processed/test/Alejandro_Toledo/Alejandro_Toledo_0028.jpg,Alejandro_Toledo,mask_nose,Alejandro_Toledo,True,0.026186909526586533
./data/processed/test/Alejandro_Toledo/Alejandro_Toledo_0028.jpg,Alejandro_Toledo,mask_mouth,Alejandro_Toledo,True,0.026173684746026993
./data/processed/test/Alejandro_Toledo/Alejandro_Toledo_0028.jpg,Alejandro_Toledo,mask_face_oval,Alejandro_Toledo,True,0.02621518075466156
./data/processed/test/Alejandro_Toledo/Alejandro_Toledo_0028.jpg,Alejandro_Toledo,mask_outside_face,Michael_Schumacher,False,0.009923022240400314
./data/processed/test/Alejandro_Toledo/Alejandro_Toledo_0028.jpg,Alejandro_Toledo,dark,Alejandro_Toledo,True,0.026174945756793022
./data/processed/test/Alejandro_Toledo/Alejandro_Toledo_0028.jpg,Alejandro_Toledo,bright,Alejandro_Toledo,True,0.026104271411895752
./data/processed/test/Alejandro_Toledo/Alejandro_Toledo_0031.jpg,Alejandro_Toledo,original,Alejandro_Toledo,True,0.02550799958407879
./data/processed/test/Alejandro_Toledo/Alejandro_Toledo_0031.jpg,Alejandro_Toledo,mask_eyes,Alejandro_Toledo,True,0.02505325712263584
./data/processed/test/Alejandro_Toledo/Alejandro_Toledo_0031.jpg,Alejandro_Toledo,mask_nose,Alejandro_Toledo,True,0.0231498870998621
./data/processed/test/Alejandro_Toledo/Alejandro_Toledo_0031.jpg,Alejandro_Toledo,mask_mouth,Alejandro_Toledo,True,0.023840688169002533
./data/processed/test/Alejandro_Toledo/Alejandro_Toledo_0031.jpg,Alejandro_Toledo,mask_face_oval,Alejandro_Toledo,True,0.012234136462211609
./data/processed/test/Alejandro_Toledo/Alejandro_Toledo_0031.jpg,Alejandro_Toledo,mask_outside_face,Colin_Powell,False,0.010739997029304504
./data/processed/test/Alejandro_Toledo/Alejandro_Toledo_0031.jpg,Alejandro_Toledo,dark,Alejandro_Toledo,True,0.025293080136179924
./data/processed/test/Alejandro_Toledo/Alejandro_Toledo_0031.jpg,Alejandro_Toledo,bright,Alejandro_Toledo,True,0.024800609797239304
./data/processed/test/Alejandro_Toledo/Alejandro_Toledo_0034.jpg,Alejandro_Toledo,original,Alejandro_Toledo,True,0.026272637769579887
./data/processed/test/Alejandro_Toledo/Alejandro_Toledo_0034.jpg,Alejandro_Toledo,mask_eyes,Alejandro_Toledo,True,0.02618744783103466
./data/processed/test/Alejandro_Toledo/Alejandro_Toledo_0034.jpg,Alejandro_Toledo,mask_nose,Alejandro_Toledo,True,0.026154683902859688
./data/processed/test/Alejandro_Toledo/Alejandro_Toledo_0034.jpg,Alejandro_Toledo,mask_mouth,Alejandro_Toledo,True,0.026284711435437202
./data/processed/test/Alejandro_Toledo/Alejandro_Toledo_0034.jpg,Alejandro_Toledo,mask_face_oval,Alejandro_Toledo,True,0.01265536155551672
./data/processed/test/Alejandro_Toledo/Alejandro_Toledo_0034.jpg,Alejandro_Toledo,mask_outside_face,Alejandro_Toledo,True,0.015540415421128273
./data/processed/test/Alejandro_Toledo/Alejandro_Toledo_0034.jpg,Alejandro_Toledo,dark,Alejandro_Toledo,True,0.026241345331072807
./data/processed/test/Alejandro_Toledo/Alejandro_Toledo_0034.jpg,Alejandro_Toledo,bright,Alejandro_Toledo,True,0.026269063353538513
./data/processed/test/Alejandro_Toledo/Alejandro_Toledo_0037.jpg,Alejandro_Toledo,original,Alejandro_Toledo,True,0.02628881111741066
./data/processed/test/Alejandro_Toledo/Alejandro_Toledo_0037.jpg,Alejandro_Toledo,mask_eyes,Alejandro_Toledo,True,0.02621225081384182
./data/processed/test/Alejandro_Toledo/Alejandro_Toledo_0037.jpg,Alejandro_Toledo,mask_nose,Alejandro_Toledo,True,0.02622838504612446
./data/processed/test/Alejandro_Toledo/Alejandro_Toledo_0037.jpg,Alejandro_Toledo,mask_mouth,Alejandro_Toledo,True,0.026281611993908882
./data/processed/test/Alejandro_Toledo/Alejandro_Toledo_0037.jpg,Alejandro_Toledo,mask_face_oval,Alejandro_Toledo,True,0.01033809594810009
./data/processed/test/Alejandro_Toledo/Alejandro_Toledo_0037.jpg,Alejandro_Toledo,mask_outside_face,Mohammed_Al-Douri,False,0.010414966382086277
./data/processed/test/Alejandro_Toledo/Alejandro_Toledo_0037.jpg,Alejandro_Toledo,dark,Alejandro_Toledo,True,0.026265457272529602
./data/processed/test/Alejandro_Toledo/Alejandro_Toledo_0037.jpg,Alejandro_Toledo,bright,Alejandro_Toledo,True,0.026269560679793358
./data/processed/test/Alvaro_Uribe/Alvaro_Uribe_0014.jpg,Alvaro_Uribe,original,Alvaro_Uribe,True,0.025390729308128357
./data/processed/test/Alvaro_Uribe/Alvaro_Uribe_0014.jpg,Alvaro_Uribe,mask_eyes,Alvaro_Uribe,True,0.025370966643095016
./data/processed/test/Alvaro_Uribe/Alvaro_Uribe_0014.jpg,Alvaro_Uribe,mask_nose,Alvaro_Uribe,True,0.025411641225218773
./data/processed/test/Alvaro_Uribe/Alvaro_Uribe_0014.jpg,Alvaro_Uribe,mask_mouth,Alvaro_Uribe,True,0.025381822139024734
./data/processed/test/Alvaro_Uribe/Alvaro_Uribe_0014.jpg,Alvaro_Uribe,mask_face_oval,Hugo_Chavez,False,0.011129163205623627
./data/processed/test/Alvaro_Uribe/Alvaro_Uribe_0014.jpg,Alvaro_Uribe,mask_outside_face,Alvaro_Uribe,True,0.024139296263456345
./data/processed/test/Alvaro_Uribe/Alvaro_Uribe_0014.jpg,Alvaro_Uribe,dark,Alvaro_Uribe,True,0.02537727914750576
./data/processed/test/Alvaro_Uribe/Alvaro_Uribe_0014.jpg,Alvaro_Uribe,bright,Alvaro_Uribe,True,0.02536948397755623
./data/processed/test/Alvaro_Uribe/Alvaro_Uribe_0016.jpg,Alvaro_Uribe,original,Alvaro_Uribe,True,0.02541329711675644
./data/processed/test/Alvaro_Uribe/Alvaro_Uribe_0016.jpg,Alvaro_Uribe,mask_eyes,Alvaro_Uribe,True,0.025367766618728638
./data/processed/test/Alvaro_Uribe/Alvaro_Uribe_0016.jpg,Alvaro_Uribe,mask_nose,Alvaro_Uribe,True,0.02539473958313465
./data/processed/test/Alvaro_Uribe/Alvaro_Uribe_0016.jpg,Alvaro_Uribe,mask_mouth,Alvaro_Uribe,True,0.025377416983246803
./data/processed/test/Alvaro_Uribe/Alvaro_Uribe_0016.jpg,Alvaro_Uribe,mask_face_oval,Arnold_Schwarzenegger,False,0.011642181314527988
./data/processed/test/Alvaro_Uribe/Alvaro_Uribe_0016.jpg,Alvaro_Uribe,mask_outside_face,Alvaro_Uribe,True,0.024735741317272186
./data/processed/test/Alvaro_Uribe/Alvaro_Uribe_0016.jpg,Alvaro_Uribe,dark,Alvaro_Uribe,True,0.02541179582476616
./data/processed/test/Alvaro_Uribe/Alvaro_Uribe_0016.jpg,Alvaro_Uribe,bright,Alvaro_Uribe,True,0.025428032502532005
./data/processed/test/Alvaro_Uribe/Alvaro_Uribe_0020.jpg,Alvaro_Uribe,original,Alvaro_Uribe,True,0.025340523570775986
./data/processed/test/Alvaro_Uribe/Alvaro_Uribe_0020.jpg,Alvaro_Uribe,mask_eyes,Alvaro_Uribe,True,0.025416959077119827
./data/processed/test/Alvaro_Uribe/Alvaro_Uribe_0020.jpg,Alvaro_Uribe,mask_nose,Alvaro_Uribe,True,0.025351522490382195
./data/processed/test/Alvaro_Uribe/Alvaro_Uribe_0020.jpg,Alvaro_Uribe,mask_mouth,Alvaro_Uribe,True,0.025261541828513145
./data/processed/test/Alvaro_Uribe/Alvaro_Uribe_0020.jpg,Alvaro_Uribe,mask_face_oval,Michael_Schumacher,False,0.010462548583745956
./data/processed/test/Alvaro_Uribe/Alvaro_Uribe_0020.jpg,Alvaro_Uribe,mask_outside_face,Alvaro_Uribe,True,0.02447657100856304
./data/processed/test/Alvaro_Uribe/Alvaro_Uribe_0020.jpg,Alvaro_Uribe,dark,Alvaro_Uribe,True,0.02533239684998989
./data/processed/test/Alvaro_Uribe/Alvaro_Uribe_0020.jpg,Alvaro_Uribe,bright,Alvaro_Uribe,True,0.025341272354125977
./data/processed/test/Alvaro_Uribe/Alvaro_Uribe_0022.jpg,Alvaro_Uribe,original,Alvaro_Uribe,True,0.025364486500620842
./data/processed/test/Alvaro_Uribe/Alvaro_Uribe_0022.jpg,Alvaro_Uribe,mask_eyes,Alvaro_Uribe,True,0.02534457854926586
./data/processed/test/Alvaro_Uribe/Alvaro_Uribe_0022.jpg,Alvaro_Uribe,mask_nose,Alvaro_Uribe,True,0.025188999250531197
./data/processed/test/Alvaro_Uribe/Alvaro_Uribe_0022.jpg,Alvaro_Uribe,mask_mouth,Alvaro_Uribe,True,0.025228003039956093
./data/processed/test/Alvaro_Uribe/Alvaro_Uribe_0022.jpg,Alvaro_Uribe,mask_face_oval,Arnold_Schwarzenegger,False,0.010371834971010685
./data/processed/test/Alvaro_Uribe/Alvaro_Uribe_0022.jpg,Alvaro_Uribe,mask_outside_face,Alvaro_Uribe,True,0.02130005694925785
./data/processed/test/Alvaro_Uribe/Alvaro_Uribe_0022.jpg,Alvaro_Uribe,dark,Alvaro_Uribe,True,0.025335658341646194
./data/processed/test/Alvaro_Uribe/Alvaro_Uribe_0022.jpg,Alvaro_Uribe,bright,Alvaro_Uribe,True,0.025244412943720818
./data/processed/test/Alvaro_Uribe/Alvaro_Uribe_0025.jpg,Alvaro_Uribe,original,Alvaro_Uribe,True,0.025076691061258316
./data/processed/test/Alvaro_Uribe/Alvaro_Uribe_0025.jpg,Alvaro_Uribe,mask_eyes,Alvaro_Uribe,True,0.02444818988442421
./data/processed/test/Alvaro_Uribe/Alvaro_Uribe_0025.jpg,Alvaro_Uribe,mask_nose,Alvaro_Uribe,True,0.02517552487552166
./data/processed/test/Alvaro_Uribe/Alvaro_Uribe_0025.jpg,Alvaro_Uribe,mask_mouth,Alvaro_Uribe,True,0.023913977667689323
./data/processed/test/Alvaro_Uribe/Alvaro_Uribe_0025.jpg,Alvaro_Uribe,mask_face_oval,Hugo_Chavez,False,0.011093138717114925
./data/processed/test/Alvaro_Uribe/Alvaro_Uribe_0025.jpg,Alvaro_Uribe,mask_outside_face,Alvaro_Uribe,True,0.01545356772840023
./data/processed/test/Alvaro_Uribe/Alvaro_Uribe_0025.jpg,Alvaro_Uribe,dark,Alvaro_Uribe,True,0.02467571198940277
./data/processed/test/Alvaro_Uribe/Alvaro_Uribe_0025.jpg,Alvaro_Uribe,bright,Alvaro_Uribe,True,0.025021126493811607
./data/processed/test/Alvaro_Uribe/Alvaro_Uribe_0027.jpg,Alvaro_Uribe,original,Alvaro_Uribe,True,0.025483928620815277
./data/processed/test/Alvaro_Uribe/Alvaro_Uribe_0027.jpg,Alvaro_Uribe,mask_eyes,Alvaro_Uribe,True,0.02547767572104931
./data/processed/test/Alvaro_Uribe/Alvaro_Uribe_0027.jpg,Alvaro_Uribe,mask_nose,Alvaro_Uribe,True,0.02550913393497467
./data/processed/test/Alvaro_Uribe/Alvaro_Uribe_0027.jpg,Alvaro_Uribe,mask_mouth,Alvaro_Uribe,True,0.02546377293765545
./data/processed/test/Alvaro_Uribe/Alvaro_Uribe_0027.jpg,Alvaro_Uribe,mask_face_oval,Hugo_Chavez,False,0.011386755853891373
./data/processed/test/Alvaro_Uribe/Alvaro_Uribe_0027.jpg,Alvaro_Uribe,mask_outside_face,Alvaro_Uribe,True,0.02188929170370102
./data/processed/test/Alvaro_Uribe/Alvaro_Uribe_0027.jpg,Alvaro_Uribe,dark,Alvaro_Uribe,True,0.025480445474386215
./data/processed/test/Alvaro_Uribe/Alvaro_Uribe_0027.jpg,Alvaro_Uribe,bright,Alvaro_Uribe,True,0.025412410497665405
./data/processed/test/Alvaro_Uribe/Alvaro_Uribe_0030.jpg,Alvaro_Uribe,original,Alvaro_Uribe,True,0.02541498653590679
./data/processed/test/Alvaro_Uribe/Alvaro_Uribe_0030.jpg,Alvaro_Uribe,mask_eyes,Alvaro_Uribe,True,0.025411410257220268
./data/processed/test/Alvaro_Uribe/Alvaro_Uribe_0030.jpg,Alvaro_Uribe,mask_nose,Alvaro_Uribe,True,0.025412144139409065
./data/processed/test/Alvaro_Uribe/Alvaro_Uribe_0030.jpg,Alvaro_Uribe,mask_mouth,Alvaro_Uribe,True,0.02542017214000225
./data/processed/test/Alvaro_Uribe/Alvaro_Uribe_0030.jpg,Alvaro_Uribe,mask_face_oval,Arnold_Schwarzenegger,False,0.011224727146327496
./data/processed/test/Alvaro_Uribe/Alvaro_Uribe_0030.jpg,Alvaro_Uribe,mask_outside_face,Alvaro_Uribe,True,0.023467421531677246
./data/processed/test/Alvaro_Uribe/Alvaro_Uribe_0030.jpg,Alvaro_Uribe,dark,Alvaro_Uribe,True,0.02538479119539261
./data/processed/test/Alvaro_Uribe/Alvaro_Uribe_0030.jpg,Alvaro_Uribe,bright,Alvaro_Uribe,True,0.023196687921881676
./data/processed/test/Amelie_Mauresmo/Amelie_Mauresmo_0001.jpg,Amelie_Mauresmo,original,Amelie_Mauresmo,True,0.01593727059662342
./data/processed/test/Amelie_Mauresmo/Amelie_Mauresmo_0001.jpg,Amelie_Mauresmo,mask_eyes,Amelie_Mauresmo,True,0.013564028777182102
./data/processed/test/Amelie_Mauresmo/Amelie_Mauresmo_0001.jpg,Amelie_Mauresmo,mask_nose,Amelie_Mauresmo,True,0.016075950115919113
./data/processed/test/Amelie_Mauresmo/Amelie_Mauresmo_0001.jpg,Amelie_Mauresmo,mask_mouth,Jennifer_Capriati,False,0.015499111264944077
./data/processed/test/Amelie_Mauresmo/Amelie_Mauresmo_0001.jpg,Amelie_Mauresmo,mask_face_oval,Hugo_Chavez,False,0.01052843127399683
./data/processed/test/Amelie_Mauresmo/Amelie_Mauresmo_0001.jpg,Amelie_Mauresmo,mask_outside_face,Jennifer_Capriati,False,0.013362479396164417
./data/processed/test/Amelie_Mauresmo/Amelie_Mauresmo_0001.jpg,Amelie_Mauresmo,dark,Jennifer_Capriati,False,0.015361115336418152
./data/processed/test/Amelie_Mauresmo/Amelie_Mauresmo_0001.jpg,Amelie_Mauresmo,bright,Jennifer_Capriati,False,0.015357263386249542
./data/processed/test/Amelie_Mauresmo/Amelie_Mauresmo_0002.jpg,Amelie_Mauresmo,original,Amelie_Mauresmo,True,0.01478706207126379
./data/processed/test/Amelie_Mauresmo/Amelie_Mauresmo_0002.jpg,Amelie_Mauresmo,mask_eyes,Amelie_Mauresmo,True,0.012062028050422668
./data/processed/test/Amelie_Mauresmo/Amelie_Mauresmo_0002.jpg,Amelie_Mauresmo,mask_nose,Amelie_Mauresmo,True,0.01552283763885498
./data/processed/test/Amelie_Mauresmo/Amelie_Mauresmo_0002.jpg,Amelie_Mauresmo,mask_mouth,Jennifer_Capriati,False,0.014994246885180473
./data/processed/test/Amelie_Mauresmo/Amelie_Mauresmo_0002.jpg,Amelie_Mauresmo,mask_face_oval,Hugo_Chavez,False,0.013105830177664757
./data/processed/test/Amelie_Mauresmo/Amelie_Mauresmo_0002.jpg,Amelie_Mauresmo,mask_outside_face,Jennifer_Capriati,False,0.018823375925421715
./data/processed/test/Amelie_Mauresmo/Amelie_Mauresmo_0002.jpg,Amelie_Mauresmo,dark,Amelie_Mauresmo,True,0.014656348153948784
./data/processed/test/Amelie_Mauresmo/Amelie_Mauresmo_0002.jpg,Amelie_Mauresmo,bright,Amelie_Mauresmo,True,0.01484010461717844
./data/processed/test/Amelie_Mauresmo/Amelie_Mauresmo_0009.jpg,Amelie_Mauresmo,original,Amelie_Mauresmo,True,0.017235690727829933
./data/processed/test/Amelie_Mauresmo/Amelie_Mauresmo_0009.jpg,Amelie_Mauresmo,mask_eyes,Amelie_Mauresmo,True,0.016613733023405075
./data/processed/test/Amelie_Mauresmo/Amelie_Mauresmo_0009.jpg,Amelie_Mauresmo,mask_nose,Amelie_Mauresmo,True,0.016799436882138252
./data/processed/test/Amelie_Mauresmo/Amelie_Mauresmo_0009.jpg,Amelie_Mauresmo,mask_mouth,Amelie_Mauresmo,True,0.017262788489460945
./data/processed/test/Amelie_Mauresmo/Amelie_Mauresmo_0009.jpg,Amelie_Mauresmo,mask_face_oval,Hamid_Karzai,False,0.009493842720985413
./data/processed/test/Amelie_Mauresmo/Amelie_Mauresmo_0009.jpg,Amelie_Mauresmo,mask_outside_face,Amelie_Mauresmo,True,0.015761811286211014
./data/processed/test/Amelie_Mauresmo/Amelie_Mauresmo_0009.jpg,Amelie_Mauresmo,dark,Amelie_Mauresmo,True,0.01733093336224556
./data/processed/test/Amelie_Mauresmo/Amelie_Mauresmo_0009.jpg,Amelie_Mauresmo,bright,Amelie_Mauresmo,True,0.017234833911061287
./data/processed/test/Amelie_Mauresmo/Amelie_Mauresmo_0016.jpg,Amelie_Mauresmo,original,Amelie_Mauresmo,True,0.017502397298812866
./data/processed/test/Amelie_Mauresmo/Amelie_Mauresmo_0016.jpg,Amelie_Mauresmo,mask_eyes,Amelie_Mauresmo,True,0.01739555224776268
./data/processed/test/Amelie_Mauresmo/Amelie_Mauresmo_0016.jpg,Amelie_Mauresmo,mask_nose,Amelie_Mauresmo,True,0.017524881288409233
./data/processed/test/Amelie_Mauresmo/Amelie_Mauresmo_0016.jpg,Amelie_Mauresmo,mask_mouth,Amelie_Mauresmo,True,0.017429236322641373
./data/processed/test/Amelie_Mauresmo/Amelie_Mauresmo_0016.jpg,Amelie_Mauresmo,mask_face_oval,Hugo_Chavez,False,0.009741281159222126
./data/processed/test/Amelie_Mauresmo/Amelie_Mauresmo_0016.jpg,Amelie_Mauresmo,mask_outside_face,Amelie_Mauresmo,True,0.014499163255095482
./data/processed/test/Amelie_Mauresmo/Amelie_Mauresmo_0016.jpg,Amelie_Mauresmo,dark,Amelie_Mauresmo,True,0.0174874234944582
./data/processed/test/Amelie_Mauresmo/Amelie_Mauresmo_0016.jpg,Amelie_Mauresmo,bright,Amelie_Mauresmo,True,0.017437893897294998
./data/processed/test/Amelie_Mauresmo/Amelie_Mauresmo_0018.jpg,Amelie_Mauresmo,original,Amelie_Mauresmo,True,0.015230860561132431
./data/processed/test/Amelie_Mauresmo/Amelie_Mauresmo_0018.jpg,Amelie_Mauresmo,mask_eyes,Amelie_Mauresmo,True,0.013604262843728065
./data/processed/test/Amelie_Mauresmo/Amelie_Mauresmo_0018.jpg,Amelie_Mauresmo,mask_nose,Amelie_Mauresmo,True,0.01295526884496212
./data/processed/test/Amelie_Mauresmo/Amelie_Mauresmo_0018.jpg,Amelie_Mauresmo,mask_mouth,Amelie_Mauresmo,True,0.0153172817081213
./data/processed/test/Amelie_Mauresmo/Amelie_Mauresmo_0018.jpg,Amelie_Mauresmo,mask_face_oval,Arnold_Schwarzenegger,False,0.011200644075870514
./data/processed/test/Amelie_Mauresmo/Amelie_Mauresmo_0018.jpg,Amelie_Mauresmo,mask_outside_face,Amelie_Mauresmo,True,0.012454994954168797
./data/processed/test/Amelie_Mauresmo/Amelie_Mauresmo_0018.jpg,Amelie_Mauresmo,dark,Amelie_Mauresmo,True,0.015497162938117981
./data/processed/test/Amelie_Mauresmo/Amelie_Mauresmo_0018.jpg,Amelie_Mauresmo,bright,Amelie_Mauresmo,True,0.014615671709179878
./data/processed/test/Andre_Agassi/Andre_Agassi_0013.jpg,Andre_Agassi,original,Andre_Agassi,True,0.027913428843021393
./data/processed/test/Andre_Agassi/Andre_Agassi_0013.jpg,Andre_Agassi,mask_eyes,Andre_Agassi,True,0.027296103537082672
./data/processed/test/Andre_Agassi/Andre_Agassi_0013.jpg,Andre_Agassi,mask_nose,Andre_Agassi,True,0.027931779623031616
./data/processed/test/Andre_Agassi/Andre_Agassi_0013.jpg,Andre_Agassi,mask_mouth,Andre_Agassi,True,0.027754858136177063
./data/processed/test/Andre_Agassi/Andre_Agassi_0013.jpg,Andre_Agassi,mask_face_oval,Hugo_Chavez,False,0.014869692735373974
./data/processed/test/Andre_Agassi/Andre_Agassi_0013.jpg,Andre_Agassi,mask_outside_face,Andre_Agassi,True,0.02407407946884632
./data/processed/test/Andre_Agassi/Andre_Agassi_0013.jpg,Andre_Agassi,dark,Andre_Agassi,True,0.02806931547820568
./data/processed/test/Andre_Agassi/Andre_Agassi_0013.jpg,Andre_Agassi,bright,Andre_Agassi,True,0.02747928723692894
./data/processed/test/Andre_Agassi/Andre_Agassi_0014.jpg,Andre_Agassi,original,Andre_Agassi,True,0.028235113248229027
./data/processed/test/Andre_Agassi/Andre_Agassi_0014.jpg,Andre_Agassi,mask_eyes,Andre_Agassi,True,0.02814180962741375
./data/processed/test/Andre_Agassi/Andre_Agassi_0014.jpg,Andre_Agassi,mask_nose,Andre_Agassi,True,0.028274009004235268
./data/processed/test/Andre_Agassi/Andre_Agassi_0014.jpg,Andre_Agassi,mask_mouth,Andre_Agassi,True,0.02818049117922783
./data/processed/test/Andre_Agassi/Andre_Agassi_0014.jpg,Andre_Agassi,mask_face_oval,Hugo_Chavez,False,0.01316246297210455
./data/processed/test/Andre_Agassi/Andre_Agassi_0014.jpg,Andre_Agassi,mask_outside_face,Andre_Agassi,True,0.02817278914153576
./data/processed/test/Andre_Agassi/Andre_Agassi_0014.jpg,Andre_Agassi,dark,Andre_Agassi,True,0.02825641818344593
./data/processed/test/Andre_Agassi/Andre_Agassi_0014.jpg,Andre_Agassi,bright,Andre_Agassi,True,0.028237059712409973
./data/processed/test/Andre_Agassi/Andre_Agassi_0017.jpg,Andre_Agassi,original,Andre_Agassi,True,0.027896372601389885
./data/processed/test/Andre_Agassi/Andre_Agassi_0017.jpg,Andre_Agassi,mask_eyes,Andre_Agassi,True,0.027243612334132195
./data/processed/test/Andre_Agassi/Andre_Agassi_0017.jpg,Andre_Agassi,mask_nose,Andre_Agassi,True,0.027864953503012657
./data/processed/test/Andre_Agassi/Andre_Agassi_0017.jpg,Andre_Agassi,mask_mouth,Andre_Agassi,True,0.02779572643339634
./data/processed/test/Andre_Agassi/Andre_Agassi_0017.jpg,Andre_Agassi,mask_face_oval,Hugo_Chavez,False,0.010829534381628036
./data/processed/test/Andre_Agassi/Andre_Agassi_0017.jpg,Andre_Agassi,mask_outside_face,Andre_Agassi,True,0.026646440848708153
./data/processed/test/Andre_Agassi/Andre_Agassi_0017.jpg,Andre_Agassi,dark,Andre_Agassi,True,0.02794983983039856
./data/processed/test/Andre_Agassi/Andre_Agassi_0017.jpg,Andre_Agassi,bright,Andre_Agassi,True,0.02776448056101799
./data/processed/test/Andre_Agassi/Andre_Agassi_0022.jpg,Andre_Agassi,original,Andre_Agassi,True,0.027990220114588737
./data/processed/test/Andre_Agassi/Andre_Agassi_0022.jpg,Andre_Agassi,mask_eyes,Andre_Agassi,True,0.02778952196240425
./data/processed/test/Andre_Agassi/Andre_Agassi_0022.jpg,Andre_Agassi,mask_nose,Andre_Agassi,True,0.02807481773197651
./data/processed/test/Andre_Agassi/Andre_Agassi_0022.jpg,Andre_Agassi,mask_mouth,Andre_Agassi,True,0.027845146134495735
./data/processed/test/Andre_Agassi/Andre_Agassi_0022.jpg,Andre_Agassi,mask_face_oval,Hugo_Chavez,False,0.011480764485895634
./data/processed/test/Andre_Agassi/Andre_Agassi_0022.jpg,Andre_Agassi,mask_outside_face,Andre_Agassi,True,0.026827236637473106
./data/processed/test/Andre_Agassi/Andre_Agassi_0022.jpg,Andre_Agassi,dark,Andre_Agassi,True,0.02808324433863163
./data/processed/test/Andre_Agassi/Andre_Agassi_0022.jpg,Andre_Agassi,bright,Andre_Agassi,True,0.028103582561016083
./data/processed/test/Andre_Agassi/Andre_Agassi_0027.jpg,Andre_Agassi,original,Andre_Agassi,True,0.02812720462679863
./data/processed/test/Andre_Agassi/Andre_Agassi_0027.jpg,Andre_Agassi,mask_eyes,Andre_Agassi,True,0.028023261576890945
./data/processed/test/Andre_Agassi/Andre_Agassi_0027.jpg,Andre_Agassi,mask_nose,Andre_Agassi,True,0.028190290555357933
./data/processed/test/Andre_Agassi/Andre_Agassi_0027.jpg,Andre_Agassi,mask_mouth,Andre_Agassi,True,0.028107115998864174
./data/processed/test/Andre_Agassi/Andre_Agassi_0027.jpg,Andre_Agassi,mask_face_oval,Michael_Schumacher,False,0.011559882201254368
./data/processed/test/Andre_Agassi/Andre_Agassi_0027.jpg,Andre_Agassi,mask_outside_face,Andre_Agassi,True,0.02588038705289364
./data/processed/test/Andre_Agassi/Andre_Agassi_0027.jpg,Andre_Agassi,dark,Andre_Agassi,True,0.028177013620734215
./data/processed/test/Andre_Agassi/Andre_Agassi_0027.jpg,Andre_Agassi,bright,Andre_Agassi,True,0.027995305135846138
./data/processed/test/Andre_Agassi/Andre_Agassi_0031.jpg,Andre_Agassi,original,Andre_Agassi,True,0.026219027116894722
./data/processed/test/Andre_Agassi/Andre_Agassi_0031.jpg,Andre_Agassi,mask_eyes,Andre_Agassi,True,0.024775559082627296
./data/processed/test/Andre_Agassi/Andre_Agassi_0031.jpg,Andre_Agassi,mask_nose,Andre_Agassi,True,0.02530386857688427
./data/processed/test/Andre_Agassi/Andre_Agassi_0031.jpg,Andre_Agassi,mask_mouth,Andre_Agassi,True,0.026290245354175568
./data/processed/test/Andre_Agassi/Andre_Agassi_0031.jpg,Andre_Agassi,mask_face_oval,Michael_Schumacher,False,0.010619309730827808
./data/processed/test/Andre_Agassi/Andre_Agassi_0031.jpg,Andre_Agassi,mask_outside_face,Andre_Agassi,True,0.016018329188227654
./data/processed/test/Andre_Agassi/Andre_Agassi_0031.jpg,Andre_Agassi,dark,Andre_Agassi,True,0.025601554661989212
./data/processed/test/Andre_Agassi/Andre_Agassi_0031.jpg,Andre_Agassi,bright,Andre_Agassi,True,0.024776039645075798
./data/processed/test/Andre_Agassi/Andre_Agassi_0032.jpg,Andre_Agassi,original,Andre_Agassi,True,0.028136469423770905
./data/processed/test/Andre_Agassi/Andre_Agassi_0032.jpg,Andre_Agassi,mask_eyes,Andre_Agassi,True,0.027932869270443916
./data/processed/test/Andre_Agassi/Andre_Agassi_0032.jpg,Andre_Agassi,mask_nose,Andre_Agassi,True,0.028181757777929306
./data/processed/test/Andre_Agassi/Andre_Agassi_0032.jpg,Andre_Agassi,mask_mouth,Andre_Agassi,True,0.0280623659491539
./data/processed/test/Andre_Agassi/Andre_Agassi_0032.jpg,Andre_Agassi,mask_face_oval,Hugo_Chavez,False,0.013127024285495281
./data/processed/test/Andre_Agassi/Andre_Agassi_0032.jpg,Andre_Agassi,mask_outside_face,Andre_Agassi,True,0.027442408725619316
./data/processed/test/Andre_Agassi/Andre_Agassi_0032.jpg,Andre_Agassi,dark,Andre_Agassi,True,0.028214294463396072
./data/processed/test/Andre_Agassi/Andre_Agassi_0032.jpg,Andre_Agassi,bright,Andre_Agassi,True,0.027974791824817657
./data/processed/test/Andre_Agassi/Andre_Agassi_0036.jpg,Andre_Agassi,original,Andre_Agassi,True,0.0279049314558506
./data/processed/test/Andre_Agassi/Andre_Agassi_0036.jpg,Andre_Agassi,mask_eyes,Andre_Agassi,True,0.027248196303844452
./data/processed/test/Andre_Agassi/Andre_Agassi_0036.jpg,Andre_Agassi,mask_nose,Andre_Agassi,True,0.02765665575861931
./data/processed/test/Andre_Agassi/Andre_Agassi_0036.jpg,Andre_Agassi,mask_mouth,Andre_Agassi,True,0.027462545782327652
./data/processed/test/Andre_Agassi/Andre_Agassi_0036.jpg,Andre_Agassi,mask_face_oval,Michael_Schumacher,False,0.011124313808977604
./data/processed/test/Andre_Agassi/Andre_Agassi_0036.jpg,Andre_Agassi,mask_outside_face,Andre_Agassi,True,0.022147294133901596
./data/processed/test/Andre_Agassi/Andre_Agassi_0036.jpg,Andre_Agassi,dark,Andre_Agassi,True,0.027728935703635216
./data/processed/test/Andre_Agassi/Andre_Agassi_0036.jpg,Andre_Agassi,bright,Andre_Agassi,True,0.02778911404311657
./data/processed/test/Andy_Roddick/Andy_Roddick_0001.jpg,Andy_Roddick,original,Andy_Roddick,True,0.01095668040215969
./data/processed/test/Andy_Roddick/Andy_Roddick_0001.jpg,Andy_Roddick,mask_eyes,Andy_Roddick,True,0.010436763986945152
./data/processed/test/Andy_Roddick/Andy_Roddick_0001.jpg,Andy_Roddick,mask_nose,Andy_Roddick,True,0.0096009261906147
./data/processed/test/Andy_Roddick/Andy_Roddick_0001.jpg,Andy_Roddick,mask_mouth,Andy_Roddick,True,0.010913340374827385
./data/processed/test/Andy_Roddick/Andy_Roddick_0001.jpg,Andy_Roddick,mask_face_oval,Hugo_Chavez,False,0.010625133290886879
./data/processed/test/Andy_Roddick/Andy_Roddick_0001.jpg,Andy_Roddick,mask_outside_face,Lleyton_Hewitt,False,0.010876712389290333
./data/processed/test/Andy_Roddick/Andy_Roddick_0001.jpg,Andy_Roddick,dark,Andy_Roddick,True,0.010175068862736225
./data/processed/test/Andy_Roddick/Andy_Roddick_0001.jpg,Andy_Roddick,bright,Andy_Roddick,True,0.0107529666274786
./data/processed/test/Andy_Roddick/Andy_Roddick_0010.jpg,Andy_Roddick,original,Andy_Roddick,True,0.010290473699569702
./data/processed/test/Andy_Roddick/Andy_Roddick_0010.jpg,Andy_Roddick,mask_eyes,Andy_Roddick,True,0.0098827313631773
./data/processed/test/Andy_Roddick/Andy_Roddick_0010.jpg,Andy_Roddick,mask_nose,Andy_Roddick,True,0.009934385307133198
./data/processed/test/Andy_Roddick/Andy_Roddick_0010.jpg,Andy_Roddick,mask_mouth,Andy_Roddick,True,0.010401575826108456
./data/processed/test/Andy_Roddick/Andy_Roddick_0010.jpg,Andy_Roddick,mask_face_oval,Hugo_Chavez,False,0.01130174845457077
./data/processed/test/Andy_Roddick/Andy_Roddick_0010.jpg,Andy_Roddick,mask_outside_face,Andy_Roddick,True,0.00976482778787613
./data/processed/test/Andy_Roddick/Andy_Roddick_0010.jpg,Andy_Roddick,dark,Andy_Roddick,True,0.010011051781475544
./data/processed/test/Andy_Roddick/Andy_Roddick_0010.jpg,Andy_Roddick,bright,Andy_Roddick,True,0.010078969411551952
./data/processed/test/Andy_Roddick/Andy_Roddick_0012.jpg,Andy_Roddick,original,Andy_Roddick,True,0.01158497016876936
./data/processed/test/Andy_Roddick/Andy_Roddick_0012.jpg,Andy_Roddick,mask_eyes,Andy_Roddick,True,0.011490685865283012
./data/processed/test/Andy_Roddick/Andy_Roddick_0012.jpg,Andy_Roddick,mask_nose,Andy_Roddick,True,0.011316127143800259
./data/processed/test/Andy_Roddick/Andy_Roddick_0012.jpg,Andy_Roddick,mask_mouth,Andy_Roddick,True,0.011677739210426807
./data/processed/test/Andy_Roddick/Andy_Roddick_0012.jpg,Andy_Roddick,mask_face_oval,Hugo_Chavez,False,0.011149420402944088
./data/processed/test/Andy_Roddick/Andy_Roddick_0012.jpg,Andy_Roddick,mask_outside_face,Andy_Roddick,True,0.010613304562866688
./data/processed/test/Andy_Roddick/Andy_Roddick_0012.jpg,Andy_Roddick,dark,Andy_Roddick,True,0.01165087055414915
./data/processed/test/Andy_Roddick/Andy_Roddick_0012.jpg,Andy_Roddick,bright,Andy_Roddick,True,0.011212324723601341
./data/processed/test/Angelina_Jolie/Angelina_Jolie_0001.jpg,Angelina_Jolie,original,Angelina_Jolie,True,0.014389838092029095
./data/processed/test/Angelina_Jolie/Angelina_Jolie_0001.jpg,Angelina_Jolie,mask_eyes,Angelina_Jolie,True,0.015105539001524448
./data/processed/test/Angelina_Jolie/Angelina_Jolie_0001.jpg,Angelina_Jolie,mask_nose,Angelina_Jolie,True,0.014576379209756851
./data/processed/test/Angelina_Jolie/Angelina_Jolie_0001.jpg,Angelina_Jolie,mask_mouth,Angelina_Jolie,True,0.014288038946688175
./data/processed/test/Angelina_Jolie/Angelina_Jolie_0001.jpg,Angelina_Jolie,mask_face_oval,Hugo_Chavez,False,0.01055890042334795
./data/processed/test/Angelina_Jolie/Angelina_Jolie_0001.jpg,Angelina_Jolie,mask_outside_face,Jennifer_Lopez,False,0.013242616318166256
./data/processed/test/Angelina_Jolie/Angelina_Jolie_0001.jpg,Angelina_Jolie,dark,Angelina_Jolie,True,0.014179169200360775
./data/processed/test/Angelina_Jolie/Angelina_Jolie_0001.jpg,Angelina_Jolie,bright,Angelina_Jolie,True,0.014354774728417397
./data/processed/test/Angelina_Jolie/Angelina_Jolie_0002.jpg,Angelina_Jolie,original,Angelina_Jolie,True,0.014527945779263973
./data/processed/test/Angelina_Jolie/Angelina_Jolie_0002.jpg,Angelina_Jolie,mask_eyes,Angelina_Jolie,True,0.014884726144373417
./data/processed/test/Angelina_Jolie/Angelina_Jolie_0002.jpg,Angelina_Jolie,mask_nose,Angelina_Jolie,True,0.013930569402873516
./data/processed/test/Angelina_Jolie/Angelina_Jolie_0002.jpg,Angelina_Jolie,mask_mouth,Angelina_Jolie,True,0.014096399769186974
./data/processed/test/Angelina_Jolie/Angelina_Jolie_0002.jpg,Angelina_Jolie,mask_face_oval,Alejandro_Toledo,False,0.01029715035110712
./data/processed/test/Angelina_Jolie/Angelina_Jolie_0002.jpg,Angelina_Jolie,mask_outside_face,Angelina_Jolie,True,0.012783157639205456
./data/processed/test/Angelina_Jolie/Angelina_Jolie_0002.jpg,Angelina_Jolie,dark,Angelina_Jolie,True,0.014227526262402534
./data/processed/test/Angelina_Jolie/Angelina_Jolie_0002.jpg,Angelina_Jolie,bright,Angelina_Jolie,True,0.01477163564413786
./data/processed/test/Angelina_Jolie/Angelina_Jolie_0016.jpg,Angelina_Jolie,original,Angelina_Jolie,True,0.014902118593454361
./data/processed/test/Angelina_Jolie/Angelina_Jolie_0016.jpg,Angelina_Jolie,mask_eyes,Angelina_Jolie,True,0.015112770721316338
./data/processed/test/Angelina_Jolie/Angelina_Jolie_0016.jpg,Angelina_Jolie,mask_nose,Angelina_Jolie,True,0.014882964082062244
./data/processed/test/Angelina_Jolie/Angelina_Jolie_0016.jpg,Angelina_Jolie,mask_mouth,Angelina_Jolie,True,0.013434106484055519
./data/processed/test/Angelina_Jolie/Angelina_Jolie_0016.jpg,Angelina_Jolie,mask_face_oval,Alejandro_Toledo,False,0.011370058171451092
./data/processed/test/Angelina_Jolie/Angelina_Jolie_0016.jpg,Angelina_Jolie,mask_outside_face,Jennifer_Lopez,False,0.012893437407910824
./data/processed/test/Angelina_Jolie/Angelina_Jolie_0016.jpg,Angelina_Jolie,dark,Angelina_Jolie,True,0.014734740369021893
./data/processed/test/Angelina_Jolie/Angelina_Jolie_0016.jpg,Angelina_Jolie,bright,Angelina_Jolie,True,0.014734763652086258
./data/processed/test/Angelina_Jolie/Angelina_Jolie_0018.jpg,Angelina_Jolie,original,Angelina_Jolie,True,0.014340530149638653
./data/processed/test/Angelina_Jolie/Angelina_Jolie_0018.jpg,Angelina_Jolie,mask_eyes,Angelina_Jolie,True,0.0138068413361907
./data/processed/test/Angelina_Jolie/Angelina_Jolie_0018.jpg,Angelina_Jolie,mask_nose,Angelina_Jolie,True,0.01377496961504221
./data/processed/test/Angelina_Jolie/Angelina_Jolie_0018.jpg,Angelina_Jolie,mask_mouth,Angelina_Jolie,True,0.014299310743808746
./data/processed/test/Angelina_Jolie/Angelina_Jolie_0018.jpg,Angelina_Jolie,mask_face_oval,Ariel_Sharon,False,0.010884658433496952
./data/processed/test/Angelina_Jolie/Angelina_Jolie_0018.jpg,Angelina_Jolie,mask_outside_face,Angelina_Jolie,True,0.011053989641368389
./data/processed/test/Angelina_Jolie/Angelina_Jolie_0018.jpg,Angelina_Jolie,dark,Angelina_Jolie,True,0.014337074011564255
./data/processed/test/Angelina_Jolie/Angelina_Jolie_0018.jpg,Angelina_Jolie,bright,Angelina_Jolie,True,0.014233499765396118
./data/processed/test/Ann_Veneman/Ann_Veneman_0001.jpg,Ann_Veneman,original,Alejandro_Toledo,False,0.011774101294577122
./data/processed/test/Ann_Veneman/Ann_Veneman_0001.jpg,Ann_Veneman,mask_eyes,Alejandro_Toledo,False,0.011905654333531857
./data/processed/test/Ann_Veneman/Ann_Veneman_0001.jpg,Ann_Veneman,mask_nose,Alejandro_Toledo,False,0.011793448589742184
./data/processed/test/Ann_Veneman/Ann_Veneman_0001.jpg,Ann_Veneman,mask_mouth,Alejandro_Toledo,False,0.01190488412976265
./data/processed/test/Ann_Veneman/Ann_Veneman_0001.jpg,Ann_Veneman,mask_face_oval,Alejandro_Toledo,False,0.009562572464346886
./data/processed/test/Ann_Veneman/Ann_Veneman_0001.jpg,Ann_Veneman,mask_outside_face,Recep_Tayyip_Erdogan,False,0.01028397772461176
./data/processed/test/Ann_Veneman/Ann_Veneman_0001.jpg,Ann_Veneman,dark,Alejandro_Toledo,False,0.011489122174680233
./data/processed/test/Ann_Veneman/Ann_Veneman_0001.jpg,Ann_Veneman,bright,Alejandro_Toledo,False,0.011770774610340595
./data/processed/test/Ann_Veneman/Ann_Veneman_0006.jpg,Ann_Veneman,original,Laura_Bush,False,0.013392377644777298
./data/processed/test/Ann_Veneman/Ann_Veneman_0006.jpg,Ann_Veneman,mask_eyes,Laura_Bush,False,0.013482564128935337
./data/processed/test/Ann_Veneman/Ann_Veneman_0006.jpg,Ann_Veneman,mask_nose,Laura_Bush,False,0.015128853730857372
./data/processed/test/Ann_Veneman/Ann_Veneman_0006.jpg,Ann_Veneman,mask_mouth,Laura_Bush,False,0.012600495480000973
./data/processed/test/Ann_Veneman/Ann_Veneman_0006.jpg,Ann_Veneman,mask_face_oval,Laura_Bush,False,0.012224758043885231
./data/processed/test/Ann_Veneman/Ann_Veneman_0006.jpg,Ann_Veneman,mask_outside_face,Recep_Tayyip_Erdogan,False,0.009484941139817238
./data/processed/test/Ann_Veneman/Ann_Veneman_0006.jpg,Ann_Veneman,dark,Laura_Bush,False,0.014393947087228298
./data/processed/test/Ann_Veneman/Ann_Veneman_0006.jpg,Ann_Veneman,bright,Laura_Bush,False,0.010936333797872066
./data/processed/test/Ann_Veneman/Ann_Veneman_0010.jpg,Ann_Veneman,original,Laura_Bush,False,0.01699092611670494
./data/processed/test/Ann_Veneman/Ann_Veneman_0010.jpg,Ann_Veneman,mask_eyes,Laura_Bush,False,0.015041442587971687
./data/processed/test/Ann_Veneman/Ann_Veneman_0010.jpg,Ann_Veneman,mask_nose,Laura_Bush,False,0.014871228486299515
./data/processed/test/Ann_Veneman/Ann_Veneman_0010.jpg,Ann_Veneman,mask_mouth,Laura_Bush,False,0.014768491499125957
./data/processed/test/Ann_Veneman/Ann_Veneman_0010.jpg,Ann_Veneman,mask_face_oval,Michael_Schumacher,False,0.01026676781475544
./data/processed/test/Ann_Veneman/Ann_Veneman_0010.jpg,Ann_Veneman,mask_outside_face,Alejandro_Toledo,False,0.010632142424583435
./data/processed/test/Ann_Veneman/Ann_Veneman_0010.jpg,Ann_Veneman,dark,Laura_Bush,False,0.01693427562713623
./data/processed/test/Ann_Veneman/Ann_Veneman_0010.jpg,Ann_Veneman,bright,Laura_Bush,False,0.013639985583722591
./data/processed/test/Anna_Kournikova/Anna_Kournikova_0001.jpg,Anna_Kournikova,original,Jennifer_Capriati,False,0.014264477416872978
./data/processed/test/Anna_Kournikova/Anna_Kournikova_0001.jpg,Anna_Kournikova,mask_eyes,Angelina_Jolie,False,0.011065373197197914
./data/processed/test/Anna_Kournikova/Anna_Kournikova_0001.jpg,Anna_Kournikova,mask_nose,Jennifer_Capriati,False,0.010212481953203678
./data/processed/test/Anna_Kournikova/Anna_Kournikova_0001.jpg,Anna_Kournikova,mask_mouth,Jennifer_Capriati,False,0.024721665307879448
./data/processed/test/Anna_Kournikova/Anna_Kournikova_0001.jpg,Anna_Kournikova,mask_face_oval,Hugo_Chavez,False,0.01075843907892704
./data/processed/test/Anna_Kournikova/Anna_Kournikova_0001.jpg,Anna_Kournikova,mask_outside_face,Jennifer_Capriati,False,0.010033969767391682
./data/processed/test/Anna_Kournikova/Anna_Kournikova_0001.jpg,Anna_Kournikova,dark,Jennifer_Capriati,False,0.012539747171103954
./data/processed/test/Anna_Kournikova/Anna_Kournikova_0001.jpg,Anna_Kournikova,bright,Jennifer_Capriati,False,0.01473282091319561
./data/processed/test/Anna_Kournikova/Anna_Kournikova_0010.jpg,Anna_Kournikova,original,Naomi_Watts,False,0.014998557046055794
./data/processed/test/Anna_Kournikova/Anna_Kournikova_0010.jpg,Anna_Kournikova,mask_eyes,Naomi_Watts,False,0.013974925503134727
./data/processed/test/Anna_Kournikova/Anna_Kournikova_0010.jpg,Anna_Kournikova,mask_nose,Naomi_Watts,False,0.014293224550783634
./data/processed/test/Anna_Kournikova/Anna_Kournikova_0010.jpg,Anna_Kournikova,mask_mouth,Naomi_Watts,False,0.015283829532563686
./data/processed/test/Anna_Kournikova/Anna_Kournikova_0010.jpg,Anna_Kournikova,mask_face_oval,Hugo_Chavez,False,0.010334157384932041
./data/processed/test/Anna_Kournikova/Anna_Kournikova_0010.jpg,Anna_Kournikova,mask_outside_face,Winona_Ryder,False,0.010504407808184624
./data/processed/test/Anna_Kournikova/Anna_Kournikova_0010.jpg,Anna_Kournikova,dark,Naomi_Watts,False,0.014245264232158661
./data/processed/test/Anna_Kournikova/Anna_Kournikova_0010.jpg,Anna_Kournikova,bright,Naomi_Watts,False,0.014592919498682022
./data/processed/test/Anna_Kournikova/Anna_Kournikova_0011.jpg,Anna_Kournikova,original,Tiger_Woods,False,0.01047380268573761
./data/processed/test/Anna_Kournikova/Anna_Kournikova_0011.jpg,Anna_Kournikova,mask_eyes,Tiger_Woods,False,0.011332960799336433
./data/processed/test/Anna_Kournikova/Anna_Kournikova_0011.jpg,Anna_Kournikova,mask_nose,Hugo_Chavez,False,0.011343851685523987
./data/processed/test/Anna_Kournikova/Anna_Kournikova_0011.jpg,Anna_Kournikova,mask_mouth,Tiger_Woods,False,0.011420529335737228
./data/processed/test/Anna_Kournikova/Anna_Kournikova_0011.jpg,Anna_Kournikova,mask_face_oval,Hugo_Chavez,False,0.01137442048639059
./data/processed/test/Anna_Kournikova/Anna_Kournikova_0011.jpg,Anna_Kournikova,mask_outside_face,Hugo_Chavez,False,0.010273080319166183
./data/processed/test/Anna_Kournikova/Anna_Kournikova_0011.jpg,Anna_Kournikova,dark,Hugo_Chavez,False,0.01060798391699791
./data/processed/test/Anna_Kournikova/Anna_Kournikova_0011.jpg,Anna_Kournikova,bright,Tiger_Woods,False,0.010082986205816269
./data/processed/test/Ari_Fleischer/Ari_Fleischer_0001.jpg,Ari_Fleischer,original,Ari_Fleischer,True,0.011122023686766624
./data/processed/test/Ari_Fleischer/Ari_Fleischer_0001.jpg,Ari_Fleischer,mask_eyes,Mohammed_Al-Douri,False,0.012034193612635136
./data/processed/test/Ari_Fleischer/Ari_Fleischer_0001.jpg,Ari_Fleischer,mask_nose,Mohammed_Al-Douri,False,0.011404195800423622
./data/processed/test/Ari_Fleischer/Ari_Fleischer_0001.jpg,Ari_Fleischer,mask_mouth,Ari_Fleischer,True,0.011492871679365635
./data/processed/test/Ari_Fleischer/Ari_Fleischer_0001.jpg,Ari_Fleischer,mask_face_oval,Michael_Schumacher,False,0.011304588057100773
./data/processed/test/Ari_Fleischer/Ari_Fleischer_0001.jpg,Ari_Fleischer,mask_outside_face,Colin_Powell,False,0.04591576009988785
./data/processed/test/Ari_Fleischer/Ari_Fleischer_0001.jpg,Ari_Fleischer,dark,Igor_Ivanov,False,0.011971600353717804
./data/processed/test/Ari_Fleischer/Ari_Fleischer_0001.jpg,Ari_Fleischer,bright,Ari_Fleischer,True,0.01066695898771286
./data/processed/test/Ari_Fleischer/Ari_Fleischer_0010.jpg,Ari_Fleischer,original,Ari_Fleischer,True,0.012874660082161427
./data/processed/test/Ari_Fleischer/Ari_Fleischer_0010.jpg,Ari_Fleischer,mask_eyes,Ari_Fleischer,True,0.012632448226213455
./data/processed/test/Ari_Fleischer/Ari_Fleischer_0010.jpg,Ari_Fleischer,mask_nose,Ari_Fleischer,True,0.01255104411393404
./data/processed/test/Ari_Fleischer/Ari_Fleischer_0010.jpg,Ari_Fleischer,mask_mouth,Ari_Fleischer,True,0.012790266424417496
./data/processed/test/Ari_Fleischer/Ari_Fleischer_0010.jpg,Ari_Fleischer,mask_face_oval,Arnold_Schwarzenegger,False,0.010210858657956123
./data/processed/test/Ari_Fleischer/Ari_Fleischer_0010.jpg,Ari_Fleischer,mask_outside_face,Colin_Powell,False,0.0641644299030304
./data/processed/test/Ari_Fleischer/Ari_Fleischer_0010.jpg,Ari_Fleischer,dark,Ari_Fleischer,True,0.012734320014715195
./data/processed/test/Ari_Fleischer/Ari_Fleischer_0010.jpg,Ari_Fleischer,bright,Ari_Fleischer,True,0.012325013056397438
./data/processed/test/Ari_Fleischer/Ari_Fleischer_0012.jpg,Ari_Fleischer,original,Ari_Fleischer,True,0.012923123314976692
./data/processed/test/Ari_Fleischer/Ari_Fleischer_0012.jpg,Ari_Fleischer,mask_eyes,Ari_Fleischer,True,0.012700262479484081
./data/processed/test/Ari_Fleischer/Ari_Fleischer_0012.jpg,Ari_Fleischer,mask_nose,Ari_Fleischer,True,0.012632335536181927
./data/processed/test/Ari_Fleischer/Ari_Fleischer_0012.jpg,Ari_Fleischer,mask_mouth,Ari_Fleischer,True,0.012904125265777111
./data/processed/test/Ari_Fleischer/Ari_Fleischer_0012.jpg,Ari_Fleischer,mask_face_oval,Michael_Schumacher,False,0.01119890995323658
./data/processed/test/Ari_Fleischer/Ari_Fleischer_0012.jpg,Ari_Fleischer,mask_outside_face,Colin_Powell,False,0.12047498673200607
./data/processed/test/Ari_Fleischer/Ari_Fleischer_0012.jpg,Ari_Fleischer,dark,Ari_Fleischer,True,0.012869707308709621
./data/processed/test/Ari_Fleischer/Ari_Fleischer_0012.jpg,Ari_Fleischer,bright,Ari_Fleischer,True,0.012393297627568245
./data/processed/test/Ariel_Sharon/Ariel_Sharon_0001.jpg,Ariel_Sharon,original,Ariel_Sharon,True,0.0475594699382782
./data/processed/test/Ariel_Sharon/Ariel_Sharon_0001.jpg,Ariel_Sharon,mask_eyes,Ariel_Sharon,True,0.04748549684882164
./data/processed/test/Ariel_Sharon/Ariel_Sharon_0001.jpg,Ariel_Sharon,mask_nose,Ariel_Sharon,True,0.04695072025060654
./data/processed/test/Ariel_Sharon/Ariel_Sharon_0001.jpg,Ariel_Sharon,mask_mouth,Ariel_Sharon,True,0.04754699394106865
./data/processed/test/Ariel_Sharon/Ariel_Sharon_0001.jpg,Ariel_Sharon,mask_face_oval,Hugo_Chavez,False,0.01165620144456625
./data/processed/test/Ariel_Sharon/Ariel_Sharon_0001.jpg,Ariel_Sharon,mask_outside_face,Ariel_Sharon,True,0.04660975560545921
./data/processed/test/Ariel_Sharon/Ariel_Sharon_0001.jpg,Ariel_Sharon,dark,Ariel_Sharon,True,0.04757959768176079
./data/processed/test/Ariel_Sharon/Ariel_Sharon_0001.jpg,Ariel_Sharon,bright,Ariel_Sharon,True,0.04738185182213783
./data/processed/test/Ariel_Sharon/Ariel_Sharon_0005.jpg,Ariel_Sharon,original,Ariel_Sharon,True,0.047584619373083115
./data/processed/test/Ariel_Sharon/Ariel_Sharon_0005.jpg,Ariel_Sharon,mask_eyes,Ariel_Sharon,True,0.04750775173306465
./data/processed/test/Ariel_Sharon/Ariel_Sharon_0005.jpg,Ariel_Sharon,mask_nose,Ariel_Sharon,True,0.04753154516220093
./data/processed/test/Ariel_Sharon/Ariel_Sharon_0005.jpg,Ariel_Sharon,mask_mouth,Ariel_Sharon,True,0.047575145959854126
./data/processed/test/Ariel_Sharon/Ariel_Sharon_0005.jpg,Ariel_Sharon,mask_face_oval,Ariel_Sharon,True,0.01259947195649147
./data/processed/test/Ariel_Sharon/Ariel_Sharon_0005.jpg,Ariel_Sharon,mask_outside_face,Ariel_Sharon,True,0.04721112549304962
./data/processed/test/Ariel_Sharon/Ariel_Sharon_0005.jpg,Ariel_Sharon,dark,Ariel_Sharon,True,0.04755702242255211
./data/processed/test/Ariel_Sharon/Ariel_Sharon_0005.jpg,Ariel_Sharon,bright,Ariel_Sharon,True,0.04758860170841217
./data/processed/test/Ariel_Sharon/Ariel_Sharon_0011.jpg,Ariel_Sharon,original,Ariel_Sharon,True,0.04751361906528473
./data/processed/test/Ariel_Sharon/Ariel_Sharon_0011.jpg,Ariel_Sharon,mask_eyes,Ariel_Sharon,True,0.04745747894048691
./data/processed/test/Ariel_Sharon/Ariel_Sharon_0011.jpg,Ariel_Sharon,mask_nose,Ariel_Sharon,True,0.04747740924358368
./data/processed/test/Ariel_Sharon/Ariel_Sharon_0011.jpg,Ariel_Sharon,mask_mouth,Ariel_Sharon,True,0.047508977353572845
./data/processed/test/Ariel_Sharon/Ariel_Sharon_0011.jpg,Ariel_Sharon,mask_face_oval,Hugo_Chavez,False,0.00964305829256773
./data/processed/test/Ariel_Sharon/Ariel_Sharon_0011.jpg,Ariel_Sharon,mask_outside_face,Ariel_Sharon,True,0.046675194054841995
./data/processed/test/Ariel_Sharon/Ariel_Sharon_0011.jpg,Ariel_Sharon,dark,Ariel_Sharon,True,0.04754326120018959
./data/processed/test/Ariel_Sharon/Ariel_Sharon_0011.jpg,Ariel_Sharon,bright,Ariel_Sharon,True,0.04749022424221039
./data/processed/test/Ariel_Sharon/Ariel_Sharon_0013.jpg,Ariel_Sharon,original,Ariel_Sharon,True,0.047463078051805496
./data/processed/test/Ariel_Sharon/Ariel_Sharon_0013.jpg,Ariel_Sharon,mask_eyes,Ariel_Sharon,True,0.04730553179979324
./data/processed/test/Ariel_Sharon/Ariel_Sharon_0013.jpg,Ariel_Sharon,mask_nose,Ariel_Sharon,True,0.04747040569782257
./data/processed/test/Ariel_Sharon/Ariel_Sharon_0013.jpg,Ariel_Sharon,mask_mouth,Ariel_Sharon,True,0.047445401549339294
./data/processed/test/Ariel_Sharon/Ariel_Sharon_0013.jpg,Ariel_Sharon,mask_face_oval,Hugo_Chavez,False,0.010275326669216156
./data/processed/test/Ariel_Sharon/Ariel_Sharon_0013.jpg,Ariel_Sharon,mask_outside_face,Ariel_Sharon,True,0.047154027968645096
./data/processed/test/Ariel_Sharon/Ariel_Sharon_0013.jpg,Ariel_Sharon,dark,Ariel_Sharon,True,0.047457776963710785
./data/processed/test/Ariel_Sharon/Ariel_Sharon_0013.jpg,Ariel_Sharon,bright,Ariel_Sharon,True,0.04740855097770691
./data/processed/test/Ariel_Sharon/Ariel_Sharon_0019.jpg,Ariel_Sharon,original,Ariel_Sharon,True,0.04752208665013313
./data/processed/test/Ariel_Sharon/Ariel_Sharon_0019.jpg,Ariel_Sharon,mask_eyes,Ariel_Sharon,True,0.047299519181251526
./data/processed/test/Ariel_Sharon/Ariel_Sharon_0019.jpg,Ariel_Sharon,mask_nose,Ariel_Sharon,True,0.047468822449445724
./data/processed/test/Ariel_Sharon/Ariel_Sharon_0019.jpg,Ariel_Sharon,mask_mouth,Ariel_Sharon,True,0.04750071465969086
./data/processed/test/Ariel_Sharon/Ariel_Sharon_0019.jpg,Ariel_Sharon,mask_face_oval,Ariel_Sharon,True,0.011070356704294682
./data/processed/test/Ariel_Sharon/Ariel_Sharon_0019.jpg,Ariel_Sharon,mask_outside_face,Ariel_Sharon,True,0.04703402519226074
./data/processed/test/Ariel_Sharon/Ariel_Sharon_0019.jpg,Ariel_Sharon,dark,Ariel_Sharon,True,0.047499723732471466
./data/processed/test/Ariel_Sharon/Ariel_Sharon_0019.jpg,Ariel_Sharon,bright,Ariel_Sharon,True,0.04751589149236679
./data/processed/test/Ariel_Sharon/Ariel_Sharon_0029.jpg,Ariel_Sharon,original,Ariel_Sharon,True,0.0474061593413353
./data/processed/test/Ariel_Sharon/Ariel_Sharon_0029.jpg,Ariel_Sharon,mask_eyes,Ariel_Sharon,True,0.04718818515539169
./data/processed/test/Ariel_Sharon/Ariel_Sharon_0029.jpg,Ariel_Sharon,mask_nose,Ariel_Sharon,True,0.04743903502821922
./data/processed/test/Ariel_Sharon/Ariel_Sharon_0029.jpg,Ariel_Sharon,mask_mouth,Ariel_Sharon,True,0.047386445105075836
./data/processed/test/Ariel_Sharon/Ariel_Sharon_0029.jpg,Ariel_Sharon,mask_face_oval,Ariel_Sharon,True,0.014060012996196747
./data/processed/test/Ariel_Sharon/Ariel_Sharon_0029.jpg,Ariel_Sharon,mask_outside_face,Ariel_Sharon,True,0.04561057686805725
./data/processed/test/Ariel_Sharon/Ariel_Sharon_0029.jpg,Ariel_Sharon,dark,Ariel_Sharon,True,0.04731947183609009
./data/processed/test/Ariel_Sharon/Ariel_Sharon_0029.jpg,Ariel_Sharon,bright,Ariel_Sharon,True,0.04742523655295372
./data/processed/test/Ariel_Sharon/Ariel_Sharon_0034.jpg,Ariel_Sharon,original,Ariel_Sharon,True,0.04748214781284332
./data/processed/test/Ariel_Sharon/Ariel_Sharon_0034.jpg,Ariel_Sharon,mask_eyes,Ariel_Sharon,True,0.04700207710266113
./data/processed/test/Ariel_Sharon/Ariel_Sharon_0034.jpg,Ariel_Sharon,mask_nose,Ariel_Sharon,True,0.04727931320667267
./data/processed/test/Ariel_Sharon/Ariel_Sharon_0034.jpg,Ariel_Sharon,mask_mouth,Ariel_Sharon,True,0.047494880855083466
./data/processed/test/Ariel_Sharon/Ariel_Sharon_0034.jpg,Ariel_Sharon,mask_face_oval,Ariel_Sharon,True,0.01090989075601101
./data/processed/test/Ariel_Sharon/Ariel_Sharon_0034.jpg,Ariel_Sharon,mask_outside_face,Ariel_Sharon,True,0.04565287381410599
./data/processed/test/Ariel_Sharon/Ariel_Sharon_0034.jpg,Ariel_Sharon,dark,Ariel_Sharon,True,0.047230202704668045
./data/processed/test/Ariel_Sharon/Ariel_Sharon_0034.jpg,Ariel_Sharon,bright,Ariel_Sharon,True,0.0469382107257843
./data/processed/test/Ariel_Sharon/Ariel_Sharon_0036.jpg,Ariel_Sharon,original,Ariel_Sharon,True,0.046930473297834396
./data/processed/test/Ariel_Sharon/Ariel_Sharon_0036.jpg,Ariel_Sharon,mask_eyes,Ariel_Sharon,True,0.04668629169464111
./data/processed/test/Ariel_Sharon/Ariel_Sharon_0036.jpg,Ariel_Sharon,mask_nose,Ariel_Sharon,True,0.04656090587377548
./data/processed/test/Ariel_Sharon/Ariel_Sharon_0036.jpg,Ariel_Sharon,mask_mouth,Ariel_Sharon,True,0.04714097082614899
./data/processed/test/Ariel_Sharon/Ariel_Sharon_0036.jpg,Ariel_Sharon,mask_face_oval,Michael_Schumacher,False,0.010854637250304222
./data/processed/test/Ariel_Sharon/Ariel_Sharon_0036.jpg,Ariel_Sharon,mask_outside_face,Ariel_Sharon,True,0.047037333250045776
./data/processed/test/Ariel_Sharon/Ariel_Sharon_0036.jpg,Ariel_Sharon,dark,Ariel_Sharon,True,0.04703612998127937
./data/processed/test/Ariel_Sharon/Ariel_Sharon_0036.jpg,Ariel_Sharon,bright,Ariel_Sharon,True,0.04320553317666054
./data/processed/test/Ariel_Sharon/Ariel_Sharon_0046.jpg,Ariel_Sharon,original,Ariel_Sharon,True,0.04675586149096489
./data/processed/test/Ariel_Sharon/Ariel_Sharon_0046.jpg,Ariel_Sharon,mask_eyes,Ariel_Sharon,True,0.0459442138671875
./data/processed/test/Ariel_Sharon/Ariel_Sharon_0046.jpg,Ariel_Sharon,mask_nose,Ariel_Sharon,True,0.045143868774175644
./data/processed/test/Ariel_Sharon/Ariel_Sharon_0046.jpg,Ariel_Sharon,mask_mouth,Ariel_Sharon,True,0.047240253537893295
./data/processed/test/Ariel_Sharon/Ariel_Sharon_0046.jpg,Ariel_Sharon,mask_face_oval,Michael_Schumacher,False,0.010798861272633076
./data/processed/test/Ariel_Sharon/Ariel_Sharon_0046.jpg,Ariel_Sharon,mask_outside_face,Ariel_Sharon,True,0.04269072413444519
./data/processed/test/Ariel_Sharon/Ariel_Sharon_0046.jpg,Ariel_Sharon,dark,Ariel_Sharon,True,0.04562203213572502
./data/processed/test/Ariel_Sharon/Ariel_Sharon_0046.jpg,Ariel_Sharon,bright,Ariel_Sharon,True,0.03709650784730911
./data/processed/test/Ariel_Sharon/Ariel_Sharon_0048.jpg,Ariel_Sharon,original,Ariel_Sharon,True,0.0475224107503891
./data/processed/test/Ariel_Sharon/Ariel_Sharon_0048.jpg,Ariel_Sharon,mask_eyes,Ariel_Sharon,True,0.047435905784368515
./data/processed/test/Ariel_Sharon/Ariel_Sharon_0048.jpg,Ariel_Sharon,mask_nose,Ariel_Sharon,True,0.04753498733043671
./data/processed/test/Ariel_Sharon/Ariel_Sharon_0048.jpg,Ariel_Sharon,mask_mouth,Ariel_Sharon,True,0.04749052971601486
./data/processed/test/Ariel_Sharon/Ariel_Sharon_0048.jpg,Ariel_Sharon,mask_face_oval,Ariel_Sharon,True,0.01162631344050169
./data/processed/test/Ariel_Sharon/Ariel_Sharon_0048.jpg,Ariel_Sharon,mask_outside_face,Ariel_Sharon,True,0.0459173358976841
./data/processed/test/Ariel_Sharon/Ariel_Sharon_0048.jpg,Ariel_Sharon,dark,Ariel_Sharon,True,0.047503866255283356
./data/processed/test/Ariel_Sharon/Ariel_Sharon_0048.jpg,Ariel_Sharon,bright,Ariel_Sharon,True,0.04752863198518753
./data/processed/test/Ariel_Sharon/Ariel_Sharon_0051.jpg,Ariel_Sharon,original,Ariel_Sharon,True,0.04759868234395981
./data/processed/test/Ariel_Sharon/Ariel_Sharon_0051.jpg,Ariel_Sharon,mask_eyes,Ariel_Sharon,True,0.04752837121486664
./data/processed/test/Ariel_Sharon/Ariel_Sharon_0051.jpg,Ariel_Sharon,mask_nose,Ariel_Sharon,True,0.04736810550093651
./data/processed/test/Ariel_Sharon/Ariel_Sharon_0051.jpg,Ariel_Sharon,mask_mouth,Ariel_Sharon,True,0.04755647853016853
./data/processed/test/Ariel_Sharon/Ariel_Sharon_0051.jpg,Ariel_Sharon,mask_face_oval,Hugo_Chavez,False,0.010008757933974266
./data/processed/test/Ariel_Sharon/Ariel_Sharon_0051.jpg,Ariel_Sharon,mask_outside_face,Ariel_Sharon,True,0.04619791731238365
./data/processed/test/Ariel_Sharon/Ariel_Sharon_0051.jpg,Ariel_Sharon,dark,Ariel_Sharon,True,0.04761594161391258
./data/processed/test/Ariel_Sharon/Ariel_Sharon_0051.jpg,Ariel_Sharon,bright,Ariel_Sharon,True,0.047556668519973755
./data/processed/test/Ariel_Sharon/Ariel_Sharon_0054.jpg,Ariel_Sharon,original,Ariel_Sharon,True,0.04750697314739227
./data/processed/test/Ariel_Sharon/Ariel_Sharon_0054.jpg,Ariel_Sharon,mask_eyes,Ariel_Sharon,True,0.047441426664590836
./data/processed/test/Ariel_Sharon/Ariel_Sharon_0054.jpg,Ariel_Sharon,mask_nose,Ariel_Sharon,True,0.04752758890390396
./data/processed/test/Ariel_Sharon/Ariel_Sharon_0054.jpg,Ariel_Sharon,mask_mouth,Ariel_Sharon,True,0.0474763959646225
./data/processed/test/Ariel_Sharon/Ariel_Sharon_0054.jpg,Ariel_Sharon,mask_face_oval,Hugo_Chavez,False,0.010140812955796719
./data/processed/test/Ariel_Sharon/Ariel_Sharon_0054.jpg,Ariel_Sharon,mask_outside_face,Ariel_Sharon,True,0.046687137335538864
./data/processed/test/Ariel_Sharon/Ariel_Sharon_0054.jpg,Ariel_Sharon,dark,Ariel_Sharon,True,0.04756874963641167
./data/processed/test/Ariel_Sharon/Ariel_Sharon_0054.jpg,Ariel_Sharon,bright,Ariel_Sharon,True,0.047445837408304214
./data/processed/test/Ariel_Sharon/Ariel_Sharon_0059.jpg,Ariel_Sharon,original,Ariel_Sharon,True,0.04752358794212341
./data/processed/test/Ariel_Sharon/Ariel_Sharon_0059.jpg,Ariel_Sharon,mask_eyes,Ariel_Sharon,True,0.047451406717300415
./data/processed/test/Ariel_Sharon/Ariel_Sharon_0059.jpg,Ariel_Sharon,mask_nose,Ariel_Sharon,True,0.0475306436419487
./data/processed/test/Ariel_Sharon/Ariel_Sharon_0059.jpg,Ariel_Sharon,mask_mouth,Ariel_Sharon,True,0.047509681433439255
./data/processed/test/Ariel_Sharon/Ariel_Sharon_0059.jpg,Ariel_Sharon,mask_face_oval,Hugo_Chavez,False,0.012016546912491322
./data/processed/test/Ariel_Sharon/Ariel_Sharon_0059.jpg,Ariel_Sharon,mask_outside_face,Ariel_Sharon,True,0.04730028659105301
./data/processed/test/Ariel_Sharon/Ariel_Sharon_0059.jpg,Ariel_Sharon,dark,Ariel_Sharon,True,0.04755984619259834
./data/processed/test/Ariel_Sharon/Ariel_Sharon_0059.jpg,Ariel_Sharon,bright,Ariel_Sharon,True,0.04760260134935379
./data/processed/test/Ariel_Sharon/Ariel_Sharon_0067.jpg,Ariel_Sharon,original,Ariel_Sharon,True,0.0473831407725811
./data/processed/test/Ariel_Sharon/Ariel_Sharon_0067.jpg,Ariel_Sharon,mask_eyes,Ariel_Sharon,True,0.04735974967479706
./data/processed/test/Ariel_Sharon/Ariel_Sharon_0067.jpg,Ariel_Sharon,mask_nose,Ariel_Sharon,True,0.047335244715213776
./data/processed/test/Ariel_Sharon/Ariel_Sharon_0067.jpg,Ariel_Sharon,mask_mouth,Ariel_Sharon,True,0.04736143350601196
./data/processed/test/Ariel_Sharon/Ariel_Sharon_0067.jpg,Ariel_Sharon,mask_face_oval,Michael_Schumacher,False,0.011213199235498905
./data/processed/test/Ariel_Sharon/Ariel_Sharon_0067.jpg,Ariel_Sharon,mask_outside_face,Ariel_Sharon,True,0.046735625714063644
./data/processed/test/Ariel_Sharon/Ariel_Sharon_0067.jpg,Ariel_Sharon,dark,Ariel_Sharon,True,0.04738394543528557
./data/processed/test/Ariel_Sharon/Ariel_Sharon_0067.jpg,Ariel_Sharon,bright,Ariel_Sharon,True,0.04739036783576012
./data/processed/test/Ariel_Sharon/Ariel_Sharon_0069.jpg,Ariel_Sharon,original,Ariel_Sharon,True,0.047525376081466675
./data/processed/test/Ariel_Sharon/Ariel_Sharon_0069.jpg,Ariel_Sharon,mask_eyes,Ariel_Sharon,True,0.0473838709294796
./data/processed/test/Ariel_Sharon/Ariel_Sharon_0069.jpg,Ariel_Sharon,mask_nose,Ariel_Sharon,True,0.0474456250667572
./data/processed/test/Ariel_Sharon/Ariel_Sharon_0069.jpg,Ariel_Sharon,mask_mouth,Ariel_Sharon,True,0.04752114787697792
./data/processed/test/Ariel_Sharon/Ariel_Sharon_0069.jpg,Ariel_Sharon,mask_face_oval,Ariel_Sharon,True,0.010760461911559105
./data/processed/test/Ariel_Sharon/Ariel_Sharon_0069.jpg,Ariel_Sharon,mask_outside_face,Ariel_Sharon,True,0.045668844133615494
./data/processed/test/Ariel_Sharon/Ariel_Sharon_0069.jpg,Ariel_Sharon,dark,Ariel_Sharon,True,0.047544315457344055
./data/processed/test/Ariel_Sharon/Ariel_Sharon_0069.jpg,Ariel_Sharon,bright,Ariel_Sharon,True,0.04744773730635643
./data/processed/test/Ariel_Sharon/Ariel_Sharon_0075.jpg,Ariel_Sharon,original,Ariel_Sharon,True,0.04747822880744934
./data/processed/test/Ariel_Sharon/Ariel_Sharon_0075.jpg,Ariel_Sharon,mask_eyes,Ariel_Sharon,True,0.04725886881351471
./data/processed/test/Ariel_Sharon/Ariel_Sharon_0075.jpg,Ariel_Sharon,mask_nose,Ariel_Sharon,True,0.04734773561358452
./data/processed/test/Ariel_Sharon/Ariel_Sharon_0075.jpg,Ariel_Sharon,mask_mouth,Ariel_Sharon,True,0.04744277894496918
./data/processed/test/Ariel_Sharon/Ariel_Sharon_0075.jpg,Ariel_Sharon,mask_face_oval,Ariel_Sharon,True,0.011491300538182259
./data/processed/test/Ariel_Sharon/Ariel_Sharon_0075.jpg,Ariel_Sharon,mask_outside_face,Ariel_Sharon,True,0.04622681438922882
./data/processed/test/Ariel_Sharon/Ariel_Sharon_0075.jpg,Ariel_Sharon,dark,Ariel_Sharon,True,0.04740065336227417
./data/processed/test/Ariel_Sharon/Ariel_Sharon_0075.jpg,Ariel_Sharon,bright,Ariel_Sharon,True,0.04725408926606178
./data/processed/test/Arnold_Schwarzenegger/Arnold_Schwarzenegger_0005.jpg,Arnold_Schwarzenegger,original,Arnold_Schwarzenegger,True,0.02840433456003666
./data/processed/test/Arnold_Schwarzenegger/Arnold_Schwarzenegger_0005.jpg,Arnold_Schwarzenegger,mask_eyes,Arnold_Schwarzenegger,True,0.028340749442577362
./data/processed/test/Arnold_Schwarzenegger/Arnold_Schwarzenegger_0005.jpg,Arnold_Schwarzenegger,mask_nose,Arnold_Schwarzenegger,True,0.0284875500947237
./data/processed/test/Arnold_Schwarzenegger/Arnold_Schwarzenegger_0005.jpg,Arnold_Schwarzenegger,mask_mouth,Arnold_Schwarzenegger,True,0.028454136103391647
./data/processed/test/Arnold_Schwarzenegger/Arnold_Schwarzenegger_0005.jpg,Arnold_Schwarzenegger,mask_face_oval,Hugo_Chavez,False,0.011429286561906338
./data/processed/test/Arnold_Schwarzenegger/Arnold_Schwarzenegger_0005.jpg,Arnold_Schwarzenegger,mask_outside_face,Arnold_Schwarzenegger,True,0.014125813730061054
./data/processed/test/Arnold_Schwarzenegger/Arnold_Schwarzenegger_0005.jpg,Arnold_Schwarzenegger,dark,Arnold_Schwarzenegger,True,0.028400611132383347
./data/processed/test/Arnold_Schwarzenegger/Arnold_Schwarzenegger_0005.jpg,Arnold_Schwarzenegger,bright,Arnold_Schwarzenegger,True,0.028451526537537575
./data/processed/test/Arnold_Schwarzenegger/Arnold_Schwarzenegger_0009.jpg,Arnold_Schwarzenegger,original,Arnold_Schwarzenegger,True,0.028453001752495766
./data/processed/test/Arnold_Schwarzenegger/Arnold_Schwarzenegger_0009.jpg,Arnold_Schwarzenegger,mask_eyes,Arnold_Schwarzenegger,True,0.02849509008228779
./data/processed/test/Arnold_Schwarzenegger/Arnold_Schwarzenegger_0009.jpg,Arnold_Schwarzenegger,mask_nose,Arnold_Schwarzenegger,True,0.028505593538284302
./data/processed/test/Arnold_Schwarzenegger/Arnold_Schwarzenegger_0009.jpg,Arnold_Schwarzenegger,mask_mouth,Arnold_Schwarzenegger,True,0.028482811525464058
./data/processed/test/Arnold_Schwarzenegger/Arnold_Schwarzenegger_0009.jpg,Arnold_Schwarzenegger,mask_face_oval,Arnold_Schwarzenegger,True,0.010887152515351772
./data/processed/test/Arnold_Schwarzenegger/Arnold_Schwarzenegger_0009.jpg,Arnold_Schwarzenegger,mask_outside_face,Arnold_Schwarzenegger,True,0.01774696074426174
./data/processed/test/Arnold_Schwarzenegger/Arnold_Schwarzenegger_0009.jpg,Arnold_Schwarzenegger,dark,Arnold_Schwarzenegger,True,0.02849697321653366
./data/processed/test/Arnold_Schwarzenegger/Arnold_Schwarzenegger_0009.jpg,Arnold_Schwarzenegger,bright,Arnold_Schwarzenegger,True,0.028386365622282028
./data/processed/test/Arnold_Schwarzenegger/Arnold_Schwarzenegger_0014.jpg,Arnold_Schwarzenegger,original,Arnold_Schwarzenegger,True,0.028645159676671028
./data/processed/test/Arnold_Schwarzenegger/Arnold_Schwarzenegger_0014.jpg,Arnold_Schwarzenegger,mask_eyes,Arnold_Schwarzenegger,True,0.028571484610438347
./data/processed/test/Arnold_Schwarzenegger/Arnold_Schwarzenegger_0014.jpg,Arnold_Schwarzenegger,mask_nose,Arnold_Schwarzenegger,True,0.028661169111728668
./data/processed/test/Arnold_Schwarzenegger/Arnold_Schwarzenegger_0014.jpg,Arnold_Schwarzenegger,mask_mouth,Arnold_Schwarzenegger,True,0.02864925190806389
./data/processed/test/Arnold_Schwarzenegger/Arnold_Schwarzenegger_0014.jpg,Arnold_Schwarzenegger,mask_face_oval,Arnold_Schwarzenegger,True,0.011625782586634159
./data/processed/test/Arnold_Schwarzenegger/Arnold_Schwarzenegger_0014.jpg,Arnold_Schwarzenegger,mask_outside_face,Arnold_Schwarzenegger,True,0.026670929044485092
./data/processed/test/Arnold_Schwarzenegger/Arnold_Schwarzenegger_0014.jpg,Arnold_Schwarzenegger,dark,Arnold_Schwarzenegger,True,0.028679193928837776
./data/processed/test/Arnold_Schwarzenegger/Arnold_Schwarzenegger_0014.jpg,Arnold_Schwarzenegger,bright,Arnold_Schwarzenegger,True,0.028576156124472618
./data/processed/test/Arnold_Schwarzenegger/Arnold_Schwarzenegger_0020.jpg,Arnold_Schwarzenegger,original,Arnold_Schwarzenegger,True,0.028174221515655518
./data/processed/test/Arnold_Schwarzenegger/Arnold_Schwarzenegger_0020.jpg,Arnold_Schwarzenegger,mask_eyes,Arnold_Schwarzenegger,True,0.028147097676992416
./data/processed/test/Arnold_Schwarzenegger/Arnold_Schwarzenegger_0020.jpg,Arnold_Schwarzenegger,mask_nose,Arnold_Schwarzenegger,True,0.028298836201429367
./data/processed/test/Arnold_Schwarzenegger/Arnold_Schwarzenegger_0020.jpg,Arnold_Schwarzenegger,mask_mouth,Arnold_Schwarzenegger,True,0.028315527364611626
./data/processed/test/Arnold_Schwarzenegger/Arnold_Schwarzenegger_0020.jpg,Arnold_Schwarzenegger,mask_face_oval,Gerhard_Schroeder,False,0.011498826555907726
./data/processed/test/Arnold_Schwarzenegger/Arnold_Schwarzenegger_0020.jpg,Arnold_Schwarzenegger,mask_outside_face,Arnold_Schwarzenegger,True,0.013296003453433514
./data/processed/test/Arnold_Schwarzenegger/Arnold_Schwarzenegger_0020.jpg,Arnold_Schwarzenegger,dark,Arnold_Schwarzenegger,True,0.027819398790597916
./data/processed/test/Arnold_Schwarzenegger/Arnold_Schwarzenegger_0020.jpg,Arnold_Schwarzenegger,bright,Arnold_Schwarzenegger,True,0.028093189001083374
./data/processed/test/Arnold_Schwarzenegger/Arnold_Schwarzenegger_0026.jpg,Arnold_Schwarzenegger,original,Arnold_Schwarzenegger,True,0.028718233108520508
./data/processed/test/Arnold_Schwarzenegger/Arnold_Schwarzenegger_0026.jpg,Arnold_Schwarzenegger,mask_eyes,Arnold_Schwarzenegger,True,0.028633151203393936
./data/processed/test/Arnold_Schwarzenegger/Arnold_Schwarzenegger_0026.jpg,Arnold_Schwarzenegger,mask_nose,Arnold_Schwarzenegger,True,0.028700578957796097
./data/processed/test/Arnold_Schwarzenegger/Arnold_Schwarzenegger_0026.jpg,Arnold_Schwarzenegger,mask_mouth,Arnold_Schwarzenegger,True,0.028722034767270088
./data/processed/test/Arnold_Schwarzenegger/Arnold_Schwarzenegger_0026.jpg,Arnold_Schwarzenegger,mask_face_oval,Arnold_Schwarzenegger,True,0.009800235740840435
./data/processed/test/Arnold_Schwarzenegger/Arnold_Schwarzenegger_0026.jpg,Arnold_Schwarzenegger,mask_outside_face,Arnold_Schwarzenegger,True,0.02126755751669407
./data/processed/test/Arnold_Schwarzenegger/Arnold_Schwarzenegger_0026.jpg,Arnold_Schwarzenegger,dark,Arnold_Schwarzenegger,True,0.028725232928991318
./data/processed/test/Arnold_Schwarzenegger/Arnold_Schwarzenegger_0026.jpg,Arnold_Schwarzenegger,bright,Arnold_Schwarzenegger,True,0.0286776814609766
./data/processed/test/Arnold_Schwarzenegger/Arnold_Schwarzenegger_0027.jpg,Arnold_Schwarzenegger,original,Arnold_Schwarzenegger,True,0.028415227308869362
./data/processed/test/Arnold_Schwarzenegger/Arnold_Schwarzenegger_0027.jpg,Arnold_Schwarzenegger,mask_eyes,Arnold_Schwarzenegger,True,0.02823852002620697
./data/processed/test/Arnold_Schwarzenegger/Arnold_Schwarzenegger_0027.jpg,Arnold_Schwarzenegger,mask_nose,Arnold_Schwarzenegger,True,0.028457678854465485
./data/processed/test/Arnold_Schwarzenegger/Arnold_Schwarzenegger_0027.jpg,Arnold_Schwarzenegger,mask_mouth,Arnold_Schwarzenegger,True,0.028468282893300056
./data/processed/test/Arnold_Schwarzenegger/Arnold_Schwarzenegger_0027.jpg,Arnold_Schwarzenegger,mask_face_oval,Alejandro_Toledo,False,0.009912134148180485
./data/processed/test/Arnold_Schwarzenegger/Arnold_Schwarzenegger_0027.jpg,Arnold_Schwarzenegger,mask_outside_face,Arnold_Schwarzenegger,True,0.01722363941371441
./data/processed/test/Arnold_Schwarzenegger/Arnold_Schwarzenegger_0027.jpg,Arnold_Schwarzenegger,dark,Arnold_Schwarzenegger,True,0.028329545632004738
./data/processed/test/Arnold_Schwarzenegger/Arnold_Schwarzenegger_0027.jpg,Arnold_Schwarzenegger,bright,Arnold_Schwarzenegger,True,0.02841878868639469
./data/processed/test/Arnold_Schwarzenegger/Arnold_Schwarzenegger_0030.jpg,Arnold_Schwarzenegger,original,Arnold_Schwarzenegger,True,0.028186563402414322
./data/processed/test/Arnold_Schwarzenegger/Arnold_Schwarzenegger_0030.jpg,Arnold_Schwarzenegger,mask_eyes,Arnold_Schwarzenegger,True,0.028284776955842972
./data/processed/test/Arnold_Schwarzenegger/Arnold_Schwarzenegger_0030.jpg,Arnold_Schwarzenegger,mask_nose,Arnold_Schwarzenegger,True,0.028204770758748055
./data/processed/test/Arnold_Schwarzenegger/Arnold_Schwarzenegger_0030.jpg,Arnold_Schwarzenegger,mask_mouth,Arnold_Schwarzenegger,True,0.028094880282878876
./data/processed/test/Arnold_Schwarzenegger/Arnold_Schwarzenegger_0030.jpg,Arnold_Schwarzenegger,mask_face_oval,Gerhard_Schroeder,False,0.01128751877695322
./data/processed/test/Arnold_Schwarzenegger/Arnold_Schwarzenegger_0030.jpg,Arnold_Schwarzenegger,mask_outside_face,Arnold_Schwarzenegger,True,0.01732446998357773
./data/processed/test/Arnold_Schwarzenegger/Arnold_Schwarzenegger_0030.jpg,Arnold_Schwarzenegger,dark,Arnold_Schwarzenegger,True,0.027821296826004982
./data/processed/test/Arnold_Schwarzenegger/Arnold_Schwarzenegger_0030.jpg,Arnold_Schwarzenegger,bright,Arnold_Schwarzenegger,True,0.027921557426452637
./data/processed/test/Arnold_Schwarzenegger/Arnold_Schwarzenegger_0031.jpg,Arnold_Schwarzenegger,original,Arnold_Schwarzenegger,True,0.028423164039850235
./data/processed/test/Arnold_Schwarzenegger/Arnold_Schwarzenegger_0031.jpg,Arnold_Schwarzenegger,mask_eyes,Arnold_Schwarzenegger,True,0.028101084753870964
./data/processed/test/Arnold_Schwarzenegger/Arnold_Schwarzenegger_0031.jpg,Arnold_Schwarzenegger,mask_nose,Arnold_Schwarzenegger,True,0.028478875756263733
./data/processed/test/Arnold_Schwarzenegger/Arnold_Schwarzenegger_0031.jpg,Arnold_Schwarzenegger,mask_mouth,Arnold_Schwarzenegger,True,0.028366873040795326
./data/processed/test/Arnold_Schwarzenegger/Arnold_Schwarzenegger_0031.jpg,Arnold_Schwarzenegger,mask_face_oval,Michael_Schumacher,False,0.010026726871728897
./data/processed/test/Arnold_Schwarzenegger/Arnold_Schwarzenegger_0031.jpg,Arnold_Schwarzenegger,mask_outside_face,Arnold_Schwarzenegger,True,0.017885418608784676
./data/processed/test/Arnold_Schwarzenegger/Arnold_Schwarzenegger_0031.jpg,Arnold_Schwarzenegger,dark,Arnold_Schwarzenegger,True,0.028325162827968597
./data/processed/test/Arnold_Schwarzenegger/Arnold_Schwarzenegger_0031.jpg,Arnold_Schwarzenegger,bright,Arnold_Schwarzenegger,True,0.028487367555499077
./data/processed/test/Arnold_Schwarzenegger/Arnold_Schwarzenegger_0040.jpg,Arnold_Schwarzenegger,original,Arnold_Schwarzenegger,True,0.028548486530780792
./data/processed/test/Arnold_Schwarzenegger/Arnold_Schwarzenegger_0040.jpg,Arnold_Schwarzenegger,mask_eyes,Arnold_Schwarzenegger,True,0.028354601934552193
./data/processed/test/Arnold_Schwarzenegger/Arnold_Schwarzenegger_0040.jpg,Arnold_Schwarzenegger,mask_nose,Arnold_Schwarzenegger,True,0.028298456221818924
./data/processed/test/Arnold_Schwarzenegger/Arnold_Schwarzenegger_0040.jpg,Arnold_Schwarzenegger,mask_mouth,Arnold_Schwarzenegger,True,0.02853948064148426
./data/processed/test/Arnold_Schwarzenegger/Arnold_Schwarzenegger_0040.jpg,Arnold_Schwarzenegger,mask_face_oval,Arnold_Schwarzenegger,True,0.01205985713750124
./data/processed/test/Arnold_Schwarzenegger/Arnold_Schwarzenegger_0040.jpg,Arnold_Schwarzenegger,mask_outside_face,Arnold_Schwarzenegger,True,0.01658017188310623
./data/processed/test/Arnold_Schwarzenegger/Arnold_Schwarzenegger_0040.jpg,Arnold_Schwarzenegger,dark,Arnold_Schwarzenegger,True,0.028384195640683174
./data/processed/test/Arnold_Schwarzenegger/Arnold_Schwarzenegger_0040.jpg,Arnold_Schwarzenegger,bright,Arnold_Schwarzenegger,True,0.028124786913394928
./data/processed/test/Atal_Bihari_Vajpayee/Atal_Bihari_Vajpayee_0001.jpg,Atal_Bihari_Vajpayee,original,Atal_Bihari_Vajpayee,True,0.019331907853484154
./data/processed/test/Atal_Bihari_Vajpayee/Atal_Bihari_Vajpayee_0001.jpg,Atal_Bihari_Vajpayee,mask_eyes,Atal_Bihari_Vajpayee,True,0.019373394548892975
./data/processed/test/Atal_Bihari_Vajpayee/Atal_Bihari_Vajpayee_0001.jpg,Atal_Bihari_Vajpayee,mask_nose,Atal_Bihari_Vajpayee,True,0.01923375204205513
./data/processed/test/Atal_Bihari_Vajpayee/Atal_Bihari_Vajpayee_0001.jpg,Atal_Bihari_Vajpayee,mask_mouth,Atal_Bihari_Vajpayee,True,0.019299082458019257
./data/processed/test/Atal_Bihari_Vajpayee/Atal_Bihari_Vajpayee_0001.jpg,Atal_Bihari_Vajpayee,mask_face_oval,Michael_Schumacher,False,0.009267942979931831
./data/processed/test/Atal_Bihari_Vajpayee/Atal_Bihari_Vajpayee_0001.jpg,Atal_Bihari_Vajpayee,mask_outside_face,Atal_Bihari_Vajpayee,True,0.019195163622498512
./data/processed/test/Atal_Bihari_Vajpayee/Atal_Bihari_Vajpayee_0001.jpg,Atal_Bihari_Vajpayee,dark,Atal_Bihari_Vajpayee,True,0.019374268129467964
./data/processed/test/Atal_Bihari_Vajpayee/Atal_Bihari_Vajpayee_0001.jpg,Atal_Bihari_Vajpayee,bright,Atal_Bihari_Vajpayee,True,0.019313868135213852
./data/processed/test/Atal_Bihari_Vajpayee/Atal_Bihari_Vajpayee_0009.jpg,Atal_Bihari_Vajpayee,original,Atal_Bihari_Vajpayee,True,0.01915750280022621
./data/processed/test/Atal_Bihari_Vajpayee/Atal_Bihari_Vajpayee_0009.jpg,Atal_Bihari_Vajpayee,mask_eyes,Atal_Bihari_Vajpayee,True,0.01921960525214672
./data/processed/test/Atal_Bihari_Vajpayee/Atal_Bihari_Vajpayee_0009.jpg,Atal_Bihari_Vajpayee,mask_nose,Atal_Bihari_Vajpayee,True,0.019070452079176903
./data/processed/test/Atal_Bihari_Vajpayee/Atal_Bihari_Vajpayee_0009.jpg,Atal_Bihari_Vajpayee,mask_mouth,Atal_Bihari_Vajpayee,True,0.01910793036222458
./data/processed/test/Atal_Bihari_Vajpayee/Atal_Bihari_Vajpayee_0009.jpg,Atal_Bihari_Vajpayee,mask_face_oval,Lance_Armstrong,False,0.009072341956198215
./data/processed/test/Atal_Bihari_Vajpayee/Atal_Bihari_Vajpayee_0009.jpg,Atal_Bihari_Vajpayee,mask_outside_face,Atal_Bihari_Vajpayee,True,0.01872827112674713
./data/processed/test/Atal_Bihari_Vajpayee/Atal_Bihari_Vajpayee_0009.jpg,Atal_Bihari_Vajpayee,dark,Atal_Bihari_Vajpayee,True,0.019139261916279793
./data/processed/test/Atal_Bihari_Vajpayee/Atal_Bihari_Vajpayee_0009.jpg,Atal_Bihari_Vajpayee,bright,Atal_Bihari_Vajpayee,True,0.01910516619682312
./data/processed/test/Atal_Bihari_Vajpayee/Atal_Bihari_Vajpayee_0012.jpg,Atal_Bihari_Vajpayee,original,Atal_Bihari_Vajpayee,True,0.01913994736969471
./data/processed/test/Atal_Bihari_Vajpayee/Atal_Bihari_Vajpayee_0012.jpg,Atal_Bihari_Vajpayee,mask_eyes,Atal_Bihari_Vajpayee,True,0.019051680341362953
./data/processed/test/Atal_Bihari_Vajpayee/Atal_Bihari_Vajpayee_0012.jpg,Atal_Bihari_Vajpayee,mask_nose,Atal_Bihari_Vajpayee,True,0.019067298620939255
./data/processed/test/Atal_Bihari_Vajpayee/Atal_Bihari_Vajpayee_0012.jpg,Atal_Bihari_Vajpayee,mask_mouth,Atal_Bihari_Vajpayee,True,0.019063470885157585
./data/processed/test/Atal_Bihari_Vajpayee/Atal_Bihari_Vajpayee_0012.jpg,Atal_Bihari_Vajpayee,mask_face_oval,Michael_Schumacher,False,0.009592107497155666
./data/processed/test/Atal_Bihari_Vajpayee/Atal_Bihari_Vajpayee_0012.jpg,Atal_Bihari_Vajpayee,mask_outside_face,Atal_Bihari_Vajpayee,True,0.018826592713594437
./data/processed/test/Atal_Bihari_Vajpayee/Atal_Bihari_Vajpayee_0012.jpg,Atal_Bihari_Vajpayee,dark,Atal_Bihari_Vajpayee,True,0.019107641652226448
./data/processed/test/Atal_Bihari_Vajpayee/Atal_Bihari_Vajpayee_0012.jpg,Atal_Bihari_Vajpayee,bright,Atal_Bihari_Vajpayee,True,0.01912997104227543
./data/processed/test/Atal_Bihari_Vajpayee/Atal_Bihari_Vajpayee_0017.jpg,Atal_Bihari_Vajpayee,original,Atal_Bihari_Vajpayee,True,0.019171971827745438
./data/processed/test/Atal_Bihari_Vajpayee/Atal_Bihari_Vajpayee_0017.jpg,Atal_Bihari_Vajpayee,mask_eyes,Atal_Bihari_Vajpayee,True,0.01902952417731285
./data/processed/test/Atal_Bihari_Vajpayee/Atal_Bihari_Vajpayee_0017.jpg,Atal_Bihari_Vajpayee,mask_nose,Atal_Bihari_Vajpayee,True,0.01911362260580063
./data/processed/test/Atal_Bihari_Vajpayee/Atal_Bihari_Vajpayee_0017.jpg,Atal_Bihari_Vajpayee,mask_mouth,Atal_Bihari_Vajpayee,True,0.019018935039639473
./data/processed/test/Atal_Bihari_Vajpayee/Atal_Bihari_Vajpayee_0017.jpg,Atal_Bihari_Vajpayee,mask_face_oval,Michael_Schumacher,False,0.009619287215173244
./data/processed/test/Atal_Bihari_Vajpayee/Atal_Bihari_Vajpayee_0017.jpg,Atal_Bihari_Vajpayee,mask_outside_face,Atal_Bihari_Vajpayee,True,0.01896747760474682
./data/processed/test/Atal_Bihari_Vajpayee/Atal_Bihari_Vajpayee_0017.jpg,Atal_Bihari_Vajpayee,dark,Atal_Bihari_Vajpayee,True,0.01899917796254158
./data/processed/test/Atal_Bihari_Vajpayee/Atal_Bihari_Vajpayee_0017.jpg,Atal_Bihari_Vajpayee,bright,Atal_Bihari_Vajpayee,True,0.01915089040994644
./data/processed/test/Atal_Bihari_Vajpayee/Atal_Bihari_Vajpayee_0019.jpg,Atal_Bihari_Vajpayee,original,John_Howard,False,0.01448061689734459
./data/processed/test/Atal_Bihari_Vajpayee/Atal_Bihari_Vajpayee_0019.jpg,Atal_Bihari_Vajpayee,mask_eyes,John_Howard,False,0.015383495949208736
./data/processed/test/Atal_Bihari_Vajpayee/Atal_Bihari_Vajpayee_0019.jpg,Atal_Bihari_Vajpayee,mask_nose,John_Howard,False,0.015042136423289776
./data/processed/test/Atal_Bihari_Vajpayee/Atal_Bihari_Vajpayee_0019.jpg,Atal_Bihari_Vajpayee,mask_mouth,John_Howard,False,0.01455142255872488
./data/processed/test/Atal_Bihari_Vajpayee/Atal_Bihari_Vajpayee_0019.jpg,Atal_Bihari_Vajpayee,mask_face_oval,Ariel_Sharon,False,0.012494429014623165
./data/processed/test/Atal_Bihari_Vajpayee/Atal_Bihari_Vajpayee_0019.jpg,Atal_Bihari_Vajpayee,mask_outside_face,Atal_Bihari_Vajpayee,True,0.013162318617105484
./data/processed/test/Atal_Bihari_Vajpayee/Atal_Bihari_Vajpayee_0019.jpg,Atal_Bihari_Vajpayee,dark,Rudolph_Giuliani,False,0.013717749156057835
./data/processed/test/Atal_Bihari_Vajpayee/Atal_Bihari_Vajpayee_0019.jpg,Atal_Bihari_Vajpayee,bright,John_Howard,False,0.015083407051861286
./data/processed/test/Bill_Clinton/Bill_Clinton_0009.jpg,Bill_Clinton,original,Bill_Clinton,True,0.022625360637903214
./data/processed/test/Bill_Clinton/Bill_Clinton_0009.jpg,Bill_Clinton,mask_eyes,Bill_Clinton,True,0.02263849601149559
./data/processed/test/Bill_Clinton/Bill_Clinton_0009.jpg,Bill_Clinton,mask_nose,Bill_Clinton,True,0.02269957959651947
./data/processed/test/Bill_Clinton/Bill_Clinton_0009.jpg,Bill_Clinton,mask_mouth,Bill_Clinton,True,0.022626986727118492
./data/processed/test/Bill_Clinton/Bill_Clinton_0009.jpg,Bill_Clinton,mask_face_oval,Michael_Schumacher,False,0.011046134866774082
./data/processed/test/Bill_Clinton/Bill_Clinton_0009.jpg,Bill_Clinton,mask_outside_face,Bill_Clinton,True,0.01772330515086651
./data/processed/test/Bill_Clinton/Bill_Clinton_0009.jpg,Bill_Clinton,dark,Bill_Clinton,True,0.022246690467000008
./data/processed/test/Bill_Clinton/Bill_Clinton_0009.jpg,Bill_Clinton,bright,Bill_Clinton,True,0.022389965131878853
./data/processed/test/Bill_Clinton/Bill_Clinton_0010.jpg,Bill_Clinton,original,Bill_Clinton,True,0.022905394434928894
./data/processed/test/Bill_Clinton/Bill_Clinton_0010.jpg,Bill_Clinton,mask_eyes,Bill_Clinton,True,0.022880150005221367
./data/processed/test/Bill_Clinton/Bill_Clinton_0010.jpg,Bill_Clinton,mask_nose,Bill_Clinton,True,0.02270195446908474
./data/processed/test/Bill_Clinton/Bill_Clinton_0010.jpg,Bill_Clinton,mask_mouth,Bill_Clinton,True,0.022900722920894623
./data/processed/test/Bill_Clinton/Bill_Clinton_0010.jpg,Bill_Clinton,mask_face_oval,Hugo_Chavez,False,0.010826021432876587
./data/processed/test/Bill_Clinton/Bill_Clinton_0010.jpg,Bill_Clinton,mask_outside_face,Bill_Clinton,True,0.019508186727762222
./data/processed/test/Bill_Clinton/Bill_Clinton_0010.jpg,Bill_Clinton,dark,Bill_Clinton,True,0.02262110449373722
./data/processed/test/Bill_Clinton/Bill_Clinton_0010.jpg,Bill_Clinton,bright,Bill_Clinton,True,0.02170393243432045
./data/processed/test/Bill_Clinton/Bill_Clinton_0013.jpg,Bill_Clinton,original,Bill_Clinton,True,0.022727573290467262
./data/processed/test/Bill_Clinton/Bill_Clinton_0013.jpg,Bill_Clinton,mask_eyes,Bill_Clinton,True,0.02271207980811596
./data/processed/test/Bill_Clinton/Bill_Clinton_0013.jpg,Bill_Clinton,mask_nose,Bill_Clinton,True,0.02274997904896736
./data/processed/test/Bill_Clinton/Bill_Clinton_0013.jpg,Bill_Clinton,mask_mouth,Bill_Clinton,True,0.02269713021814823
./data/processed/test/Bill_Clinton/Bill_Clinton_0013.jpg,Bill_Clinton,mask_face_oval,Jiang_Zemin,False,0.009283867664635181
./data/processed/test/Bill_Clinton/Bill_Clinton_0013.jpg,Bill_Clinton,mask_outside_face,Bill_Clinton,True,0.022206107154488564
./data/processed/test/Bill_Clinton/Bill_Clinton_0013.jpg,Bill_Clinton,dark,Bill_Clinton,True,0.022770266979932785
./data/processed/test/Bill_Clinton/Bill_Clinton_0013.jpg,Bill_Clinton,bright,Bill_Clinton,True,0.022781116887927055
./data/processed/test/Bill_Clinton/Bill_Clinton_0017.jpg,Bill_Clinton,original,Bill_Clinton,True,0.022981513291597366
./data/processed/test/Bill_Clinton/Bill_Clinton_0017.jpg,Bill_Clinton,mask_eyes,Bill_Clinton,True,0.022948795929551125
./data/processed/test/Bill_Clinton/Bill_Clinton_0017.jpg,Bill_Clinton,mask_nose,Bill_Clinton,True,0.02297026850283146
./data/processed/test/Bill_Clinton/Bill_Clinton_0017.jpg,Bill_Clinton,mask_mouth,Bill_Clinton,True,0.02296237275004387
./data/processed/test/Bill_Clinton/Bill_Clinton_0017.jpg,Bill_Clinton,mask_face_oval,Michael_Schumacher,False,0.010871153324842453
./data/processed/test/Bill_Clinton/Bill_Clinton_0017.jpg,Bill_Clinton,mask_outside_face,Bill_Clinton,True,0.021774709224700928
./data/processed/test/Bill_Clinton/Bill_Clinton_0017.jpg,Bill_Clinton,dark,Bill_Clinton,True,0.022963518276810646
./data/processed/test/Bill_Clinton/Bill_Clinton_0017.jpg,Bill_Clinton,bright,Bill_Clinton,True,0.022971635684370995
./data/processed/test/Bill_Clinton/Bill_Clinton_0023.jpg,Bill_Clinton,original,Bill_Clinton,True,0.022866953164339066
./data/processed/test/Bill_Clinton/Bill_Clinton_0023.jpg,Bill_Clinton,mask_eyes,Bill_Clinton,True,0.02282780222594738
./data/processed/test/Bill_Clinton/Bill_Clinton_0023.jpg,Bill_Clinton,mask_nose,Bill_Clinton,True,0.022921381518244743
./data/processed/test/Bill_Clinton/Bill_Clinton_0023.jpg,Bill_Clinton,mask_mouth,Bill_Clinton,True,0.02286374568939209
./data/processed/test/Bill_Clinton/Bill_Clinton_0023.jpg,Bill_Clinton,mask_face_oval,Bill_Clinton,True,0.009672925807535648
./data/processed/test/Bill_Clinton/Bill_Clinton_0023.jpg,Bill_Clinton,mask_outside_face,Bill_Clinton,True,0.022413717582821846
./data/processed/test/Bill_Clinton/Bill_Clinton_0023.jpg,Bill_Clinton,dark,Bill_Clinton,True,0.02286474220454693
./data/processed/test/Bill_Clinton/Bill_Clinton_0023.jpg,Bill_Clinton,bright,Bill_Clinton,True,0.022840887308120728
./data/processed/test/Bill_Clinton/Bill_Clinton_0028.jpg,Bill_Clinton,original,Bill_Clinton,True,0.022874491289258003
./data/processed/test/Bill_Clinton/Bill_Clinton_0028.jpg,Bill_Clinton,mask_eyes,Bill_Clinton,True,0.02279653400182724
./data/processed/test/Bill_Clinton/Bill_Clinton_0028.jpg,Bill_Clinton,mask_nose,Bill_Clinton,True,0.022803278639912605
./data/processed/test/Bill_Clinton/Bill_Clinton_0028.jpg,Bill_Clinton,mask_mouth,Bill_Clinton,True,0.022863609716296196
./data/processed/test/Bill_Clinton/Bill_Clinton_0028.jpg,Bill_Clinton,mask_face_oval,Bill_Clinton,True,0.011509834788739681
./data/processed/test/Bill_Clinton/Bill_Clinton_0028.jpg,Bill_Clinton,mask_outside_face,Bill_Clinton,True,0.017310654744505882
./data/processed/test/Bill_Clinton/Bill_Clinton_0028.jpg,Bill_Clinton,dark,Bill_Clinton,True,0.02284066006541252
./data/processed/test/Bill_Clinton/Bill_Clinton_0028.jpg,Bill_Clinton,bright,Bill_Clinton,True,0.022855667397379875
./data/processed/test/Bill_Gates/Bill_Gates_0001.jpg,Bill_Gates,original,Bill_Gates,True,0.015759490430355072
./data/processed/test/Bill_Gates/Bill_Gates_0001.jpg,Bill_Gates,mask_eyes,Bill_Gates,True,0.015660539269447327
./data/processed/test/Bill_Gates/Bill_Gates_0001.jpg,Bill_Gates,mask_nose,Bill_Gates,True,0.015315042808651924
./data/processed/test/Bill_Gates/Bill_Gates_0001.jpg,Bill_Gates,mask_mouth,Bill_Gates,True,0.01573002338409424
./data/processed/test/Bill_Gates/Bill_Gates_0001.jpg,Bill_Gates,mask_face_oval,Lance_Armstrong,False,0.010782676748931408
./data/processed/test/Bill_Gates/Bill_Gates_0001.jpg,Bill_Gates,mask_outside_face,Bill_Gates,True,0.013157371431589127
./data/processed/test/Bill_Gates/Bill_Gates_0001.jpg,Bill_Gates,dark,Bill_Gates,True,0.015647435560822487
./data/processed/test/Bill_Gates/Bill_Gates_0001.jpg,Bill_Gates,bright,Bill_Gates,True,0.015180641785264015
./data/processed/test/Bill_Gates/Bill_Gates_0002.jpg,Bill_Gates,original,Bill_Gates,True,0.015561680309474468
./data/processed/test/Bill_Gates/Bill_Gates_0002.jpg,Bill_Gates,mask_eyes,Bill_Gates,True,0.015211733989417553
./data/processed/test/Bill_Gates/Bill_Gates_0002.jpg,Bill_Gates,mask_nose,Bill_Gates,True,0.015055571682751179
./data/processed/test/Bill_Gates/Bill_Gates_0002.jpg,Bill_Gates,mask_mouth,Bill_Gates,True,0.015607062727212906
./data/processed/test/Bill_Gates/Bill_Gates_0002.jpg,Bill_Gates,mask_face_oval,Hugo_Chavez,False,0.011649113148450851
./data/processed/test/Bill_Gates/Bill_Gates_0002.jpg,Bill_Gates,mask_outside_face,Donald_Rumsfeld,False,0.015758560970425606
./data/processed/test/Bill_Gates/Bill_Gates_0002.jpg,Bill_Gates,dark,Bill_Gates,True,0.01555944699794054
./data/processed/test/Bill_Gates/Bill_Gates_0002.jpg,Bill_Gates,bright,Bill_Gates,True,0.015394195914268494
./data/processed/test/Bill_Gates/Bill_Gates_0006.jpg,Bill_Gates,original,Bill_Gates,True,0.014488834887742996
./data/processed/test/Bill_Gates/Bill_Gates_0006.jpg,Bill_Gates,mask_eyes,Bill_Gates,True,0.014040428213775158
./data/processed/test/Bill_Gates/Bill_Gates_0006.jpg,Bill_Gates,mask_nose,Bill_Gates,True,0.014268489554524422
./data/processed/test/Bill_Gates/Bill_Gates_0006.jpg,Bill_Gates,mask_mouth,Bill_Gates,True,0.014599951915442944
./data/processed/test/Bill_Gates/Bill_Gates_0006.jpg,Bill_Gates,mask_face_oval,Tony_Blair,False,0.009634128771722317
./data/processed/test/Bill_Gates/Bill_Gates_0006.jpg,Bill_Gates,mask_outside_face,Bill_Gates,True,0.013599647209048271
./data/processed/test/Bill_Gates/Bill_Gates_0006.jpg,Bill_Gates,dark,Bill_Gates,True,0.014615367166697979
./data/processed/test/Bill_Gates/Bill_Gates_0006.jpg,Bill_Gates,bright,Bill_Gates,True,0.01407681219279766
./data/processed/test/Bill_Gates/Bill_Gates_0016.jpg,Bill_Gates,original,Bill_Gates,True,0.015790902078151703
./data/processed/test/Bill_Gates/Bill_Gates_0016.jpg,Bill_Gates,mask_eyes,Bill_Gates,True,0.015456074848771095
./data/processed/test/Bill_Gates/Bill_Gates_0016.jpg,Bill_Gates,mask_nose,Bill_Gates,True,0.01551422756165266
./data/processed/test/Bill_Gates/Bill_Gates_0016.jpg,Bill_Gates,mask_mouth,Bill_Gates,True,0.015772663056850433
./data/processed/test/Bill_Gates/Bill_Gates_0016.jpg,Bill_Gates,mask_face_oval,Jiang_Zemin,False,0.011352809146046638
./data/processed/test/Bill_Gates/Bill_Gates_0016.jpg,Bill_Gates,mask_outside_face,Bill_Gates,True,0.013143857009708881
./data/processed/test/Bill_Gates/Bill_Gates_0016.jpg,Bill_Gates,dark,Bill_Gates,True,0.015466266311705112
./data/processed/test/Bill_Gates/Bill_Gates_0016.jpg,Bill_Gates,bright,Bill_Gates,True,0.015821807086467743
./data/processed/test/Bill_McBride/Bill_McBride_0002.jpg,Bill_McBride,original,Gerhard_Schroeder,False,0.013797705993056297
./data/processed/test/Bill_McBride/Bill_McBride_0002.jpg,Bill_McBride,mask_eyes,Gerhard_Schroeder,False,0.012906496413052082
./data/processed/test/Bill_McBride/Bill_McBride_0002.jpg,Bill_McBride,mask_nose,Gerhard_Schroeder,False,0.012215100228786469
./data/processed/test/Bill_McBride/Bill_McBride_0002.jpg,Bill_McBride,mask_mouth,Gerhard_Schroeder,False,0.015050245448946953
./data/processed/test/Bill_McBride/Bill_McBride_0002.jpg,Bill_McBride,mask_face_oval,Michael_Schumacher,False,0.010247205384075642
./data/processed/test/Bill_McBride/Bill_McBride_0002.jpg,Bill_McBride,mask_outside_face,Jeremy_Greenstock,False,0.011640978045761585
./data/processed/test/Bill_McBride/Bill_McBride_0002.jpg,Bill_McBride,dark,Gerhard_Schroeder,False,0.012385154142975807
./data/processed/test/Bill_McBride/Bill_McBride_0002.jpg,Bill_McBride,bright,Gerhard_Schroeder,False,0.017171427607536316
./data/processed/test/Bill_McBride/Bill_McBride_0009.jpg,Bill_McBride,original,Tom_Ridge,False,0.013391074724495411
./data/processed/test/Bill_McBride/Bill_McBride_0009.jpg,Bill_McBride,mask_eyes,Tom_Ridge,False,0.015336092561483383
./data/processed/test/Bill_McBride/Bill_McBride_0009.jpg,Bill_McBride,mask_nose,George_W_Bush,False,0.04598962515592575
./data/processed/test/Bill_McBride/Bill_McBride_0009.jpg,Bill_McBride,mask_mouth,George_W_Bush,False,0.014213776215910912
./data/processed/test/Bill_McBride/Bill_McBride_0009.jpg,Bill_McBride,mask_face_oval,Jose_Maria_Aznar,False,0.009942233562469482
./data/processed/test/Bill_McBride/Bill_McBride_0009.jpg,Bill_McBride,mask_outside_face,John_Howard,False,0.010284881107509136
./data/processed/test/Bill_McBride/Bill_McBride_0009.jpg,Bill_McBride,dark,Tom_Ridge,False,0.011056543327867985
./data/processed/test/Bill_McBride/Bill_McBride_0009.jpg,Bill_McBride,bright,Tom_Ridge,False,0.014563205651938915
./data/processed/test/Bill_Simon/Bill_Simon_0001.jpg,Bill_Simon,original,Bill_Simon,True,0.012923753820359707
./data/processed/test/Bill_Simon/Bill_Simon_0001.jpg,Bill_Simon,mask_eyes,Bill_Simon,True,0.012709948234260082
./data/processed/test/Bill_Simon/Bill_Simon_0001.jpg,Bill_Simon,mask_nose,Bill_Simon,True,0.01249517872929573
./data/processed/test/Bill_Simon/Bill_Simon_0001.jpg,Bill_Simon,mask_mouth,Bill_Simon,True,0.012866885401308537
./data/processed/test/Bill_Simon/Bill_Simon_0001.jpg,Bill_Simon,mask_face_oval,George_Robertson,False,0.00940399244427681
./data/processed/test/Bill_Simon/Bill_Simon_0001.jpg,Bill_Simon,mask_outside_face,John_Howard,False,0.01086700614541769
./data/processed/test/Bill_Simon/Bill_Simon_0001.jpg,Bill_Simon,dark,Bill_Simon,True,0.013092214241623878
./data/processed/test/Bill_Simon/Bill_Simon_0001.jpg,Bill_Simon,bright,Bill_Simon,True,0.012816064991056919
./data/processed/test/Bill_Simon/Bill_Simon_0010.jpg,Bill_Simon,original,Bill_Simon,True,0.013005887158215046
./data/processed/test/Bill_Simon/Bill_Simon_0010.jpg,Bill_Simon,mask_eyes,Bill_Simon,True,0.012782152742147446
./data/processed/test/Bill_Simon/Bill_Simon_0010.jpg,Bill_Simon,mask_nose,Bill_Simon,True,0.012681124731898308
./data/processed/test/Bill_Simon/Bill_Simon_0010.jpg,Bill_Simon,mask_mouth,Bill_Simon,True,0.01306189876049757
./data/processed/test/Bill_Simon/Bill_Simon_0010.jpg,Bill_Simon,mask_face_oval,Lance_Armstrong,False,0.009619043208658695
./data/processed/test/Bill_Simon/Bill_Simon_0010.jpg,Bill_Simon,mask_outside_face,Bill_Simon,True,0.010060013271868229
./data/processed/test/Bill_Simon/Bill_Simon_0010.jpg,Bill_Simon,dark,Bill_Simon,True,0.013054714538156986
./data/processed/test/Bill_Simon/Bill_Simon_0010.jpg,Bill_Simon,bright,Bill_Simon,True,0.012807376682758331
./data/processed/test/Bill_Simon/Bill_Simon_0012.jpg,Bill_Simon,original,Bill_Simon,True,0.013124823570251465
./data/processed/test/Bill_Simon/Bill_Simon_0012.jpg,Bill_Simon,mask_eyes,Bill_Simon,True,0.013158896006643772
./data/processed/test/Bill_Simon/Bill_Simon_0012.jpg,Bill_Simon,mask_nose,Bill_Simon,True,0.013060817494988441
./data/processed/test/Bill_Simon/Bill_Simon_0012.jpg,Bill_Simon,mask_mouth,Bill_Simon,True,0.013119545765221119
./data/processed/test/Bill_Simon/Bill_Simon_0012.jpg,Bill_Simon,mask_face_oval,Gerhard_Schroeder,False,0.010846192017197609
./data/processed/test/Bill_Simon/Bill_Simon_0012.jpg,Bill_Simon,mask_outside_face,Michael_Bloomberg,False,0.01117826346307993
./data/processed/test/Bill_Simon/Bill_Simon_0012.jpg,Bill_Simon,dark,Bill_Simon,True,0.013124730437994003
./data/processed/test/Bill_Simon/Bill_Simon_0012.jpg,Bill_Simon,bright,Bill_Simon,True,0.013101359829306602
./data/processed/test/Britney_Spears/Britney_Spears_0001.jpg,Britney_Spears,original,Naomi_Watts,False,0.01194071862846613
./data/processed/test/Britney_Spears/Britney_Spears_0001.jpg,Britney_Spears,mask_eyes,Naomi_Watts,False,0.01149514690041542
./data/processed/test/Britney_Spears/Britney_Spears_0001.jpg,Britney_Spears,mask_nose,Naomi_Watts,False,0.012050436809659004
./data/processed/test/Britney_Spears/Britney_Spears_0001.jpg,Britney_Spears,mask_mouth,Naomi_Watts,False,0.011745617724955082
./data/processed/test/Britney_Spears/Britney_Spears_0001.jpg,Britney_Spears,mask_face_oval,Jennifer_Aniston,False,0.009068703278899193
./data/processed/test/Britney_Spears/Britney_Spears_0001.jpg,Britney_Spears,mask_outside_face,Britney_Spears,True,0.010905235074460506
./data/processed/test/Britney_Spears/Britney_Spears_0001.jpg,Britney_Spears,dark,Naomi_Watts,False,0.01177277509123087
./data/processed/test/Britney_Spears/Britney_Spears_0001.jpg,Britney_Spears,bright,Naomi_Watts,False,0.012032457627356052
./data/processed/test/Britney_Spears/Britney_Spears_0010.jpg,Britney_Spears,original,Naomi_Watts,False,0.014097874984145164
./data/processed/test/Britney_Spears/Britney_Spears_0010.jpg,Britney_Spears,mask_eyes,Naomi_Watts,False,0.014585306867957115
./data/processed/test/Britney_Spears/Britney_Spears_0010.jpg,Britney_Spears,mask_nose,Naomi_Watts,False,0.01443534716963768
./data/processed/test/Britney_Spears/Britney_Spears_0010.jpg,Britney_Spears,mask_mouth,Naomi_Watts,False,0.013636291027069092
./data/processed/test/Britney_Spears/Britney_Spears_0010.jpg,Britney_Spears,mask_face_oval,Naomi_Watts,False,0.009183957241475582
./data/processed/test/Britney_Spears/Britney_Spears_0010.jpg,Britney_Spears,mask_outside_face,Britney_Spears,True,0.010412600822746754
./data/processed/test/Britney_Spears/Britney_Spears_0010.jpg,Britney_Spears,dark,Naomi_Watts,False,0.013303937390446663
./data/processed/test/Britney_Spears/Britney_Spears_0010.jpg,Britney_Spears,bright,Naomi_Watts,False,0.014638169668614864
./data/processed/test/Britney_Spears/Britney_Spears_0012.jpg,Britney_Spears,original,Naomi_Watts,False,0.015427622012794018
./data/processed/test/Britney_Spears/Britney_Spears_0012.jpg,Britney_Spears,mask_eyes,Naomi_Watts,False,0.016357259824872017
./data/processed/test/Britney_Spears/Britney_Spears_0012.jpg,Britney_Spears,mask_nose,Naomi_Watts,False,0.01592467725276947
./data/processed/test/Britney_Spears/Britney_Spears_0012.jpg,Britney_Spears,mask_mouth,Naomi_Watts,False,0.014505819417536259
./data/processed/test/Britney_Spears/Britney_Spears_0012.jpg,Britney_Spears,mask_face_oval,Naomi_Watts,False,0.01029967237263918
./data/processed/test/Britney_Spears/Britney_Spears_0012.jpg,Britney_Spears,mask_outside_face,Britney_Spears,True,0.00992604624480009
./data/processed/test/Britney_Spears/Britney_Spears_0012.jpg,Britney_Spears,dark,Naomi_Watts,False,0.014699457213282585
./data/processed/test/Britney_Spears/Britney_Spears_0012.jpg,Britney_Spears,bright,Naomi_Watts,False,0.01485768798738718
./data/processed/test/Carlos_Menem/Carlos_Menem_0001.jpg,Carlos_Menem,original,Carlos_Menem,True,0.016918258741497993
./data/processed/test/Carlos_Menem/Carlos_Menem_0001.jpg,Carlos_Menem,mask_eyes,Carlos_Menem,True,0.016606749966740608
./data/processed/test/Carlos_Menem/Carlos_Menem_0001.jpg,Carlos_Menem,mask_nose,Carlos_Menem,True,0.016789639368653297
./data/processed/test/Carlos_Menem/Carlos_Menem_0001.jpg,Carlos_Menem,mask_mouth,Carlos_Menem,True,0.01696147210896015
./data/processed/test/Carlos_Menem/Carlos_Menem_0001.jpg,Carlos_Menem,mask_face_oval,Arnold_Schwarzenegger,False,0.012125280685722828
./data/processed/test/Carlos_Menem/Carlos_Menem_0001.jpg,Carlos_Menem,mask_outside_face,Carlos_Menem,True,0.014575084671378136
./data/processed/test/Carlos_Menem/Carlos_Menem_0001.jpg,Carlos_Menem,dark,Carlos_Menem,True,0.016815612092614174
./data/processed/test/Carlos_Menem/Carlos_Menem_0001.jpg,Carlos_Menem,bright,Carlos_Menem,True,0.016700411215424538
./data/processed/test/Carlos_Menem/Carlos_Menem_0002.jpg,Carlos_Menem,original,Carlos_Menem,True,0.017229510471224785
./data/processed/test/Carlos_Menem/Carlos_Menem_0002.jpg,Carlos_Menem,mask_eyes,Carlos_Menem,True,0.017131568863987923
./data/processed/test/Carlos_Menem/Carlos_Menem_0002.jpg,Carlos_Menem,mask_nose,Carlos_Menem,True,0.017262225970625877
./data/processed/test/Carlos_Menem/Carlos_Menem_0002.jpg,Carlos_Menem,mask_mouth,Carlos_Menem,True,0.017221977934241295
./data/processed/test/Carlos_Menem/Carlos_Menem_0002.jpg,Carlos_Menem,mask_face_oval,Hugo_Chavez,False,0.011202091351151466
./data/processed/test/Carlos_Menem/Carlos_Menem_0002.jpg,Carlos_Menem,mask_outside_face,Carlos_Menem,True,0.015579547733068466
./data/processed/test/Carlos_Menem/Carlos_Menem_0002.jpg,Carlos_Menem,dark,Carlos_Menem,True,0.0172374676913023
./data/processed/test/Carlos_Menem/Carlos_Menem_0002.jpg,Carlos_Menem,bright,Carlos_Menem,True,0.017258211970329285
./data/processed/test/Carlos_Menem/Carlos_Menem_0009.jpg,Carlos_Menem,original,Carlos_Menem,True,0.016797054558992386
./data/processed/test/Carlos_Menem/Carlos_Menem_0009.jpg,Carlos_Menem,mask_eyes,Carlos_Menem,True,0.01624254509806633
./data/processed/test/Carlos_Menem/Carlos_Menem_0009.jpg,Carlos_Menem,mask_nose,Carlos_Menem,True,0.015371907502412796
./data/processed/test/Carlos_Menem/Carlos_Menem_0009.jpg,Carlos_Menem,mask_mouth,Carlos_Menem,True,0.016784895211458206
./data/processed/test/Carlos_Menem/Carlos_Menem_0009.jpg,Carlos_Menem,mask_face_oval,Arnold_Schwarzenegger,False,0.011361002922058105
./data/processed/test/Carlos_Menem/Carlos_Menem_0009.jpg,Carlos_Menem,mask_outside_face,Carlos_Menem,True,0.01201988197863102
./data/processed/test/Carlos_Menem/Carlos_Menem_0009.jpg,Carlos_Menem,dark,Carlos_Menem,True,0.01671833172440529
./data/processed/test/Carlos_Menem/Carlos_Menem_0009.jpg,Carlos_Menem,bright,Carlos_Menem,True,0.016390860080718994
./data/processed/test/Carlos_Menem/Carlos_Menem_0016.jpg,Carlos_Menem,original,Carlos_Menem,True,0.016900982707738876
./data/processed/test/Carlos_Menem/Carlos_Menem_0016.jpg,Carlos_Menem,mask_eyes,Carlos_Menem,True,0.01671743392944336
./data/processed/test/Carlos_Menem/Carlos_Menem_0016.jpg,Carlos_Menem,mask_nose,Carlos_Menem,True,0.01690720021724701
./data/processed/test/Carlos_Menem/Carlos_Menem_0016.jpg,Carlos_Menem,mask_mouth,Carlos_Menem,True,0.016986852511763573
./data/processed/test/Carlos_Menem/Carlos_Menem_0016.jpg,Carlos_Menem,mask_face_oval,Jiang_Zemin,False,0.011129818856716156
./data/processed/test/Carlos_Menem/Carlos_Menem_0016.jpg,Carlos_Menem,mask_outside_face,Carlos_Menem,True,0.01359062921255827
./data/processed/test/Carlos_Menem/Carlos_Menem_0016.jpg,Carlos_Menem,dark,Carlos_Menem,True,0.01688203401863575
./data/processed/test/Carlos_Menem/Carlos_Menem_0016.jpg,Carlos_Menem,bright,Carlos_Menem,True,0.016419479623436928
./data/processed/test/Carlos_Menem/Carlos_Menem_0018.jpg,Carlos_Menem,original,Carlos_Menem,True,0.016262490302324295
./data/processed/test/Carlos_Menem/Carlos_Menem_0018.jpg,Carlos_Menem,mask_eyes,Carlos_Menem,True,0.015988485887646675
./data/processed/test/Carlos_Menem/Carlos_Menem_0018.jpg,Carlos_Menem,mask_nose,Carlos_Menem,True,0.015537538565695286
./data/processed/test/Carlos_Menem/Carlos_Menem_0018.jpg,Carlos_Menem,mask_mouth,Carlos_Menem,True,0.016210993751883507
./data/processed/test/Carlos_Menem/Carlos_Menem_0018.jpg,Carlos_Menem,mask_face_oval,Hugo_Chavez,False,0.010934189893305302
./data/processed/test/Carlos_Menem/Carlos_Menem_0018.jpg,Carlos_Menem,mask_outside_face,Carlos_Menem,True,0.015009923838078976
./data/processed/test/Carlos_Menem/Carlos_Menem_0018.jpg,Carlos_Menem,dark,Carlos_Menem,True,0.016589641571044922
./data/processed/test/Carlos_Menem/Carlos_Menem_0018.jpg,Carlos_Menem,bright,Carlos_Menem,True,0.016044985502958298
./data/processed/test/Carlos_Moya/Carlos_Moya_0001.jpg,Carlos_Moya,original,Carlos_Moya,True,0.01628885790705681
./data/processed/test/Carlos_Moya/Carlos_Moya_0001.jpg,Carlos_Moya,mask_eyes,Arnold_Schwarzenegger,False,0.014923728071153164
./data/processed/test/Carlos_Moya/Carlos_Moya_0001.jpg,Carlos_Moya,mask_nose,Carlos_Moya,True,0.016049489378929138
./data/processed/test/Carlos_Moya/Carlos_Moya_0001.jpg,Carlos_Moya,mask_mouth,Carlos_Moya,True,0.01622535102069378
./data/processed/test/Carlos_Moya/Carlos_Moya_0001.jpg,Carlos_Moya,mask_face_oval,Michael_Schumacher,False,0.009835523553192616
./data/processed/test/Carlos_Moya/Carlos_Moya_0001.jpg,Carlos_Moya,mask_outside_face,Carlos_Moya,True,0.015671255066990852
./data/processed/test/Carlos_Moya/Carlos_Moya_0001.jpg,Carlos_Moya,dark,Carlos_Moya,True,0.016379155218601227
./data/processed/test/Carlos_Moya/Carlos_Moya_0001.jpg,Carlos_Moya,bright,Carlos_Moya,True,0.016222767531871796
./data/processed/test/Carlos_Moya/Carlos_Moya_0002.jpg,Carlos_Moya,original,Carlos_Moya,True,0.01715930551290512
./data/processed/test/Carlos_Moya/Carlos_Moya_0002.jpg,Carlos_Moya,mask_eyes,Carlos_Moya,True,0.01675800420343876
./data/processed/test/Carlos_Moya/Carlos_Moya_0002.jpg,Carlos_Moya,mask_nose,Carlos_Moya,True,0.01715371012687683
./data/processed/test/Carlos_Moya/Carlos_Moya_0002.jpg,Carlos_Moya,mask_mouth,Carlos_Moya,True,0.01709107868373394
./data/processed/test/Carlos_Moya/Carlos_Moya_0002.jpg,Carlos_Moya,mask_face_oval,Hugo_Chavez,False,0.009822060354053974
./data/processed/test/Carlos_Moya/Carlos_Moya_0002.jpg,Carlos_Moya,mask_outside_face,Carlos_Moya,True,0.015571809373795986
./data/processed/test/Carlos_Moya/Carlos_Moya_0002.jpg,Carlos_Moya,dark,Carlos_Moya,True,0.01687447726726532
./data/processed/test/Carlos_Moya/Carlos_Moya_0002.jpg,Carlos_Moya,bright,Carlos_Moya,True,0.0170896053314209
./data/processed/test/Carlos_Moya/Carlos_Moya_0006.jpg,Carlos_Moya,original,Carlos_Moya,True,0.01477537676692009
./data/processed/test/Carlos_Moya/Carlos_Moya_0006.jpg,Carlos_Moya,mask_eyes,Lleyton_Hewitt,False,0.018947510048747063
./data/processed/test/Carlos_Moya/Carlos_Moya_0006.jpg,Carlos_Moya,mask_nose,Carlos_Moya,True,0.01485320832580328
./data/processed/test/Carlos_Moya/Carlos_Moya_0006.jpg,Carlos_Moya,mask_mouth,Carlos_Moya,True,0.013974647969007492
./data/processed/test/Carlos_Moya/Carlos_Moya_0006.jpg,Carlos_Moya,mask_face_oval,Hugo_Chavez,False,0.011608841829001904
./data/processed/test/Carlos_Moya/Carlos_Moya_0006.jpg,Carlos_Moya,mask_outside_face,Andre_Agassi,False,0.014704674482345581
./data/processed/test/Carlos_Moya/Carlos_Moya_0006.jpg,Carlos_Moya,dark,Carlos_Moya,True,0.014399104751646519
./data/processed/test/Carlos_Moya/Carlos_Moya_0006.jpg,Carlos_Moya,bright,Carlos_Moya,True,0.014268416911363602
./data/processed/test/Carlos_Moya/Carlos_Moya_0012.jpg,Carlos_Moya,original,Carlos_Moya,True,0.016823910176753998
./data/processed/test/Carlos_Moya/Carlos_Moya_0012.jpg,Carlos_Moya,mask_eyes,Carlos_Moya,True,0.015362609177827835
./data/processed/test/Carlos_Moya/Carlos_Moya_0012.jpg,Carlos_Moya,mask_nose,Carlos_Moya,True,0.0163764338940382
./data/processed/test/Carlos_Moya/Carlos_Moya_0012.jpg,Carlos_Moya,mask_mouth,Carlos_Moya,True,0.016772709786891937
./data/processed/test/Carlos_Moya/Carlos_Moya_0012.jpg,Carlos_Moya,mask_face_oval,Laura_Bush,False,0.009794804267585278
./data/processed/test/Carlos_Moya/Carlos_Moya_0012.jpg,Carlos_Moya,mask_outside_face,Carlos_Moya,True,0.016760265454649925
./data/processed/test/Carlos_Moya/Carlos_Moya_0012.jpg,Carlos_Moya,dark,Carlos_Moya,True,0.016699040308594704
./data/processed/test/Carlos_Moya/Carlos_Moya_0012.jpg,Carlos_Moya,bright,Carlos_Moya,True,0.01688610203564167
./data/processed/test/Catherine_Zeta-Jones/Catherine_Zeta-Jones_0001.jpg,Catherine_Zeta-Jones,original,Angelina_Jolie,False,0.01141143124550581
./data/processed/test/Catherine_Zeta-Jones/Catherine_Zeta-Jones_0001.jpg,Catherine_Zeta-Jones,mask_eyes,Angelina_Jolie,False,0.012471359223127365
./data/processed/test/Catherine_Zeta-Jones/Catherine_Zeta-Jones_0001.jpg,Catherine_Zeta-Jones,mask_nose,Angelina_Jolie,False,0.011566892266273499
./data/processed/test/Catherine_Zeta-Jones/Catherine_Zeta-Jones_0001.jpg,Catherine_Zeta-Jones,mask_mouth,Angelina_Jolie,False,0.011733557097613811
./data/processed/test/Catherine_Zeta-Jones/Catherine_Zeta-Jones_0001.jpg,Catherine_Zeta-Jones,mask_face_oval,Alejandro_Toledo,False,0.009894016198813915
./data/processed/test/Catherine_Zeta-Jones/Catherine_Zeta-Jones_0001.jpg,Catherine_Zeta-Jones,mask_outside_face,Julianne_Moore,False,0.010966875590384007
./data/processed/test/Catherine_Zeta-Jones/Catherine_Zeta-Jones_0001.jpg,Catherine_Zeta-Jones,dark,Julianne_Moore,False,0.011387051083147526
./data/processed/test/Catherine_Zeta-Jones/Catherine_Zeta-Jones_0001.jpg,Catherine_Zeta-Jones,bright,Angelina_Jolie,False,0.01201947033405304
./data/processed/test/Catherine_Zeta-Jones/Catherine_Zeta-Jones_0006.jpg,Catherine_Zeta-Jones,original,Renee_Zellweger,False,0.010806425474584103
./data/processed/test/Catherine_Zeta-Jones/Catherine_Zeta-Jones_0006.jpg,Catherine_Zeta-Jones,mask_eyes,Jennifer_Aniston,False,0.011529525741934776
./data/processed/test/Catherine_Zeta-Jones/Catherine_Zeta-Jones_0006.jpg,Catherine_Zeta-Jones,mask_nose,Megawati_Sukarnoputri,False,0.01097260881215334
./data/processed/test/Catherine_Zeta-Jones/Catherine_Zeta-Jones_0006.jpg,Catherine_Zeta-Jones,mask_mouth,Angelina_Jolie,False,0.011198646388947964
./data/processed/test/Catherine_Zeta-Jones/Catherine_Zeta-Jones_0006.jpg,Catherine_Zeta-Jones,mask_face_oval,Arnold_Schwarzenegger,False,0.009891641326248646
./data/processed/test/Catherine_Zeta-Jones/Catherine_Zeta-Jones_0006.jpg,Catherine_Zeta-Jones,mask_outside_face,Nicole_Kidman,False,0.012041490525007248
./data/processed/test/Catherine_Zeta-Jones/Catherine_Zeta-Jones_0006.jpg,Catherine_Zeta-Jones,dark,Jennifer_Aniston,False,0.01101366151124239
./data/processed/test/Catherine_Zeta-Jones/Catherine_Zeta-Jones_0006.jpg,Catherine_Zeta-Jones,bright,Angelina_Jolie,False,0.011668842285871506
./data/processed/test/Catherine_Zeta-Jones/Catherine_Zeta-Jones_0010.jpg,Catherine_Zeta-Jones,original,Angelina_Jolie,False,0.011350049637258053
./data/processed/test/Catherine_Zeta-Jones/Catherine_Zeta-Jones_0010.jpg,Catherine_Zeta-Jones,mask_eyes,Angelina_Jolie,False,0.012115105986595154
./data/processed/test/Catherine_Zeta-Jones/Catherine_Zeta-Jones_0010.jpg,Catherine_Zeta-Jones,mask_nose,Winona_Ryder,False,0.01127659436315298
./data/processed/test/Catherine_Zeta-Jones/Catherine_Zeta-Jones_0010.jpg,Catherine_Zeta-Jones,mask_mouth,Angelina_Jolie,False,0.011570156551897526
./data/processed/test/Catherine_Zeta-Jones/Catherine_Zeta-Jones_0010.jpg,Catherine_Zeta-Jones,mask_face_oval,Arnold_Schwarzenegger,False,0.011287817731499672
./data/processed/test/Catherine_Zeta-Jones/Catherine_Zeta-Jones_0010.jpg,Catherine_Zeta-Jones,mask_outside_face,Meryl_Streep,False,0.010624398477375507
./data/processed/test/Catherine_Zeta-Jones/Catherine_Zeta-Jones_0010.jpg,Catherine_Zeta-Jones,dark,Angelina_Jolie,False,0.01149782631546259
./data/processed/test/Catherine_Zeta-Jones/Catherine_Zeta-Jones_0010.jpg,Catherine_Zeta-Jones,bright,Angelina_Jolie,False,0.011738135479390621
./data/processed/test/Charles_Moose/Charles_Moose_0001.jpg,Charles_Moose,original,Charles_Moose,True,0.01338040642440319
./data/processed/test/Charles_Moose/Charles_Moose_0001.jpg,Charles_Moose,mask_eyes,Charles_Moose,True,0.0133533775806427
./data/processed/test/Charles_Moose/Charles_Moose_0001.jpg,Charles_Moose,mask_nose,Hugo_Chavez,False,0.013290506787598133
./data/processed/test/Charles_Moose/Charles_Moose_0001.jpg,Charles_Moose,mask_mouth,Charles_Moose,True,0.01333568524569273
./data/processed/test/Charles_Moose/Charles_Moose_0001.jpg,Charles_Moose,mask_face_oval,Gerhard_Schroeder,False,0.01169110368937254
./data/processed/test/Charles_Moose/Charles_Moose_0001.jpg,Charles_Moose,mask_outside_face,Kofi_Annan,False,0.016391195356845856
./data/processed/test/Charles_Moose/Charles_Moose_0001.jpg,Charles_Moose,dark,Charles_Moose,True,0.01329352892935276
./data/processed/test/Charles_Moose/Charles_Moose_0001.jpg,Charles_Moose,bright,Charles_Moose,True,0.013265472836792469
./data/processed/test/Charles_Moose/Charles_Moose_0010.jpg,Charles_Moose,original,Charles_Moose,True,0.013388030230998993
./data/processed/test/Charles_Moose/Charles_Moose_0010.jpg,Charles_Moose,mask_eyes,Charles_Moose,True,0.012205185368657112
./data/processed/test/Charles_Moose/Charles_Moose_0010.jpg,Charles_Moose,mask_nose,Hugo_Chavez,False,0.011185177601873875
./data/processed/test/Charles_Moose/Charles_Moose_0010.jpg,Charles_Moose,mask_mouth,Charles_Moose,True,0.013463740237057209
./data/processed/test/Charles_Moose/Charles_Moose_0010.jpg,Charles_Moose,mask_face_oval,Hugo_Chavez,False,0.01038364227861166
./data/processed/test/Charles_Moose/Charles_Moose_0010.jpg,Charles_Moose,mask_outside_face,Serena_Williams,False,0.02080530859529972
./data/processed/test/Charles_Moose/Charles_Moose_0010.jpg,Charles_Moose,dark,Charles_Moose,True,0.013410384766757488
./data/processed/test/Charles_Moose/Charles_Moose_0010.jpg,Charles_Moose,bright,Charles_Moose,True,0.013297448866069317
./data/processed/test/Charles_Moose/Charles_Moose_0012.jpg,Charles_Moose,original,Charles_Moose,True,0.012662081979215145
./data/processed/test/Charles_Moose/Charles_Moose_0012.jpg,Charles_Moose,mask_eyes,Charles_Moose,True,0.012663859874010086
./data/processed/test/Charles_Moose/Charles_Moose_0012.jpg,Charles_Moose,mask_nose,Charles_Moose,True,0.010239219292998314
./data/processed/test/Charles_Moose/Charles_Moose_0012.jpg,Charles_Moose,mask_mouth,Charles_Moose,True,0.012639365158975124
./data/processed/test/Charles_Moose/Charles_Moose_0012.jpg,Charles_Moose,mask_face_oval,Hugo_Chavez,False,0.011932078748941422
./data/processed/test/Charles_Moose/Charles_Moose_0012.jpg,Charles_Moose,mask_outside_face,Kofi_Annan,False,0.014521440491080284
./data/processed/test/Charles_Moose/Charles_Moose_0012.jpg,Charles_Moose,dark,Charles_Moose,True,0.012625308707356453
./data/processed/test/Charles_Moose/Charles_Moose_0012.jpg,Charles_Moose,bright,Charles_Moose,True,0.012690559960901737
./data/processed/test/Colin_Powell/Colin_Powell_0010.jpg,Colin_Powell,original,Colin_Powell,True,0.1311519593000412
./data/processed/test/Colin_Powell/Colin_Powell_0010.jpg,Colin_Powell,mask_eyes,Colin_Powell,True,0.130980983376503
./data/processed/test/Colin_Powell/Colin_Powell_0010.jpg,Colin_Powell,mask_nose,Colin_Powell,True,0.1306142657995224
./data/processed/test/Colin_Powell/Colin_Powell_0010.jpg,Colin_Powell,mask_mouth,Colin_Powell,True,0.1311584711074829
./data/processed/test/Colin_Powell/Colin_Powell_0010.jpg,Colin_Powell,mask_face_oval,Hugo_Chavez,False,0.011412059888243675
./data/processed/test/Colin_Powell/Colin_Powell_0010.jpg,Colin_Powell,mask_outside_face,Colin_Powell,True,0.1309008151292801
./data/processed/test/Colin_Powell/Colin_Powell_0010.jpg,Colin_Powell,dark,Colin_Powell,True,0.13115625083446503
./data/processed/test/Colin_Powell/Colin_Powell_0010.jpg,Colin_Powell,bright,Colin_Powell,True,0.13119325041770935
./data/processed/test/Colin_Powell/Colin_Powell_0011.jpg,Colin_Powell,original,Colin_Powell,True,0.13127262890338898
./data/processed/test/Colin_Powell/Colin_Powell_0011.jpg,Colin_Powell,mask_eyes,Colin_Powell,True,0.13125652074813843
./data/processed/test/Colin_Powell/Colin_Powell_0011.jpg,Colin_Powell,mask_nose,Colin_Powell,True,0.13045452535152435
./data/processed/test/Colin_Powell/Colin_Powell_0011.jpg,Colin_Powell,mask_mouth,Colin_Powell,True,0.131279855966568
./data/processed/test/Colin_Powell/Colin_Powell_0011.jpg,Colin_Powell,mask_face_oval,Jiang_Zemin,False,0.009819931350648403
./data/processed/test/Colin_Powell/Colin_Powell_0011.jpg,Colin_Powell,mask_outside_face,Colin_Powell,True,0.13122865557670593
./data/processed/test/Colin_Powell/Colin_Powell_0011.jpg,Colin_Powell,dark,Colin_Powell,True,0.13128118216991425
./data/processed/test/Colin_Powell/Colin_Powell_0011.jpg,Colin_Powell,bright,Colin_Powell,True,0.13133670389652252
./data/processed/test/Colin_Powell/Colin_Powell_0016.jpg,Colin_Powell,original,Colin_Powell,True,0.13129468262195587
./data/processed/test/Colin_Powell/Colin_Powell_0016.jpg,Colin_Powell,mask_eyes,Colin_Powell,True,0.13133491575717926
./data/processed/test/Colin_Powell/Colin_Powell_0016.jpg,Colin_Powell,mask_nose,Colin_Powell,True,0.13144785165786743
./data/processed/test/Colin_Powell/Colin_Powell_0016.jpg,Colin_Powell,mask_mouth,Colin_Powell,True,0.1313125342130661
./data/processed/test/Colin_Powell/Colin_Powell_0016.jpg,Colin_Powell,mask_face_oval,Hugo_Chavez,False,0.010507237166166306
./data/processed/test/Colin_Powell/Colin_Powell_0016.jpg,Colin_Powell,mask_outside_face,Colin_Powell,True,0.13138721883296967
./data/processed/test/Colin_Powell/Colin_Powell_0016.jpg,Colin_Powell,dark,Colin_Powell,True,0.1313280463218689
./data/processed/test/Colin_Powell/Colin_Powell_0016.jpg,Colin_Powell,bright,Colin_Powell,True,0.13128900527954102
./data/processed/test/Colin_Powell/Colin_Powell_0017.jpg,Colin_Powell,original,Colin_Powell,True,0.13114243745803833
./data/processed/test/Colin_Powell/Colin_Powell_0017.jpg,Colin_Powell,mask_eyes,Colin_Powell,True,0.13114771246910095
./data/processed/test/Colin_Powell/Colin_Powell_0017.jpg,Colin_Powell,mask_nose,Colin_Powell,True,0.13125519454479218
./data/processed/test/Colin_Powell/Colin_Powell_0017.jpg,Colin_Powell,mask_mouth,Colin_Powell,True,0.13117964565753937
./data/processed/test/Colin_Powell/Colin_Powell_0017.jpg,Colin_Powell,mask_face_oval,Hugo_Chavez,False,0.010117010213434696
./data/processed/test/Colin_Powell/Colin_Powell_0017.jpg,Colin_Powell,mask_outside_face,Colin_Powell,True,0.13128937780857086
./data/processed/test/Colin_Powell/Colin_Powell_0017.jpg,Colin_Powell,dark,Colin_Powell,True,0.13117793202400208
./data/processed/test/Colin_Powell/Colin_Powell_0017.jpg,Colin_Powell,bright,Colin_Powell,True,0.13107575476169586
./data/processed/test/Colin_Powell/Colin_Powell_0019.jpg,Colin_Powell,original,Colin_Powell,True,0.13138575851917267
./data/processed/test/Colin_Powell/Colin_Powell_0019.jpg,Colin_Powell,mask_eyes,Colin_Powell,True,0.13132816553115845
./data/processed/test/Colin_Powell/Colin_Powell_0019.jpg,Colin_Powell,mask_nose,Colin_Powell,True,0.13061660528182983
./data/processed/test/Colin_Powell/Colin_Powell_0019.jpg,Colin_Powell,mask_mouth,Colin_Powell,True,0.13140642642974854
./data/processed/test/Colin_Powell/Colin_Powell_0019.jpg,Colin_Powell,mask_face_oval,Jiang_Zemin,False,0.009725683368742466
./data/processed/test/Colin_Powell/Colin_Powell_0019.jpg,Colin_Powell,mask_outside_face,Colin_Powell,True,0.13122975826263428
./data/processed/test/Colin_Powell/Colin_Powell_0019.jpg,Colin_Powell,dark,Colin_Powell,True,0.13134585320949554
./data/processed/test/Colin_Powell/Colin_Powell_0019.jpg,Colin_Powell,bright,Colin_Powell,True,0.13143886625766754
./data/processed/test/Colin_Powell/Colin_Powell_0020.jpg,Colin_Powell,original,Colin_Powell,True,0.13121914863586426
./data/processed/test/Colin_Powell/Colin_Powell_0020.jpg,Colin_Powell,mask_eyes,Colin_Powell,True,0.13114739954471588
./data/processed/test/Colin_Powell/Colin_Powell_0020.jpg,Colin_Powell,mask_nose,Colin_Powell,True,0.1312246024608612
./data/processed/test/Colin_Powell/Colin_Powell_0020.jpg,Colin_Powell,mask_mouth,Colin_Powell,True,0.1312769651412964
./data/processed/test/Colin_Powell/Colin_Powell_0020.jpg,Colin_Powell,mask_face_oval,Colin_Powell,True,0.012794884853065014
./data/processed/test/Colin_Powell/Colin_Powell_0020.jpg,Colin_Powell,mask_outside_face,Colin_Powell,True,0.13133887946605682
./data/processed/test/Colin_Powell/Colin_Powell_0020.jpg,Colin_Powell,dark,Colin_Powell,True,0.13128578662872314
./data/processed/test/Colin_Powell/Colin_Powell_0020.jpg,Colin_Powell,bright,Colin_Powell,True,0.1312166154384613
./data/processed/test/Colin_Powell/Colin_Powell_0025.jpg,Colin_Powell,original,Colin_Powell,True,0.13129296898841858
./data/processed/test/Colin_Powell/Colin_Powell_0025.jpg,Colin_Powell,mask_eyes,Colin_Powell,True,0.13116143643856049
./data/processed/test/Colin_Powell/Colin_Powell_0025.jpg,Colin_Powell,mask_nose,Colin_Powell,True,0.13122494518756866
./data/processed/test/Colin_Powell/Colin_Powell_0025.jpg,Colin_Powell,mask_mouth,Colin_Powell,True,0.1313672810792923
./data/processed/test/Colin_Powell/Colin_Powell_0025.jpg,Colin_Powell,mask_face_oval,Jiang_Zemin,False,0.00965764932334423
./data/processed/test/Colin_Powell/Colin_Powell_0025.jpg,Colin_Powell,mask_outside_face,Colin_Powell,True,0.13136309385299683
./data/processed/test/Colin_Powell/Colin_Powell_0025.jpg,Colin_Powell,dark,Colin_Powell,True,0.131266251206398
./data/processed/test/Colin_Powell/Colin_Powell_0025.jpg,Colin_Powell,bright,Colin_Powell,True,0.1312750279903412
./data/processed/test/Colin_Powell/Colin_Powell_0026.jpg,Colin_Powell,original,Colin_Powell,True,0.13107354938983917
./data/processed/test/Colin_Powell/Colin_Powell_0026.jpg,Colin_Powell,mask_eyes,Colin_Powell,True,0.13102740049362183
./data/processed/test/Colin_Powell/Colin_Powell_0026.jpg,Colin_Powell,mask_nose,Colin_Powell,True,0.13141629099845886
./data/processed/test/Colin_Powell/Colin_Powell_0026.jpg,Colin_Powell,mask_mouth,Colin_Powell,True,0.13108213245868683
./data/processed/test/Colin_Powell/Colin_Powell_0026.jpg,Colin_Powell,mask_face_oval,Michael_Schumacher,False,0.009490277618169785
./data/processed/test/Colin_Powell/Colin_Powell_0026.jpg,Colin_Powell,mask_outside_face,Colin_Powell,True,0.131291002035141
./data/processed/test/Colin_Powell/Colin_Powell_0026.jpg,Colin_Powell,dark,Colin_Powell,True,0.1311386376619339
./data/processed/test/Colin_Powell/Colin_Powell_0026.jpg,Colin_Powell,bright,Colin_Powell,True,0.13108272850513458
./data/processed/test/Colin_Powell/Colin_Powell_0031.jpg,Colin_Powell,original,Colin_Powell,True,0.1312636435031891
./data/processed/test/Colin_Powell/Colin_Powell_0031.jpg,Colin_Powell,mask_eyes,Colin_Powell,True,0.13123548030853271
./data/processed/test/Colin_Powell/Colin_Powell_0031.jpg,Colin_Powell,mask_nose,Colin_Powell,True,0.13144342601299286
./data/processed/test/Colin_Powell/Colin_Powell_0031.jpg,Colin_Powell,mask_mouth,Colin_Powell,True,0.13127297163009644
./data/processed/test/Colin_Powell/Colin_Powell_0031.jpg,Colin_Powell,mask_face_oval,Michael_Schumacher,False,0.011039046570658684
./data/processed/test/Colin_Powell/Colin_Powell_0031.jpg,Colin_Powell,mask_outside_face,Colin_Powell,True,0.13128696382045746
./data/processed/test/Colin_Powell/Colin_Powell_0031.jpg,Colin_Powell,dark,Colin_Powell,True,0.13131298124790192
./data/processed/test/Colin_Powell/Colin_Powell_0031.jpg,Colin_Powell,bright,Colin_Powell,True,0.13120579719543457
./data/processed/test/Colin_Powell/Colin_Powell_0046.jpg,Colin_Powell,original,Colin_Powell,True,0.1314885914325714
./data/processed/test/Colin_Powell/Colin_Powell_0046.jpg,Colin_Powell,mask_eyes,Colin_Powell,True,0.13135960698127747
./data/processed/test/Colin_Powell/Colin_Powell_0046.jpg,Colin_Powell,mask_nose,Colin_Powell,True,0.13150295615196228
./data/processed/test/Colin_Powell/Colin_Powell_0046.jpg,Colin_Powell,mask_mouth,Colin_Powell,True,0.13148340582847595
./data/processed/test/Colin_Powell/Colin_Powell_0046.jpg,Colin_Powell,mask_face_oval,Hugo_Chavez,False,0.011482633650302887
./data/processed/test/Colin_Powell/Colin_Powell_0046.jpg,Colin_Powell,mask_outside_face,Colin_Powell,True,0.13146673142910004
./data/processed/test/Colin_Powell/Colin_Powell_0046.jpg,Colin_Powell,dark,Colin_Powell,True,0.13148459792137146
./data/processed/test/Colin_Powell/Colin_Powell_0046.jpg,Colin_Powell,bright,Colin_Powell,True,0.13142094016075134
./data/processed/test/Colin_Powell/Colin_Powell_0056.jpg,Colin_Powell,original,Colin_Powell,True,0.13114264607429504
./data/processed/test/Colin_Powell/Colin_Powell_0056.jpg,Colin_Powell,mask_eyes,Colin_Powell,True,0.1310023069381714
./data/processed/test/Colin_Powell/Colin_Powell_0056.jpg,Colin_Powell,mask_nose,Colin_Powell,True,0.13130663335323334
./data/processed/test/Colin_Powell/Colin_Powell_0056.jpg,Colin_Powell,mask_mouth,Colin_Powell,True,0.13112878799438477
./data/processed/test/Colin_Powell/Colin_Powell_0056.jpg,Colin_Powell,mask_face_oval,Michael_Schumacher,False,0.010717476718127728
./data/processed/test/Colin_Powell/Colin_Powell_0056.jpg,Colin_Powell,mask_outside_face,Colin_Powell,True,0.1312715709209442
./data/processed/test/Colin_Powell/Colin_Powell_0056.jpg,Colin_Powell,dark,Colin_Powell,True,0.13117773830890656
./data/processed/test/Colin_Powell/Colin_Powell_0056.jpg,Colin_Powell,bright,Colin_Powell,True,0.13117508590221405
./data/processed/test/Colin_Powell/Colin_Powell_0061.jpg,Colin_Powell,original,Colin_Powell,True,0.13124187290668488
./data/processed/test/Colin_Powell/Colin_Powell_0061.jpg,Colin_Powell,mask_eyes,Colin_Powell,True,0.13120849430561066
./data/processed/test/Colin_Powell/Colin_Powell_0061.jpg,Colin_Powell,mask_nose,Colin_Powell,True,0.13132941722869873
./data/processed/test/Colin_Powell/Colin_Powell_0061.jpg,Colin_Powell,mask_mouth,Colin_Powell,True,0.13117030262947083
./data/processed/test/Colin_Powell/Colin_Powell_0061.jpg,Colin_Powell,mask_face_oval,Michael_Schumacher,False,0.009632285684347153
./data/processed/test/Colin_Powell/Colin_Powell_0061.jpg,Colin_Powell,mask_outside_face,Colin_Powell,True,0.13136933743953705
./data/processed/test/Colin_Powell/Colin_Powell_0061.jpg,Colin_Powell,dark,Colin_Powell,True,0.1313404142856598
./data/processed/test/Colin_Powell/Colin_Powell_0061.jpg,Colin_Powell,bright,Colin_Powell,True,0.13132230937480927
./data/processed/test/Colin_Powell/Colin_Powell_0067.jpg,Colin_Powell,original,Colin_Powell,True,0.13139238953590393
./data/processed/test/Colin_Powell/Colin_Powell_0067.jpg,Colin_Powell,mask_eyes,Colin_Powell,True,0.13123740255832672
./data/processed/test/Colin_Powell/Colin_Powell_0067.jpg,Colin_Powell,mask_nose,Colin_Powell,True,0.13117802143096924
./data/processed/test/Colin_Powell/Colin_Powell_0067.jpg,Colin_Powell,mask_mouth,Colin_Powell,True,0.1314074546098709
./data/processed/test/Colin_Powell/Colin_Powell_0067.jpg,Colin_Powell,mask_face_oval,Colin_Powell,True,0.011279904283583164
./data/processed/test/Colin_Powell/Colin_Powell_0067.jpg,Colin_Powell,mask_outside_face,Colin_Powell,True,0.13141955435276031
./data/processed/test/Colin_Powell/Colin_Powell_0067.jpg,Colin_Powell,dark,Colin_Powell,True,0.13141585886478424
./data/processed/test/Colin_Powell/Colin_Powell_0067.jpg,Colin_Powell,bright,Colin_Powell,True,0.13138557970523834
./data/processed/test/Colin_Powell/Colin_Powell_0070.jpg,Colin_Powell,original,Colin_Powell,True,0.13154102861881256
./data/processed/test/Colin_Powell/Colin_Powell_0070.jpg,Colin_Powell,mask_eyes,Colin_Powell,True,0.1314874142408371
./data/processed/test/Colin_Powell/Colin_Powell_0070.jpg,Colin_Powell,mask_nose,Colin_Powell,True,0.13143767416477203
./data/processed/test/Colin_Powell/Colin_Powell_0070.jpg,Colin_Powell,mask_mouth,Colin_Powell,True,0.1315094381570816
./data/processed/test/Colin_Powell/Colin_Powell_0070.jpg,Colin_Powell,mask_face_oval,Arnold_Schwarzenegger,False,0.010473999194800854
./data/processed/test/Colin_Powell/Colin_Powell_0070.jpg,Colin_Powell,mask_outside_face,Colin_Powell,True,0.13141725957393646
./data/processed/test/Colin_Powell/Colin_Powell_0070.jpg,Colin_Powell,dark,Colin_Powell,True,0.13151051104068756
./data/processed/test/Colin_Powell/Colin_Powell_0070.jpg,Colin_Powell,bright,Colin_Powell,True,0.13148058950901031
./data/processed/test/Colin_Powell/Colin_Powell_0083.jpg,Colin_Powell,original,Colin_Powell,True,0.13151413202285767
./data/processed/test/Colin_Powell/Colin_Powell_0083.jpg,Colin_Powell,mask_eyes,Colin_Powell,True,0.1314382702112198
./data/processed/test/Colin_Powell/Colin_Powell_0083.jpg,Colin_Powell,mask_nose,Colin_Powell,True,0.13130830228328705
./data/processed/test/Colin_Powell/Colin_Powell_0083.jpg,Colin_Powell,mask_mouth,Colin_Powell,True,0.13151396811008453
./data/processed/test/Colin_Powell/Colin_Powell_0083.jpg,Colin_Powell,mask_face_oval,Hugo_Chavez,False,0.009286763146519661
./data/processed/test/Colin_Powell/Colin_Powell_0083.jpg,Colin_Powell,mask_outside_face,Colin_Powell,True,0.13139690458774567
./data/processed/test/Colin_Powell/Colin_Powell_0083.jpg,Colin_Powell,dark,Colin_Powell,True,0.13153916597366333
./data/processed/test/Colin_Powell/Colin_Powell_0083.jpg,Colin_Powell,bright,Colin_Powell,True,0.13149386644363403
./data/processed/test/Colin_Powell/Colin_Powell_0085.jpg,Colin_Powell,original,Colin_Powell,True,0.13144776225090027
./data/processed/test/Colin_Powell/Colin_Powell_0085.jpg,Colin_Powell,mask_eyes,Colin_Powell,True,0.13138824701309204
./data/processed/test/Colin_Powell/Colin_Powell_0085.jpg,Colin_Powell,mask_nose,Colin_Powell,True,0.13139234483242035
./data/processed/test/Colin_Powell/Colin_Powell_0085.jpg,Colin_Powell,mask_mouth,Colin_Powell,True,0.13143417239189148
./data/processed/test/Colin_Powell/Colin_Powell_0085.jpg,Colin_Powell,mask_face_oval,Gerhard_Schroeder,False,0.010958130471408367
./data/processed/test/Colin_Powell/Colin_Powell_0085.jpg,Colin_Powell,mask_outside_face,Colin_Powell,True,0.13135500252246857
./data/processed/test/Colin_Powell/Colin_Powell_0085.jpg,Colin_Powell,dark,Colin_Powell,True,0.13146819174289703
./data/processed/test/Colin_Powell/Colin_Powell_0085.jpg,Colin_Powell,bright,Colin_Powell,True,0.13141559064388275
./data/processed/test/Colin_Powell/Colin_Powell_0087.jpg,Colin_Powell,original,Colin_Powell,True,0.13130278885364532
./data/processed/test/Colin_Powell/Colin_Powell_0087.jpg,Colin_Powell,mask_eyes,Colin_Powell,True,0.13116253912448883
./data/processed/test/Colin_Powell/Colin_Powell_0087.jpg,Colin_Powell,mask_nose,Colin_Powell,True,0.13121405243873596
./data/processed/test/Colin_Powell/Colin_Powell_0087.jpg,Colin_Powell,mask_mouth,Colin_Powell,True,0.1313467174768448
./data/processed/test/Colin_Powell/Colin_Powell_0087.jpg,Colin_Powell,mask_face_oval,Hugo_Chavez,False,0.01019177958369255
./data/processed/test/Colin_Powell/Colin_Powell_0087.jpg,Colin_Powell,mask_outside_face,Colin_Powell,True,0.13143400847911835
./data/processed/test/Colin_Powell/Colin_Powell_0087.jpg,Colin_Powell,dark,Colin_Powell,True,0.13136692345142365
./data/processed/test/Colin_Powell/Colin_Powell_0087.jpg,Colin_Powell,bright,Colin_Powell,True,0.1313009411096573
./data/processed/test/Colin_Powell/Colin_Powell_0094.jpg,Colin_Powell,original,Colin_Powell,True,0.1313459575176239
./data/processed/test/Colin_Powell/Colin_Powell_0094.jpg,Colin_Powell,mask_eyes,Colin_Powell,True,0.13136093318462372
./data/processed/test/Colin_Powell/Colin_Powell_0094.jpg,Colin_Powell,mask_nose,Colin_Powell,True,0.1313876360654831
./data/processed/test/Colin_Powell/Colin_Powell_0094.jpg,Colin_Powell,mask_mouth,Colin_Powell,True,0.1313427835702896
./data/processed/test/Colin_Powell/Colin_Powell_0094.jpg,Colin_Powell,mask_face_oval,Hugo_Chavez,False,0.011858886107802391
./data/processed/test/Colin_Powell/Colin_Powell_0094.jpg,Colin_Powell,mask_outside_face,Colin_Powell,True,0.1314231902360916
./data/processed/test/Colin_Powell/Colin_Powell_0094.jpg,Colin_Powell,dark,Colin_Powell,True,0.1313668191432953
./data/processed/test/Colin_Powell/Colin_Powell_0094.jpg,Colin_Powell,bright,Colin_Powell,True,0.13133135437965393
./data/processed/test/Colin_Powell/Colin_Powell_0096.jpg,Colin_Powell,original,Colin_Powell,True,0.13145191967487335
./data/processed/test/Colin_Powell/Colin_Powell_0096.jpg,Colin_Powell,mask_eyes,Colin_Powell,True,0.13143287599086761
./data/processed/test/Colin_Powell/Colin_Powell_0096.jpg,Colin_Powell,mask_nose,Colin_Powell,True,0.13143491744995117
./data/processed/test/Colin_Powell/Colin_Powell_0096.jpg,Colin_Powell,mask_mouth,Colin_Powell,True,0.13147562742233276
./data/processed/test/Colin_Powell/Colin_Powell_0096.jpg,Colin_Powell,mask_face_oval,Michael_Schumacher,False,0.010069361887872219
./data/processed/test/Colin_Powell/Colin_Powell_0096.jpg,Colin_Powell,mask_outside_face,Colin_Powell,True,0.13143986463546753
./data/processed/test/Colin_Powell/Colin_Powell_0096.jpg,Colin_Powell,dark,Colin_Powell,True,0.13147994875907898
./data/processed/test/Colin_Powell/Colin_Powell_0096.jpg,Colin_Powell,bright,Colin_Powell,True,0.1315281093120575
./data/processed/test/Colin_Powell/Colin_Powell_0110.jpg,Colin_Powell,original,Colin_Powell,True,0.13136446475982666
./data/processed/test/Colin_Powell/Colin_Powell_0110.jpg,Colin_Powell,mask_eyes,Colin_Powell,True,0.131288543343544
./data/processed/test/Colin_Powell/Colin_Powell_0110.jpg,Colin_Powell,mask_nose,Colin_Powell,True,0.13117732107639313
./data/processed/test/Colin_Powell/Colin_Powell_0110.jpg,Colin_Powell,mask_mouth,Colin_Powell,True,0.13135021924972534
./data/processed/test/Colin_Powell/Colin_Powell_0110.jpg,Colin_Powell,mask_face_oval,Hugo_Chavez,False,0.010692677460610867
./data/processed/test/Colin_Powell/Colin_Powell_0110.jpg,Colin_Powell,mask_outside_face,Colin_Powell,True,0.13148142397403717
./data/processed/test/Colin_Powell/Colin_Powell_0110.jpg,Colin_Powell,dark,Colin_Powell,True,0.13144627213478088
./data/processed/test/Colin_Powell/Colin_Powell_0110.jpg,Colin_Powell,bright,Colin_Powell,True,0.13137736916542053
./data/processed/test/Colin_Powell/Colin_Powell_0113.jpg,Colin_Powell,original,Colin_Powell,True,0.1314593255519867
./data/processed/test/Colin_Powell/Colin_Powell_0113.jpg,Colin_Powell,mask_eyes,Colin_Powell,True,0.13134634494781494
./data/processed/test/Colin_Powell/Colin_Powell_0113.jpg,Colin_Powell,mask_nose,Colin_Powell,True,0.13056209683418274
./data/processed/test/Colin_Powell/Colin_Powell_0113.jpg,Colin_Powell,mask_mouth,Colin_Powell,True,0.1314345747232437
./data/processed/test/Colin_Powell/Colin_Powell_0113.jpg,Colin_Powell,mask_face_oval,Hugo_Chavez,False,0.010626778937876225
./data/processed/test/Colin_Powell/Colin_Powell_0113.jpg,Colin_Powell,mask_outside_face,Colin_Powell,True,0.1312745362520218
./data/processed/test/Colin_Powell/Colin_Powell_0113.jpg,Colin_Powell,dark,Colin_Powell,True,0.13145233690738678
./data/processed/test/Colin_Powell/Colin_Powell_0113.jpg,Colin_Powell,bright,Colin_Powell,True,0.1314859688282013
./data/processed/test/Colin_Powell/Colin_Powell_0118.jpg,Colin_Powell,original,Colin_Powell,True,0.13135653734207153
./data/processed/test/Colin_Powell/Colin_Powell_0118.jpg,Colin_Powell,mask_eyes,Colin_Powell,True,0.1313033252954483
./data/processed/test/Colin_Powell/Colin_Powell_0118.jpg,Colin_Powell,mask_nose,Colin_Powell,True,0.13115626573562622
./data/processed/test/Colin_Powell/Colin_Powell_0118.jpg,Colin_Powell,mask_mouth,Colin_Powell,True,0.13133898377418518
./data/processed/test/Colin_Powell/Colin_Powell_0118.jpg,Colin_Powell,mask_face_oval,Michael_Schumacher,False,0.010135591961443424
./data/processed/test/Colin_Powell/Colin_Powell_0118.jpg,Colin_Powell,mask_outside_face,Colin_Powell,True,0.13134393095970154
./data/processed/test/Colin_Powell/Colin_Powell_0118.jpg,Colin_Powell,dark,Colin_Powell,True,0.1313570886850357
./data/processed/test/Colin_Powell/Colin_Powell_0118.jpg,Colin_Powell,bright,Colin_Powell,True,0.13147863745689392
./data/processed/test/Colin_Powell/Colin_Powell_0125.jpg,Colin_Powell,original,Colin_Powell,True,0.1313166469335556
./data/processed/test/Colin_Powell/Colin_Powell_0125.jpg,Colin_Powell,mask_eyes,Colin_Powell,True,0.13107794523239136
./data/processed/test/Colin_Powell/Colin_Powell_0125.jpg,Colin_Powell,mask_nose,Colin_Powell,True,0.1307830661535263
./data/processed/test/Colin_Powell/Colin_Powell_0125.jpg,Colin_Powell,mask_mouth,Colin_Powell,True,0.13128913938999176
./data/processed/test/Colin_Powell/Colin_Powell_0125.jpg,Colin_Powell,mask_face_oval,Michael_Schumacher,False,0.010558946058154106
./data/processed/test/Colin_Powell/Colin_Powell_0125.jpg,Colin_Powell,mask_outside_face,Colin_Powell,True,0.1312958151102066
./data/processed/test/Colin_Powell/Colin_Powell_0125.jpg,Colin_Powell,dark,Colin_Powell,True,0.1313267946243286
./data/processed/test/Colin_Powell/Colin_Powell_0125.jpg,Colin_Powell,bright,Colin_Powell,True,0.13123078644275665
./data/processed/test/Colin_Powell/Colin_Powell_0126.jpg,Colin_Powell,original,Colin_Powell,True,0.13147686421871185
./data/processed/test/Colin_Powell/Colin_Powell_0126.jpg,Colin_Powell,mask_eyes,Colin_Powell,True,0.13124899566173553
./data/processed/test/Colin_Powell/Colin_Powell_0126.jpg,Colin_Powell,mask_nose,Colin_Powell,True,0.13127079606056213
./data/processed/test/Colin_Powell/Colin_Powell_0126.jpg,Colin_Powell,mask_mouth,Colin_Powell,True,0.13147976994514465
./data/processed/test/Colin_Powell/Colin_Powell_0126.jpg,Colin_Powell,mask_face_oval,Arnold_Schwarzenegger,False,0.011185946874320507
./data/processed/test/Colin_Powell/Colin_Powell_0126.jpg,Colin_Powell,mask_outside_face,Colin_Powell,True,0.13142119348049164
./data/processed/test/Colin_Powell/Colin_Powell_0126.jpg,Colin_Powell,dark,Colin_Powell,True,0.13153570890426636
./data/processed/test/Colin_Powell/Colin_Powell_0126.jpg,Colin_Powell,bright,Colin_Powell,True,0.13153432309627533
./data/processed/test/Colin_Powell/Colin_Powell_0128.jpg,Colin_Powell,original,Colin_Powell,True,0.13128699362277985
./data/processed/test/Colin_Powell/Colin_Powell_0128.jpg,Colin_Powell,mask_eyes,Colin_Powell,True,0.13114826381206512
./data/processed/test/Colin_Powell/Colin_Powell_0128.jpg,Colin_Powell,mask_nose,Colin_Powell,True,0.13147713243961334
./data/processed/test/Colin_Powell/Colin_Powell_0128.jpg,Colin_Powell,mask_mouth,Colin_Powell,True,0.13133201003074646
./data/processed/test/Colin_Powell/Colin_Powell_0128.jpg,Colin_Powell,mask_face_oval,Alejandro_Toledo,False,0.010012170299887657
./data/processed/test/Colin_Powell/Colin_Powell_0128.jpg,Colin_Powell,mask_outside_face,Colin_Powell,True,0.13134846091270447
./data/processed/test/Colin_Powell/Colin_Powell_0128.jpg,Colin_Powell,dark,Colin_Powell,True,0.13131548464298248
./data/processed/test/Colin_Powell/Colin_Powell_0128.jpg,Colin_Powell,bright,Colin_Powell,True,0.13125380873680115
./data/processed/test/Colin_Powell/Colin_Powell_0141.jpg,Colin_Powell,original,Colin_Powell,True,0.13133953511714935
./data/processed/test/Colin_Powell/Colin_Powell_0141.jpg,Colin_Powell,mask_eyes,Colin_Powell,True,0.13126280903816223
./data/processed/test/Colin_Powell/Colin_Powell_0141.jpg,Colin_Powell,mask_nose,Colin_Powell,True,0.13120630383491516
./data/processed/test/Colin_Powell/Colin_Powell_0141.jpg,Colin_Powell,mask_mouth,Colin_Powell,True,0.13134628534317017
./data/processed/test/Colin_Powell/Colin_Powell_0141.jpg,Colin_Powell,mask_face_oval,Arnold_Schwarzenegger,False,0.010308343917131424
./data/processed/test/Colin_Powell/Colin_Powell_0141.jpg,Colin_Powell,mask_outside_face,Colin_Powell,True,0.13140739500522614
./data/processed/test/Colin_Powell/Colin_Powell_0141.jpg,Colin_Powell,dark,Colin_Powell,True,0.13138112425804138
./data/processed/test/Colin_Powell/Colin_Powell_0141.jpg,Colin_Powell,bright,Colin_Powell,True,0.13135769963264465
./data/processed/test/Colin_Powell/Colin_Powell_0148.jpg,Colin_Powell,original,Colin_Powell,True,0.13149569928646088
./data/processed/test/Colin_Powell/Colin_Powell_0148.jpg,Colin_Powell,mask_eyes,Colin_Powell,True,0.13110727071762085
./data/processed/test/Colin_Powell/Colin_Powell_0148.jpg,Colin_Powell,mask_nose,Colin_Powell,True,0.12917017936706543
./data/processed/test/Colin_Powell/Colin_Powell_0148.jpg,Colin_Powell,mask_mouth,Colin_Powell,True,0.13150696456432343
./data/processed/test/Colin_Powell/Colin_Powell_0148.jpg,Colin_Powell,mask_face_oval,Hugo_Chavez,False,0.010301461443305016
./data/processed/test/Colin_Powell/Colin_Powell_0148.jpg,Colin_Powell,mask_outside_face,Colin_Powell,True,0.1311957836151123
./data/processed/test/Colin_Powell/Colin_Powell_0148.jpg,Colin_Powell,dark,Colin_Powell,True,0.13146871328353882
./data/processed/test/Colin_Powell/Colin_Powell_0148.jpg,Colin_Powell,bright,Colin_Powell,True,0.13143184781074524
./data/processed/test/Colin_Powell/Colin_Powell_0149.jpg,Colin_Powell,original,Colin_Powell,True,0.131306454539299
./data/processed/test/Colin_Powell/Colin_Powell_0149.jpg,Colin_Powell,mask_eyes,Colin_Powell,True,0.13114112615585327
./data/processed/test/Colin_Powell/Colin_Powell_0149.jpg,Colin_Powell,mask_nose,Colin_Powell,True,0.1313578486442566
./data/processed/test/Colin_Powell/Colin_Powell_0149.jpg,Colin_Powell,mask_mouth,Colin_Powell,True,0.13123619556427002
./data/processed/test/Colin_Powell/Colin_Powell_0149.jpg,Colin_Powell,mask_face_oval,Arnold_Schwarzenegger,False,0.011877104640007019
./data/processed/test/Colin_Powell/Colin_Powell_0149.jpg,Colin_Powell,mask_outside_face,Colin_Powell,True,0.13138122856616974
./data/processed/test/Colin_Powell/Colin_Powell_0149.jpg,Colin_Powell,dark,Colin_Powell,True,0.1314137876033783
./data/processed/test/Colin_Powell/Colin_Powell_0149.jpg,Colin_Powell,bright,Colin_Powell,True,0.13131624460220337
./data/processed/test/Colin_Powell/Colin_Powell_0151.jpg,Colin_Powell,original,Colin_Powell,True,0.13135980069637299
./data/processed/test/Colin_Powell/Colin_Powell_0151.jpg,Colin_Powell,mask_eyes,Colin_Powell,True,0.13119229674339294
./data/processed/test/Colin_Powell/Colin_Powell_0151.jpg,Colin_Powell,mask_nose,Colin_Powell,True,0.13139070570468903
./data/processed/test/Colin_Powell/Colin_Powell_0151.jpg,Colin_Powell,mask_mouth,Colin_Powell,True,0.13136595487594604
./data/processed/test/Colin_Powell/Colin_Powell_0151.jpg,Colin_Powell,mask_face_oval,Gerhard_Schroeder,False,0.010677142068743706
./data/processed/test/Colin_Powell/Colin_Powell_0151.jpg,Colin_Powell,mask_outside_face,Colin_Powell,True,0.13145792484283447
./data/processed/test/Colin_Powell/Colin_Powell_0151.jpg,Colin_Powell,dark,Colin_Powell,True,0.13139203190803528
./data/processed/test/Colin_Powell/Colin_Powell_0151.jpg,Colin_Powell,bright,Colin_Powell,True,0.13134822249412537
./data/processed/test/Colin_Powell/Colin_Powell_0157.jpg,Colin_Powell,original,Colin_Powell,True,0.1312769651412964
./data/processed/test/Colin_Powell/Colin_Powell_0157.jpg,Colin_Powell,mask_eyes,Colin_Powell,True,0.13124369084835052
./data/processed/test/Colin_Powell/Colin_Powell_0157.jpg,Colin_Powell,mask_nose,Colin_Powell,True,0.13063624501228333
./data/processed/test/Colin_Powell/Colin_Powell_0157.jpg,Colin_Powell,mask_mouth,Colin_Powell,True,0.13126641511917114
./data/processed/test/Colin_Powell/Colin_Powell_0157.jpg,Colin_Powell,mask_face_oval,Arnold_Schwarzenegger,False,0.01006828062236309
./data/processed/test/Colin_Powell/Colin_Powell_0157.jpg,Colin_Powell,mask_outside_face,Colin_Powell,True,0.13134776055812836
./data/processed/test/Colin_Powell/Colin_Powell_0157.jpg,Colin_Powell,dark,Colin_Powell,True,0.131330206990242
./data/processed/test/Colin_Powell/Colin_Powell_0157.jpg,Colin_Powell,bright,Colin_Powell,True,0.13123449683189392
./data/processed/test/Colin_Powell/Colin_Powell_0162.jpg,Colin_Powell,original,Colin_Powell,True,0.13125456869602203
./data/processed/test/Colin_Powell/Colin_Powell_0162.jpg,Colin_Powell,mask_eyes,Colin_Powell,True,0.13119898736476898
./data/processed/test/Colin_Powell/Colin_Powell_0162.jpg,Colin_Powell,mask_nose,Colin_Powell,True,0.13140858709812164
./data/processed/test/Colin_Powell/Colin_Powell_0162.jpg,Colin_Powell,mask_mouth,Colin_Powell,True,0.1312791258096695
./data/processed/test/Colin_Powell/Colin_Powell_0162.jpg,Colin_Powell,mask_face_oval,Michael_Schumacher,False,0.010965622961521149
./data/processed/test/Colin_Powell/Colin_Powell_0162.jpg,Colin_Powell,mask_outside_face,Colin_Powell,True,0.13131551444530487
./data/processed/test/Colin_Powell/Colin_Powell_0162.jpg,Colin_Powell,dark,Colin_Powell,True,0.13127651810646057
./data/processed/test/Colin_Powell/Colin_Powell_0162.jpg,Colin_Powell,bright,Colin_Powell,True,0.13138023018836975
./data/processed/test/Colin_Powell/Colin_Powell_0163.jpg,Colin_Powell,original,Colin_Powell,True,0.13123755156993866
./data/processed/test/Colin_Powell/Colin_Powell_0163.jpg,Colin_Powell,mask_eyes,Colin_Powell,True,0.1311623603105545
./data/processed/test/Colin_Powell/Colin_Powell_0163.jpg,Colin_Powell,mask_nose,Colin_Powell,True,0.1311883181333542
./data/processed/test/Colin_Powell/Colin_Powell_0163.jpg,Colin_Powell,mask_mouth,Colin_Powell,True,0.13120782375335693
./data/processed/test/Colin_Powell/Colin_Powell_0163.jpg,Colin_Powell,mask_face_oval,Ariel_Sharon,False,0.00929199531674385
./data/processed/test/Colin_Powell/Colin_Powell_0163.jpg,Colin_Powell,mask_outside_face,Colin_Powell,True,0.13133835792541504
./data/processed/test/Colin_Powell/Colin_Powell_0163.jpg,Colin_Powell,dark,Colin_Powell,True,0.1312894970178604
./data/processed/test/Colin_Powell/Colin_Powell_0163.jpg,Colin_Powell,bright,Colin_Powell,True,0.13133686780929565
./data/processed/test/Colin_Powell/Colin_Powell_0166.jpg,Colin_Powell,original,Colin_Powell,True,0.13098959624767303
./data/processed/test/Colin_Powell/Colin_Powell_0166.jpg,Colin_Powell,mask_eyes,Colin_Powell,True,0.1306808441877365
./data/processed/test/Colin_Powell/Colin_Powell_0166.jpg,Colin_Powell,mask_nose,Colin_Powell,True,0.13066674768924713
./data/processed/test/Colin_Powell/Colin_Powell_0166.jpg,Colin_Powell,mask_mouth,Colin_Powell,True,0.13100624084472656
./data/processed/test/Colin_Powell/Colin_Powell_0166.jpg,Colin_Powell,mask_face_oval,Hugo_Chavez,False,0.01014858577400446
./data/processed/test/Colin_Powell/Colin_Powell_0166.jpg,Colin_Powell,mask_outside_face,Colin_Powell,True,0.13114112615585327
./data/processed/test/Colin_Powell/Colin_Powell_0166.jpg,Colin_Powell,dark,Colin_Powell,True,0.1310250163078308
./data/processed/test/Colin_Powell/Colin_Powell_0166.jpg,Colin_Powell,bright,Colin_Powell,True,0.13092608749866486
./data/processed/test/Colin_Powell/Colin_Powell_0172.jpg,Colin_Powell,original,Colin_Powell,True,0.13120198249816895
./data/processed/test/Colin_Powell/Colin_Powell_0172.jpg,Colin_Powell,mask_eyes,Colin_Powell,True,0.131131112575531
./data/processed/test/Colin_Powell/Colin_Powell_0172.jpg,Colin_Powell,mask_nose,Colin_Powell,True,0.1313088834285736
./data/processed/test/Colin_Powell/Colin_Powell_0172.jpg,Colin_Powell,mask_mouth,Colin_Powell,True,0.13126488029956818
./data/processed/test/Colin_Powell/Colin_Powell_0172.jpg,Colin_Powell,mask_face_oval,Michael_Schumacher,False,0.010294186882674694
./data/processed/test/Colin_Powell/Colin_Powell_0172.jpg,Colin_Powell,mask_outside_face,Colin_Powell,True,0.1311701238155365
./data/processed/test/Colin_Powell/Colin_Powell_0172.jpg,Colin_Powell,dark,Colin_Powell,True,0.13120795786380768
./data/processed/test/Colin_Powell/Colin_Powell_0172.jpg,Colin_Powell,bright,Colin_Powell,True,0.13119332492351532
./data/processed/test/Colin_Powell/Colin_Powell_0179.jpg,Colin_Powell,original,Colin_Powell,True,0.1312757283449173
./data/processed/test/Colin_Powell/Colin_Powell_0179.jpg,Colin_Powell,mask_eyes,Colin_Powell,True,0.13118283450603485
./data/processed/test/Colin_Powell/Colin_Powell_0179.jpg,Colin_Powell,mask_nose,Colin_Powell,True,0.13141116499900818
./data/processed/test/Colin_Powell/Colin_Powell_0179.jpg,Colin_Powell,mask_mouth,Colin_Powell,True,0.13132032752037048
./data/processed/test/Colin_Powell/Colin_Powell_0179.jpg,Colin_Powell,mask_face_oval,Recep_Tayyip_Erdogan,False,0.009807856753468513
./data/processed/test/Colin_Powell/Colin_Powell_0179.jpg,Colin_Powell,mask_outside_face,Colin_Powell,True,0.13128839433193207
./data/processed/test/Colin_Powell/Colin_Powell_0179.jpg,Colin_Powell,dark,Colin_Powell,True,0.13125844299793243
./data/processed/test/Colin_Powell/Colin_Powell_0179.jpg,Colin_Powell,bright,Colin_Powell,True,0.13127721846103668
./data/processed/test/Colin_Powell/Colin_Powell_0182.jpg,Colin_Powell,original,Colin_Powell,True,0.13146117329597473
./data/processed/test/Colin_Powell/Colin_Powell_0182.jpg,Colin_Powell,mask_eyes,Colin_Powell,True,0.13142207264900208
./data/processed/test/Colin_Powell/Colin_Powell_0182.jpg,Colin_Powell,mask_nose,Colin_Powell,True,0.1308109164237976
./data/processed/test/Colin_Powell/Colin_Powell_0182.jpg,Colin_Powell,mask_mouth,Colin_Powell,True,0.13144777715206146
./data/processed/test/Colin_Powell/Colin_Powell_0182.jpg,Colin_Powell,mask_face_oval,Hugo_Chavez,False,0.011124556884169579
./data/processed/test/Colin_Powell/Colin_Powell_0182.jpg,Colin_Powell,mask_outside_face,Colin_Powell,True,0.1312684565782547
./data/processed/test/Colin_Powell/Colin_Powell_0182.jpg,Colin_Powell,dark,Colin_Powell,True,0.131486177444458
./data/processed/test/Colin_Powell/Colin_Powell_0182.jpg,Colin_Powell,bright,Colin_Powell,True,0.1313725858926773
./data/processed/test/Colin_Powell/Colin_Powell_0185.jpg,Colin_Powell,original,Colin_Powell,True,0.13128729164600372
./data/processed/test/Colin_Powell/Colin_Powell_0185.jpg,Colin_Powell,mask_eyes,Colin_Powell,True,0.13130252063274384
./data/processed/test/Colin_Powell/Colin_Powell_0185.jpg,Colin_Powell,mask_nose,Colin_Powell,True,0.13139553368091583
./data/processed/test/Colin_Powell/Colin_Powell_0185.jpg,Colin_Powell,mask_mouth,Colin_Powell,True,0.13130639493465424
./data/processed/test/Colin_Powell/Colin_Powell_0185.jpg,Colin_Powell,mask_face_oval,Michael_Schumacher,False,0.01050320640206337
./data/processed/test/Colin_Powell/Colin_Powell_0185.jpg,Colin_Powell,mask_outside_face,Colin_Powell,True,0.13131558895111084
./data/processed/test/Colin_Powell/Colin_Powell_0185.jpg,Colin_Powell,dark,Colin_Powell,True,0.13139109313488007
./data/processed/test/Colin_Powell/Colin_Powell_0185.jpg,Colin_Powell,bright,Colin_Powell,True,0.1314273178577423
./data/processed/test/Colin_Powell/Colin_Powell_0191.jpg,Colin_Powell,original,Colin_Powell,True,0.13134126365184784
./data/processed/test/Colin_Powell/Colin_Powell_0191.jpg,Colin_Powell,mask_eyes,Colin_Powell,True,0.1302710771560669
./data/processed/test/Colin_Powell/Colin_Powell_0191.jpg,Colin_Powell,mask_nose,Colin_Powell,True,0.12941455841064453
./data/processed/test/Colin_Powell/Colin_Powell_0191.jpg,Colin_Powell,mask_mouth,Colin_Powell,True,0.13135729730129242
./data/processed/test/Colin_Powell/Colin_Powell_0191.jpg,Colin_Powell,mask_face_oval,Hugo_Chavez,False,0.010527157224714756
./data/processed/test/Colin_Powell/Colin_Powell_0191.jpg,Colin_Powell,mask_outside_face,Colin_Powell,True,0.13127394020557404
./data/processed/test/Colin_Powell/Colin_Powell_0191.jpg,Colin_Powell,dark,Colin_Powell,True,0.13140244781970978
./data/processed/test/Colin_Powell/Colin_Powell_0191.jpg,Colin_Powell,bright,Colin_Powell,True,0.13129191100597382
./data/processed/test/Colin_Powell/Colin_Powell_0193.jpg,Colin_Powell,original,Colin_Powell,True,0.131389781832695
./data/processed/test/Colin_Powell/Colin_Powell_0193.jpg,Colin_Powell,mask_eyes,Colin_Powell,True,0.131173774600029
./data/processed/test/Colin_Powell/Colin_Powell_0193.jpg,Colin_Powell,mask_nose,Colin_Powell,True,0.13153114914894104
./data/processed/test/Colin_Powell/Colin_Powell_0193.jpg,Colin_Powell,mask_mouth,Colin_Powell,True,0.13137446343898773
./data/processed/test/Colin_Powell/Colin_Powell_0193.jpg,Colin_Powell,mask_face_oval,Arnold_Schwarzenegger,False,0.012317455373704433
./data/processed/test/Colin_Powell/Colin_Powell_0193.jpg,Colin_Powell,mask_outside_face,Colin_Powell,True,0.13139154016971588
./data/processed/test/Colin_Powell/Colin_Powell_0193.jpg,Colin_Powell,dark,Colin_Powell,True,0.1314598172903061
./data/processed/test/Colin_Powell/Colin_Powell_0193.jpg,Colin_Powell,bright,Colin_Powell,True,0.1314007192850113
./data/processed/test/Colin_Powell/Colin_Powell_0201.jpg,Colin_Powell,original,Colin_Powell,True,0.13129281997680664
./data/processed/test/Colin_Powell/Colin_Powell_0201.jpg,Colin_Powell,mask_eyes,Colin_Powell,True,0.13129620254039764
./data/processed/test/Colin_Powell/Colin_Powell_0201.jpg,Colin_Powell,mask_nose,Colin_Powell,True,0.13133801519870758
./data/processed/test/Colin_Powell/Colin_Powell_0201.jpg,Colin_Powell,mask_mouth,Colin_Powell,True,0.13126689195632935
./data/processed/test/Colin_Powell/Colin_Powell_0201.jpg,Colin_Powell,mask_face_oval,Michael_Schumacher,False,0.01000489853322506
./data/processed/test/Colin_Powell/Colin_Powell_0201.jpg,Colin_Powell,mask_outside_face,Colin_Powell,True,0.13130784034729004
./data/processed/test/Colin_Powell/Colin_Powell_0201.jpg,Colin_Powell,dark,Colin_Powell,True,0.13133105635643005
./data/processed/test/Colin_Powell/Colin_Powell_0201.jpg,Colin_Powell,bright,Colin_Powell,True,0.13124911487102509
./data/processed/test/Colin_Powell/Colin_Powell_0205.jpg,Colin_Powell,original,Colin_Powell,True,0.13140124082565308
./data/processed/test/Colin_Powell/Colin_Powell_0205.jpg,Colin_Powell,mask_eyes,Colin_Powell,True,0.1314978301525116
./data/processed/test/Colin_Powell/Colin_Powell_0205.jpg,Colin_Powell,mask_nose,Colin_Powell,True,0.13139888644218445
./data/processed/test/Colin_Powell/Colin_Powell_0205.jpg,Colin_Powell,mask_mouth,Colin_Powell,True,0.13140571117401123
./data/processed/test/Colin_Powell/Colin_Powell_0205.jpg,Colin_Powell,mask_face_oval,Jiang_Zemin,False,0.010825310833752155
./data/processed/test/Colin_Powell/Colin_Powell_0205.jpg,Colin_Powell,mask_outside_face,Colin_Powell,True,0.13114680349826813
./data/processed/test/Colin_Powell/Colin_Powell_0205.jpg,Colin_Powell,dark,Colin_Powell,True,0.13142052292823792
./data/processed/test/Colin_Powell/Colin_Powell_0205.jpg,Colin_Powell,bright,Colin_Powell,True,0.13147391378879547
./data/processed/test/Colin_Powell/Colin_Powell_0212.jpg,Colin_Powell,original,Colin_Powell,True,0.13144813477993011
./data/processed/test/Colin_Powell/Colin_Powell_0212.jpg,Colin_Powell,mask_eyes,Colin_Powell,True,0.1313868761062622
./data/processed/test/Colin_Powell/Colin_Powell_0212.jpg,Colin_Powell,mask_nose,Colin_Powell,True,0.13124345242977142
./data/processed/test/Colin_Powell/Colin_Powell_0212.jpg,Colin_Powell,mask_mouth,Colin_Powell,True,0.1314316838979721
./data/processed/test/Colin_Powell/Colin_Powell_0212.jpg,Colin_Powell,mask_face_oval,Jose_Maria_Aznar,False,0.010272178798913956
./data/processed/test/Colin_Powell/Colin_Powell_0212.jpg,Colin_Powell,mask_outside_face,Colin_Powell,True,0.131286159157753
./data/processed/test/Colin_Powell/Colin_Powell_0212.jpg,Colin_Powell,dark,Colin_Powell,True,0.13145755231380463
./data/processed/test/Colin_Powell/Colin_Powell_0212.jpg,Colin_Powell,bright,Colin_Powell,True,0.13143818080425262
./data/processed/test/Colin_Powell/Colin_Powell_0223.jpg,Colin_Powell,original,Colin_Powell,True,0.13116471469402313
./data/processed/test/Colin_Powell/Colin_Powell_0223.jpg,Colin_Powell,mask_eyes,Colin_Powell,True,0.13089697062969208
./data/processed/test/Colin_Powell/Colin_Powell_0223.jpg,Colin_Powell,mask_nose,Colin_Powell,True,0.1310538351535797
./data/processed/test/Colin_Powell/Colin_Powell_0223.jpg,Colin_Powell,mask_mouth,Colin_Powell,True,0.13119448721408844
./data/processed/test/Colin_Powell/Colin_Powell_0223.jpg,Colin_Powell,mask_face_oval,Recep_Tayyip_Erdogan,False,0.010150544345378876
./data/processed/test/Colin_Powell/Colin_Powell_0223.jpg,Colin_Powell,mask_outside_face,Colin_Powell,True,0.13123257458209991
./data/processed/test/Colin_Powell/Colin_Powell_0223.jpg,Colin_Powell,dark,Colin_Powell,True,0.1312403529882431
./data/processed/test/Colin_Powell/Colin_Powell_0223.jpg,Colin_Powell,bright,Colin_Powell,True,0.13124088943004608
./data/processed/test/Colin_Powell/Colin_Powell_0226.jpg,Colin_Powell,original,Colin_Powell,True,0.13135303556919098
./data/processed/test/Colin_Powell/Colin_Powell_0226.jpg,Colin_Powell,mask_eyes,Colin_Powell,True,0.13126209378242493
./data/processed/test/Colin_Powell/Colin_Powell_0226.jpg,Colin_Powell,mask_nose,Colin_Powell,True,0.1298535317182541
./data/processed/test/Colin_Powell/Colin_Powell_0226.jpg,Colin_Powell,mask_mouth,Colin_Powell,True,0.13132473826408386
./data/processed/test/Colin_Powell/Colin_Powell_0226.jpg,Colin_Powell,mask_face_oval,Alejandro_Toledo,False,0.010252052918076515
./data/processed/test/Colin_Powell/Colin_Powell_0226.jpg,Colin_Powell,mask_outside_face,Colin_Powell,True,0.13128450512886047
./data/processed/test/Colin_Powell/Colin_Powell_0226.jpg,Colin_Powell,dark,Colin_Powell,True,0.1314374804496765
./data/processed/test/Colin_Powell/Colin_Powell_0226.jpg,Colin_Powell,bright,Colin_Powell,True,0.13130596280097961
./data/processed/test/Colin_Powell/Colin_Powell_0227.jpg,Colin_Powell,original,Colin_Powell,True,0.13128085434436798
./data/processed/test/Colin_Powell/Colin_Powell_0227.jpg,Colin_Powell,mask_eyes,Colin_Powell,True,0.1311735212802887
./data/processed/test/Colin_Powell/Colin_Powell_0227.jpg,Colin_Powell,mask_nose,Colin_Powell,True,0.13091692328453064
./data/processed/test/Colin_Powell/Colin_Powell_0227.jpg,Colin_Powell,mask_mouth,Colin_Powell,True,0.1312762200832367
./data/processed/test/Colin_Powell/Colin_Powell_0227.jpg,Colin_Powell,mask_face_oval,Michael_Schumacher,False,0.010345986112952232
./data/processed/test/Colin_Powell/Colin_Powell_0227.jpg,Colin_Powell,mask_outside_face,Colin_Powell,True,0.13135476410388947
./data/processed/test/Colin_Powell/Colin_Powell_0227.jpg,Colin_Powell,dark,Colin_Powell,True,0.13129748404026031
./data/processed/test/Colin_Powell/Colin_Powell_0227.jpg,Colin_Powell,bright,Colin_Powell,True,0.13129106163978577
./data/processed/test/Colin_Powell/Colin_Powell_0228.jpg,Colin_Powell,original,Colin_Powell,True,0.1304335743188858
./data/processed/test/Colin_Powell/Colin_Powell_0228.jpg,Colin_Powell,mask_eyes,Colin_Powell,True,0.13053585588932037
./data/processed/test/Colin_Powell/Colin_Powell_0228.jpg,Colin_Powell,mask_nose,Colin_Powell,True,0.12549486756324768
./data/processed/test/Colin_Powell/Colin_Powell_0228.jpg,Colin_Powell,mask_mouth,Colin_Powell,True,0.1302185207605362
./data/processed/test/Colin_Powell/Colin_Powell_0228.jpg,Colin_Powell,mask_face_oval,Michael_Schumacher,False,0.00973998848348856
./data/processed/test/Colin_Powell/Colin_Powell_0228.jpg,Colin_Powell,mask_outside_face,Colin_Powell,True,0.11214662343263626
./data/processed/test/Colin_Powell/Colin_Powell_0228.jpg,Colin_Powell,dark,Colin_Powell,True,0.13042140007019043
./data/processed/test/Colin_Powell/Colin_Powell_0228.jpg,Colin_Powell,bright,Colin_Powell,True,0.124061718583107
./data/processed/test/Colin_Powell/Colin_Powell_0230.jpg,Colin_Powell,original,Colin_Powell,True,0.13138598203659058
./data/processed/test/Colin_Powell/Colin_Powell_0230.jpg,Colin_Powell,mask_eyes,Colin_Powell,True,0.13117825984954834
./data/processed/test/Colin_Powell/Colin_Powell_0230.jpg,Colin_Powell,mask_nose,Colin_Powell,True,0.13135531544685364
./data/processed/test/Colin_Powell/Colin_Powell_0230.jpg,Colin_Powell,mask_mouth,Colin_Powell,True,0.13139498233795166
./data/processed/test/Colin_Powell/Colin_Powell_0230.jpg,Colin_Powell,mask_face_oval,Hugo_Chavez,False,0.010585837997496128
./data/processed/test/Colin_Powell/Colin_Powell_0230.jpg,Colin_Powell,mask_outside_face,Colin_Powell,True,0.13137909770011902
./data/processed/test/Colin_Powell/Colin_Powell_0230.jpg,Colin_Powell,dark,Colin_Powell,True,0.13140465319156647
./data/processed/test/Colin_Powell/Colin_Powell_0230.jpg,Colin_Powell,bright,Colin_Powell,True,0.13139057159423828
./data/processed/test/Colin_Powell/Colin_Powell_0232.jpg,Colin_Powell,original,Colin_Powell,True,0.13136376440525055
./data/processed/test/Colin_Powell/Colin_Powell_0232.jpg,Colin_Powell,mask_eyes,Colin_Powell,True,0.1311836838722229
./data/processed/test/Colin_Powell/Colin_Powell_0232.jpg,Colin_Powell,mask_nose,Colin_Powell,True,0.1315077394247055
./data/processed/test/Colin_Powell/Colin_Powell_0232.jpg,Colin_Powell,mask_mouth,Colin_Powell,True,0.1313275396823883
./data/processed/test/Colin_Powell/Colin_Powell_0232.jpg,Colin_Powell,mask_face_oval,Michael_Schumacher,False,0.0104978634044528
./data/processed/test/Colin_Powell/Colin_Powell_0232.jpg,Colin_Powell,mask_outside_face,Colin_Powell,True,0.1313491314649582
./data/processed/test/Colin_Powell/Colin_Powell_0232.jpg,Colin_Powell,dark,Colin_Powell,True,0.13135617971420288
./data/processed/test/Colin_Powell/Colin_Powell_0232.jpg,Colin_Powell,bright,Colin_Powell,True,0.13126617670059204
./data/processed/test/Condoleezza_Rice/Condoleezza_Rice_0001.jpg,Condoleezza_Rice,original,Angelina_Jolie,False,0.01263057067990303
./data/processed/test/Condoleezza_Rice/Condoleezza_Rice_0001.jpg,Condoleezza_Rice,mask_eyes,Alejandro_Toledo,False,0.012707705609500408
./data/processed/test/Condoleezza_Rice/Condoleezza_Rice_0001.jpg,Condoleezza_Rice,mask_nose,Angelina_Jolie,False,0.013374004513025284
./data/processed/test/Condoleezza_Rice/Condoleezza_Rice_0001.jpg,Condoleezza_Rice,mask_mouth,Angelina_Jolie,False,0.012618313543498516
./data/processed/test/Condoleezza_Rice/Condoleezza_Rice_0001.jpg,Condoleezza_Rice,mask_face_oval,Jiang_Zemin,False,0.011546928435564041
./data/processed/test/Condoleezza_Rice/Condoleezza_Rice_0001.jpg,Condoleezza_Rice,mask_outside_face,Nicole_Kidman,False,0.011617051437497139
./data/processed/test/Condoleezza_Rice/Condoleezza_Rice_0001.jpg,Condoleezza_Rice,dark,Angelina_Jolie,False,0.012328010983765125
./data/processed/test/Condoleezza_Rice/Condoleezza_Rice_0001.jpg,Condoleezza_Rice,bright,Angelina_Jolie,False,0.01263183169066906
./data/processed/test/Condoleezza_Rice/Condoleezza_Rice_0006.jpg,Condoleezza_Rice,original,Condoleezza_Rice,True,0.01124721858650446
./data/processed/test/Condoleezza_Rice/Condoleezza_Rice_0006.jpg,Condoleezza_Rice,mask_eyes,Condoleezza_Rice,True,0.011151416227221489
./data/processed/test/Condoleezza_Rice/Condoleezza_Rice_0006.jpg,Condoleezza_Rice,mask_nose,Condoleezza_Rice,True,0.011025592684745789
./data/processed/test/Condoleezza_Rice/Condoleezza_Rice_0006.jpg,Condoleezza_Rice,mask_mouth,Condoleezza_Rice,True,0.011230980977416039
./data/processed/test/Condoleezza_Rice/Condoleezza_Rice_0006.jpg,Condoleezza_Rice,mask_face_oval,Arnold_Schwarzenegger,False,0.010539845563471317
./data/processed/test/Condoleezza_Rice/Condoleezza_Rice_0006.jpg,Condoleezza_Rice,mask_outside_face,Serena_Williams,False,0.011164487339556217
./data/processed/test/Condoleezza_Rice/Condoleezza_Rice_0006.jpg,Condoleezza_Rice,dark,Condoleezza_Rice,True,0.011311937123537064
./data/processed/test/Condoleezza_Rice/Condoleezza_Rice_0006.jpg,Condoleezza_Rice,bright,Condoleezza_Rice,True,0.011264032684266567
./data/processed/test/Condoleezza_Rice/Condoleezza_Rice_0010.jpg,Condoleezza_Rice,original,Angelina_Jolie,False,0.0113854194059968
./data/processed/test/Condoleezza_Rice/Condoleezza_Rice_0010.jpg,Condoleezza_Rice,mask_eyes,Alejandro_Toledo,False,0.011348821222782135
./data/processed/test/Condoleezza_Rice/Condoleezza_Rice_0010.jpg,Condoleezza_Rice,mask_nose,Angelina_Jolie,False,0.011954711750149727
./data/processed/test/Condoleezza_Rice/Condoleezza_Rice_0010.jpg,Condoleezza_Rice,mask_mouth,Angelina_Jolie,False,0.011460710316896439
./data/processed/test/Condoleezza_Rice/Condoleezza_Rice_0010.jpg,Condoleezza_Rice,mask_face_oval,Alejandro_Toledo,False,0.0103103993460536
./data/processed/test/Condoleezza_Rice/Condoleezza_Rice_0010.jpg,Condoleezza_Rice,mask_outside_face,Serena_Williams,False,0.012244154699146748
./data/processed/test/Condoleezza_Rice/Condoleezza_Rice_0010.jpg,Condoleezza_Rice,dark,Condoleezza_Rice,True,0.01129873562604189
./data/processed/test/Condoleezza_Rice/Condoleezza_Rice_0010.jpg,Condoleezza_Rice,bright,Condoleezza_Rice,True,0.01128431223332882
./data/processed/test/David_Beckham/David_Beckham_0009.jpg,David_Beckham,original,David_Beckham,True,0.02140684239566326
./data/processed/test/David_Beckham/David_Beckham_0009.jpg,David_Beckham,mask_eyes,David_Beckham,True,0.02117004059255123
./data/processed/test/David_Beckham/David_Beckham_0009.jpg,David_Beckham,mask_nose,David_Beckham,True,0.02108924090862274
./data/processed/test/David_Beckham/David_Beckham_0009.jpg,David_Beckham,mask_mouth,David_Beckham,True,0.02113904245197773
./data/processed/test/David_Beckham/David_Beckham_0009.jpg,David_Beckham,mask_face_oval,Michael_Schumacher,False,0.010182930156588554
./data/processed/test/David_Beckham/David_Beckham_0009.jpg,David_Beckham,mask_outside_face,David_Beckham,True,0.018907682970166206
./data/processed/test/David_Beckham/David_Beckham_0009.jpg,David_Beckham,dark,David_Beckham,True,0.021251026540994644
./data/processed/test/David_Beckham/David_Beckham_0009.jpg,David_Beckham,bright,David_Beckham,True,0.021339716389775276
./data/processed/test/David_Beckham/David_Beckham_0010.jpg,David_Beckham,original,David_Beckham,True,0.020534249022603035
./data/processed/test/David_Beckham/David_Beckham_0010.jpg,David_Beckham,mask_eyes,David_Beckham,True,0.019746825098991394
./data/processed/test/David_Beckham/David_Beckham_0010.jpg,David_Beckham,mask_nose,David_Beckham,True,0.019914627075195312
./data/processed/test/David_Beckham/David_Beckham_0010.jpg,David_Beckham,mask_mouth,David_Beckham,True,0.01919320970773697
./data/processed/test/David_Beckham/David_Beckham_0010.jpg,David_Beckham,mask_face_oval,Michael_Schumacher,False,0.009404271841049194
./data/processed/test/David_Beckham/David_Beckham_0010.jpg,David_Beckham,mask_outside_face,David_Beckham,True,0.017384229227900505
./data/processed/test/David_Beckham/David_Beckham_0010.jpg,David_Beckham,dark,David_Beckham,True,0.02063787542283535
./data/processed/test/David_Beckham/David_Beckham_0010.jpg,David_Beckham,bright,David_Beckham,True,0.020357778295874596
./data/processed/test/David_Beckham/David_Beckham_0016.jpg,David_Beckham,original,David_Beckham,True,0.020240306854248047
./data/processed/test/David_Beckham/David_Beckham_0016.jpg,David_Beckham,mask_eyes,David_Beckham,True,0.020487457513809204
./data/processed/test/David_Beckham/David_Beckham_0016.jpg,David_Beckham,mask_nose,David_Beckham,True,0.019865628331899643
./data/processed/test/David_Beckham/David_Beckham_0016.jpg,David_Beckham,mask_mouth,David_Beckham,True,0.019745847210288048
./data/processed/test/David_Beckham/David_Beckham_0016.jpg,David_Beckham,mask_face_oval,Hugo_Chavez,False,0.010846861638128757
./data/processed/test/David_Beckham/David_Beckham_0016.jpg,David_Beckham,mask_outside_face,David_Beckham,True,0.016668658703565598
./data/processed/test/David_Beckham/David_Beckham_0016.jpg,David_Beckham,dark,David_Beckham,True,0.02006281353533268
./data/processed/test/David_Beckham/David_Beckham_0016.jpg,David_Beckham,bright,David_Beckham,True,0.019352342933416367
./data/processed/test/David_Beckham/David_Beckham_0018.jpg,David_Beckham,original,David_Beckham,True,0.020989691838622093
./data/processed/test/David_Beckham/David_Beckham_0018.jpg,David_Beckham,mask_eyes,David_Beckham,True,0.020804084837436676
./data/processed/test/David_Beckham/David_Beckham_0018.jpg,David_Beckham,mask_nose,David_Beckham,True,0.020964302122592926
./data/processed/test/David_Beckham/David_Beckham_0018.jpg,David_Beckham,mask_mouth,David_Beckham,True,0.019426152110099792
./data/processed/test/David_Beckham/David_Beckham_0018.jpg,David_Beckham,mask_face_oval,Jiang_Zemin,False,0.010074753314256668
./data/processed/test/David_Beckham/David_Beckham_0018.jpg,David_Beckham,mask_outside_face,David_Beckham,True,0.014411736279726028
./data/processed/test/David_Beckham/David_Beckham_0018.jpg,David_Beckham,dark,David_Beckham,True,0.021010663360357285
./data/processed/test/David_Beckham/David_Beckham_0018.jpg,David_Beckham,bright,David_Beckham,True,0.0196114219725132
./data/processed/test/David_Beckham/David_Beckham_0024.jpg,David_Beckham,original,David_Beckham,True,0.017707830294966698
./data/processed/test/David_Beckham/David_Beckham_0024.jpg,David_Beckham,mask_eyes,David_Beckham,True,0.01810763217508793
./data/processed/test/David_Beckham/David_Beckham_0024.jpg,David_Beckham,mask_nose,David_Beckham,True,0.014850053936243057
./data/processed/test/David_Beckham/David_Beckham_0024.jpg,David_Beckham,mask_mouth,David_Beckham,True,0.017838068306446075
./data/processed/test/David_Beckham/David_Beckham_0024.jpg,David_Beckham,mask_face_oval,Michael_Schumacher,False,0.010455125942826271
./data/processed/test/David_Beckham/David_Beckham_0024.jpg,David_Beckham,mask_outside_face,David_Beckham,True,0.016438594087958336
./data/processed/test/David_Beckham/David_Beckham_0024.jpg,David_Beckham,dark,David_Beckham,True,0.01837039552628994
./data/processed/test/David_Beckham/David_Beckham_0024.jpg,David_Beckham,bright,David_Beckham,True,0.017084313556551933
./data/processed/test/David_Beckham/David_Beckham_0028.jpg,David_Beckham,original,David_Beckham,True,0.012807754799723625
./data/processed/test/David_Beckham/David_Beckham_0028.jpg,David_Beckham,mask_eyes,David_Beckham,True,0.01174721959978342
./data/processed/test/David_Beckham/David_Beckham_0028.jpg,David_Beckham,mask_nose,David_Beckham,True,0.011730866506695747
./data/processed/test/David_Beckham/David_Beckham_0028.jpg,David_Beckham,mask_mouth,David_Beckham,True,0.011941581033170223
./data/processed/test/David_Beckham/David_Beckham_0028.jpg,David_Beckham,mask_face_oval,Hugo_Chavez,False,0.01289841067045927
./data/processed/test/David_Beckham/David_Beckham_0028.jpg,David_Beckham,mask_outside_face,David_Beckham,True,0.01423357892781496
./data/processed/test/David_Beckham/David_Beckham_0028.jpg,David_Beckham,dark,Michael_Schumacher,False,0.0116085484623909
./data/processed/test/David_Beckham/David_Beckham_0028.jpg,David_Beckham,bright,David_Beckham,True,0.012740008533000946
./data/processed/test/David_Beckham/David_Beckham_0030.jpg,David_Beckham,original,David_Beckham,True,0.02127048745751381
./data/processed/test/David_Beckham/David_Beckham_0030.jpg,David_Beckham,mask_eyes,David_Beckham,True,0.021223627030849457
./data/processed/test/David_Beckham/David_Beckham_0030.jpg,David_Beckham,mask_nose,David_Beckham,True,0.020332055166363716
./data/processed/test/David_Beckham/David_Beckham_0030.jpg,David_Beckham,mask_mouth,David_Beckham,True,0.021279549226164818
./data/processed/test/David_Beckham/David_Beckham_0030.jpg,David_Beckham,mask_face_oval,Michael_Schumacher,False,0.009808373637497425
./data/processed/test/David_Beckham/David_Beckham_0030.jpg,David_Beckham,mask_outside_face,David_Beckham,True,0.01841910369694233
./data/processed/test/David_Beckham/David_Beckham_0030.jpg,David_Beckham,dark,David_Beckham,True,0.021235032007098198
./data/processed/test/David_Beckham/David_Beckham_0030.jpg,David_Beckham,bright,David_Beckham,True,0.02106575295329094
./data/processed/test/David_Nalbandian/David_Nalbandian_0001.jpg,David_Nalbandian,original,George_W_Bush,False,0.013537806458771229
./data/processed/test/David_Nalbandian/David_Nalbandian_0001.jpg,David_Nalbandian,mask_eyes,George_W_Bush,False,0.01259851735085249
./data/processed/test/David_Nalbandian/David_Nalbandian_0001.jpg,David_Nalbandian,mask_nose,George_W_Bush,False,0.01635315828025341
./data/processed/test/David_Nalbandian/David_Nalbandian_0001.jpg,David_Nalbandian,mask_mouth,George_W_Bush,False,0.014094226993620396
./data/processed/test/David_Nalbandian/David_Nalbandian_0001.jpg,David_Nalbandian,mask_face_oval,Lance_Armstrong,False,0.009742344729602337
./data/processed/test/David_Nalbandian/David_Nalbandian_0001.jpg,David_Nalbandian,mask_outside_face,John_Howard,False,0.010531960986554623
./data/processed/test/David_Nalbandian/David_Nalbandian_0001.jpg,David_Nalbandian,dark,George_W_Bush,False,0.015858056023716927
./data/processed/test/David_Nalbandian/David_Nalbandian_0001.jpg,David_Nalbandian,bright,George_W_Bush,False,0.012568220496177673
./data/processed/test/David_Nalbandian/David_Nalbandian_0010.jpg,David_Nalbandian,original,David_Nalbandian,True,0.014012248255312443
./data/processed/test/David_Nalbandian/David_Nalbandian_0010.jpg,David_Nalbandian,mask_eyes,David_Nalbandian,True,0.01424578856676817
./data/processed/test/David_Nalbandian/David_Nalbandian_0010.jpg,David_Nalbandian,mask_nose,David_Nalbandian,True,0.01389494352042675
./data/processed/test/David_Nalbandian/David_Nalbandian_0010.jpg,David_Nalbandian,mask_mouth,David_Nalbandian,True,0.013841360807418823
./data/processed/test/David_Nalbandian/David_Nalbandian_0010.jpg,David_Nalbandian,mask_face_oval,Michael_Schumacher,False,0.009678247384727001
./data/processed/test/David_Nalbandian/David_Nalbandian_0010.jpg,David_Nalbandian,mask_outside_face,Amelie_Mauresmo,False,0.011416553519666195
./data/processed/test/David_Nalbandian/David_Nalbandian_0010.jpg,David_Nalbandian,dark,David_Nalbandian,True,0.014199082739651203
./data/processed/test/David_Nalbandian/David_Nalbandian_0010.jpg,David_Nalbandian,bright,David_Nalbandian,True,0.01379418931901455
./data/processed/test/David_Nalbandian/David_Nalbandian_0012.jpg,David_Nalbandian,original,David_Nalbandian,True,0.012713550589978695
./data/processed/test/David_Nalbandian/David_Nalbandian_0012.jpg,David_Nalbandian,mask_eyes,David_Nalbandian,True,0.012919805943965912
./data/processed/test/David_Nalbandian/David_Nalbandian_0012.jpg,David_Nalbandian,mask_nose,David_Nalbandian,True,0.011974130757153034
./data/processed/test/David_Nalbandian/David_Nalbandian_0012.jpg,David_Nalbandian,mask_mouth,David_Nalbandian,True,0.012186918407678604
./data/processed/test/David_Nalbandian/David_Nalbandian_0012.jpg,David_Nalbandian,mask_face_oval,Hugo_Chavez,False,0.010429761372506618
./data/processed/test/David_Nalbandian/David_Nalbandian_0012.jpg,David_Nalbandian,mask_outside_face,David_Beckham,False,0.010314797051250935
./data/processed/test/David_Nalbandian/David_Nalbandian_0012.jpg,David_Nalbandian,dark,David_Nalbandian,True,0.01230150181800127
./data/processed/test/David_Nalbandian/David_Nalbandian_0012.jpg,David_Nalbandian,bright,David_Nalbandian,True,0.0123378811404109
./data/processed/test/Dick_Cheney/Dick_Cheney_0001.jpg,Dick_Cheney,original,Ariel_Sharon,False,0.017209842801094055
./data/processed/test/Dick_Cheney/Dick_Cheney_0001.jpg,Dick_Cheney,mask_eyes,Ariel_Sharon,False,0.017044000327587128
./data/processed/test/Dick_Cheney/Dick_Cheney_0001.jpg,Dick_Cheney,mask_nose,Ariel_Sharon,False,0.015932833775877953
./data/processed/test/Dick_Cheney/Dick_Cheney_0001.jpg,Dick_Cheney,mask_mouth,Ariel_Sharon,False,0.01729421503841877
./data/processed/test/Dick_Cheney/Dick_Cheney_0001.jpg,Dick_Cheney,mask_face_oval,Ariel_Sharon,False,0.011899515055119991
./data/processed/test/Dick_Cheney/Dick_Cheney_0001.jpg,Dick_Cheney,mask_outside_face,Ariel_Sharon,False,0.01118649635463953
./data/processed/test/Dick_Cheney/Dick_Cheney_0001.jpg,Dick_Cheney,dark,Ariel_Sharon,False,0.017293503507971764
./data/processed/test/Dick_Cheney/Dick_Cheney_0001.jpg,Dick_Cheney,bright,Ariel_Sharon,False,0.01699415221810341
./data/processed/test/Dick_Cheney/Dick_Cheney_0010.jpg,Dick_Cheney,original,Ariel_Sharon,False,0.0156876128166914
./data/processed/test/Dick_Cheney/Dick_Cheney_0010.jpg,Dick_Cheney,mask_eyes,John_Negroponte,False,0.015776891261339188
./data/processed/test/Dick_Cheney/Dick_Cheney_0010.jpg,Dick_Cheney,mask_nose,Ariel_Sharon,False,0.01456321869045496
./data/processed/test/Dick_Cheney/Dick_Cheney_0010.jpg,Dick_Cheney,mask_mouth,Ariel_Sharon,False,0.017129842191934586
./data/processed/test/Dick_Cheney/Dick_Cheney_0010.jpg,Dick_Cheney,mask_face_oval,Michael_Schumacher,False,0.010563709773123264
./data/processed/test/Dick_Cheney/Dick_Cheney_0010.jpg,Dick_Cheney,mask_outside_face,Vladimir_Putin,False,0.011316552758216858
./data/processed/test/Dick_Cheney/Dick_Cheney_0010.jpg,Dick_Cheney,dark,Ariel_Sharon,False,0.015203520655632019
./data/processed/test/Dick_Cheney/Dick_Cheney_0010.jpg,Dick_Cheney,bright,Ariel_Sharon,False,0.013414913788437843
./data/processed/test/Dick_Cheney/Dick_Cheney_0012.jpg,Dick_Cheney,original,Ariel_Sharon,False,0.01625080406665802
./data/processed/test/Dick_Cheney/Dick_Cheney_0012.jpg,Dick_Cheney,mask_eyes,Ariel_Sharon,False,0.016156790778040886
./data/processed/test/Dick_Cheney/Dick_Cheney_0012.jpg,Dick_Cheney,mask_nose,Ariel_Sharon,False,0.014803282916545868
./data/processed/test/Dick_Cheney/Dick_Cheney_0012.jpg,Dick_Cheney,mask_mouth,Ariel_Sharon,False,0.016571076586842537
./data/processed/test/Dick_Cheney/Dick_Cheney_0012.jpg,Dick_Cheney,mask_face_oval,Ariel_Sharon,False,0.009715573862195015
./data/processed/test/Dick_Cheney/Dick_Cheney_0012.jpg,Dick_Cheney,mask_outside_face,Ariel_Sharon,False,0.012256352230906487
./data/processed/test/Dick_Cheney/Dick_Cheney_0012.jpg,Dick_Cheney,dark,Ariel_Sharon,False,0.015443850308656693
./data/processed/test/Dick_Cheney/Dick_Cheney_0012.jpg,Dick_Cheney,bright,Ariel_Sharon,False,0.01909991167485714
./data/processed/test/Dominique_de_Villepin/Dominique_de_Villepin_0001.jpg,Dominique_de_Villepin,original,Dominique_de_Villepin,True,0.014344426803290844
./data/processed/test/Dominique_de_Villepin/Dominique_de_Villepin_0001.jpg,Dominique_de_Villepin,mask_eyes,Dominique_de_Villepin,True,0.014327382668852806
./data/processed/test/Dominique_de_Villepin/Dominique_de_Villepin_0001.jpg,Dominique_de_Villepin,mask_nose,Dominique_de_Villepin,True,0.014302995055913925
./data/processed/test/Dominique_de_Villepin/Dominique_de_Villepin_0001.jpg,Dominique_de_Villepin,mask_mouth,Dominique_de_Villepin,True,0.014118204824626446
./data/processed/test/Dominique_de_Villepin/Dominique_de_Villepin_0001.jpg,Dominique_de_Villepin,mask_face_oval,Jiang_Zemin,False,0.009047860279679298
./data/processed/test/Dominique_de_Villepin/Dominique_de_Villepin_0001.jpg,Dominique_de_Villepin,mask_outside_face,Ariel_Sharon,False,0.014857870526611805
./data/processed/test/Dominique_de_Villepin/Dominique_de_Villepin_0001.jpg,Dominique_de_Villepin,dark,Dominique_de_Villepin,True,0.014139475300908089
./data/processed/test/Dominique_de_Villepin/Dominique_de_Villepin_0001.jpg,Dominique_de_Villepin,bright,Dominique_de_Villepin,True,0.014396767131984234
./data/processed/test/Dominique_de_Villepin/Dominique_de_Villepin_0010.jpg,Dominique_de_Villepin,original,Dominique_de_Villepin,True,0.014281492680311203
./data/processed/test/Dominique_de_Villepin/Dominique_de_Villepin_0010.jpg,Dominique_de_Villepin,mask_eyes,Dominique_de_Villepin,True,0.014109471812844276
./data/processed/test/Dominique_de_Villepin/Dominique_de_Villepin_0010.jpg,Dominique_de_Villepin,mask_nose,Dominique_de_Villepin,True,0.01384909637272358
./data/processed/test/Dominique_de_Villepin/Dominique_de_Villepin_0010.jpg,Dominique_de_Villepin,mask_mouth,Dominique_de_Villepin,True,0.014228153973817825
./data/processed/test/Dominique_de_Villepin/Dominique_de_Villepin_0010.jpg,Dominique_de_Villepin,mask_face_oval,Michael_Schumacher,False,0.010703383944928646
./data/processed/test/Dominique_de_Villepin/Dominique_de_Villepin_0010.jpg,Dominique_de_Villepin,mask_outside_face,Ariel_Sharon,False,0.013168959878385067
./data/processed/test/Dominique_de_Villepin/Dominique_de_Villepin_0010.jpg,Dominique_de_Villepin,dark,Dominique_de_Villepin,True,0.013887711800634861
./data/processed/test/Dominique_de_Villepin/Dominique_de_Villepin_0010.jpg,Dominique_de_Villepin,bright,Dominique_de_Villepin,True,0.01367397140711546
./data/processed/test/Dominique_de_Villepin/Dominique_de_Villepin_0012.jpg,Dominique_de_Villepin,original,Dominique_de_Villepin,True,0.013906821608543396
./data/processed/test/Dominique_de_Villepin/Dominique_de_Villepin_0012.jpg,Dominique_de_Villepin,mask_eyes,Dominique_de_Villepin,True,0.012307870201766491
./data/processed/test/Dominique_de_Villepin/Dominique_de_Villepin_0012.jpg,Dominique_de_Villepin,mask_nose,Dominique_de_Villepin,True,0.012670018710196018
./data/processed/test/Dominique_de_Villepin/Dominique_de_Villepin_0012.jpg,Dominique_de_Villepin,mask_mouth,Dominique_de_Villepin,True,0.013939465396106243
./data/processed/test/Dominique_de_Villepin/Dominique_de_Villepin_0012.jpg,Dominique_de_Villepin,mask_face_oval,Michael_Schumacher,False,0.010944786481559277
./data/processed/test/Dominique_de_Villepin/Dominique_de_Villepin_0012.jpg,Dominique_de_Villepin,mask_outside_face,Ariel_Sharon,False,0.013879051432013512
./data/processed/test/Dominique_de_Villepin/Dominique_de_Villepin_0012.jpg,Dominique_de_Villepin,dark,Dominique_de_Villepin,True,0.013181809335947037
./data/processed/test/Dominique_de_Villepin/Dominique_de_Villepin_0012.jpg,Dominique_de_Villepin,bright,Dominique_de_Villepin,True,0.01390557736158371
./data/processed/test/Donald_Rumsfeld/Donald_Rumsfeld_0001.jpg,Donald_Rumsfeld,original,Donald_Rumsfeld,True,0.07101987302303314
./data/processed/test/Donald_Rumsfeld/Donald_Rumsfeld_0001.jpg,Donald_Rumsfeld,mask_eyes,Donald_Rumsfeld,True,0.07100179046392441
./data/processed/test/Donald_Rumsfeld/Donald_Rumsfeld_0001.jpg,Donald_Rumsfeld,mask_nose,Donald_Rumsfeld,True,0.0692245215177536
./data/processed/test/Donald_Rumsfeld/Donald_Rumsfeld_0001.jpg,Donald_Rumsfeld,mask_mouth,Donald_Rumsfeld,True,0.07115824520587921
./data/processed/test/Donald_Rumsfeld/Donald_Rumsfeld_0001.jpg,Donald_Rumsfeld,mask_face_oval,Alejandro_Toledo,False,0.010311538353562355
./data/processed/test/Donald_Rumsfeld/Donald_Rumsfeld_0001.jpg,Donald_Rumsfeld,mask_outside_face,Donald_Rumsfeld,True,0.01794799417257309
./data/processed/test/Donald_Rumsfeld/Donald_Rumsfeld_0001.jpg,Donald_Rumsfeld,dark,Donald_Rumsfeld,True,0.07106739282608032
./data/processed/test/Donald_Rumsfeld/Donald_Rumsfeld_0001.jpg,Donald_Rumsfeld,bright,Donald_Rumsfeld,True,0.06935592740774155
./data/processed/test/Donald_Rumsfeld/Donald_Rumsfeld_0005.jpg,Donald_Rumsfeld,original,Donald_Rumsfeld,True,0.07025859504938126
./data/processed/test/Donald_Rumsfeld/Donald_Rumsfeld_0005.jpg,Donald_Rumsfeld,mask_eyes,Donald_Rumsfeld,True,0.06722849607467651
./data/processed/test/Donald_Rumsfeld/Donald_Rumsfeld_0005.jpg,Donald_Rumsfeld,mask_nose,Donald_Rumsfeld,True,0.0662386566400528
./data/processed/test/Donald_Rumsfeld/Donald_Rumsfeld_0005.jpg,Donald_Rumsfeld,mask_mouth,Donald_Rumsfeld,True,0.07000995427370071
./data/processed/test/Donald_Rumsfeld/Donald_Rumsfeld_0005.jpg,Donald_Rumsfeld,mask_face_oval,Jiang_Zemin,False,0.009791748598217964
./data/processed/test/Donald_Rumsfeld/Donald_Rumsfeld_0005.jpg,Donald_Rumsfeld,mask_outside_face,Donald_Rumsfeld,True,0.0309734083712101
./data/processed/test/Donald_Rumsfeld/Donald_Rumsfeld_0005.jpg,Donald_Rumsfeld,dark,Donald_Rumsfeld,True,0.06506365537643433
./data/processed/test/Donald_Rumsfeld/Donald_Rumsfeld_0005.jpg,Donald_Rumsfeld,bright,Donald_Rumsfeld,True,0.013229058124125004
./data/processed/test/Donald_Rumsfeld/Donald_Rumsfeld_0011.jpg,Donald_Rumsfeld,original,Donald_Rumsfeld,True,0.07158496975898743
./data/processed/test/Donald_Rumsfeld/Donald_Rumsfeld_0011.jpg,Donald_Rumsfeld,mask_eyes,Donald_Rumsfeld,True,0.071503184735775
./data/processed/test/Donald_Rumsfeld/Donald_Rumsfeld_0011.jpg,Donald_Rumsfeld,mask_nose,Donald_Rumsfeld,True,0.0715826228260994
./data/processed/test/Donald_Rumsfeld/Donald_Rumsfeld_0011.jpg,Donald_Rumsfeld,mask_mouth,Donald_Rumsfeld,True,0.07159224897623062
./data/processed/test/Donald_Rumsfeld/Donald_Rumsfeld_0011.jpg,Donald_Rumsfeld,mask_face_oval,Jiang_Zemin,False,0.009653953835368156
./data/processed/test/Donald_Rumsfeld/Donald_Rumsfeld_0011.jpg,Donald_Rumsfeld,mask_outside_face,Donald_Rumsfeld,True,0.06723198294639587
./data/processed/test/Donald_Rumsfeld/Donald_Rumsfeld_0011.jpg,Donald_Rumsfeld,dark,Donald_Rumsfeld,True,0.0714801475405693
./data/processed/test/Donald_Rumsfeld/Donald_Rumsfeld_0011.jpg,Donald_Rumsfeld,bright,Donald_Rumsfeld,True,0.07151594758033752
./data/processed/test/Donald_Rumsfeld/Donald_Rumsfeld_0012.jpg,Donald_Rumsfeld,original,Donald_Rumsfeld,True,0.07139483839273453
./data/processed/test/Donald_Rumsfeld/Donald_Rumsfeld_0012.jpg,Donald_Rumsfeld,mask_eyes,Donald_Rumsfeld,True,0.07131040096282959
./data/processed/test/Donald_Rumsfeld/Donald_Rumsfeld_0012.jpg,Donald_Rumsfeld,mask_nose,Donald_Rumsfeld,True,0.07145475596189499
./data/processed/test/Donald_Rumsfeld/Donald_Rumsfeld_0012.jpg,Donald_Rumsfeld,mask_mouth,Donald_Rumsfeld,True,0.07136374711990356
./data/processed/test/Donald_Rumsfeld/Donald_Rumsfeld_0012.jpg,Donald_Rumsfeld,mask_face_oval,Arnold_Schwarzenegger,False,0.010003247298300266
./data/processed/test/Donald_Rumsfeld/Donald_Rumsfeld_0012.jpg,Donald_Rumsfeld,mask_outside_face,Donald_Rumsfeld,True,0.05681690573692322
./data/processed/test/Donald_Rumsfeld/Donald_Rumsfeld_0012.jpg,Donald_Rumsfeld,dark,Donald_Rumsfeld,True,0.07134192436933517
./data/processed/test/Donald_Rumsfeld/Donald_Rumsfeld_0012.jpg,Donald_Rumsfeld,bright,Donald_Rumsfeld,True,0.07131912559270859
./data/processed/test/Donald_Rumsfeld/Donald_Rumsfeld_0019.jpg,Donald_Rumsfeld,original,Donald_Rumsfeld,True,0.0716429203748703
./data/processed/test/Donald_Rumsfeld/Donald_Rumsfeld_0019.jpg,Donald_Rumsfeld,mask_eyes,Donald_Rumsfeld,True,0.07162535935640335
./data/processed/test/Donald_Rumsfeld/Donald_Rumsfeld_0019.jpg,Donald_Rumsfeld,mask_nose,Donald_Rumsfeld,True,0.07162131369113922
./data/processed/test/Donald_Rumsfeld/Donald_Rumsfeld_0019.jpg,Donald_Rumsfeld,mask_mouth,Donald_Rumsfeld,True,0.07162867486476898
./data/processed/test/Donald_Rumsfeld/Donald_Rumsfeld_0019.jpg,Donald_Rumsfeld,mask_face_oval,Jiang_Zemin,False,0.00953593384474516
./data/processed/test/Donald_Rumsfeld/Donald_Rumsfeld_0019.jpg,Donald_Rumsfeld,mask_outside_face,Donald_Rumsfeld,True,0.05009418725967407
./data/processed/test/Donald_Rumsfeld/Donald_Rumsfeld_0019.jpg,Donald_Rumsfeld,dark,Donald_Rumsfeld,True,0.07166865468025208
./data/processed/test/Donald_Rumsfeld/Donald_Rumsfeld_0019.jpg,Donald_Rumsfeld,bright,Donald_Rumsfeld,True,0.071608766913414
./data/processed/test/Donald_Rumsfeld/Donald_Rumsfeld_0027.jpg,Donald_Rumsfeld,original,Donald_Rumsfeld,True,0.07176700234413147
./data/processed/test/Donald_Rumsfeld/Donald_Rumsfeld_0027.jpg,Donald_Rumsfeld,mask_eyes,Donald_Rumsfeld,True,0.07156405597925186
./data/processed/test/Donald_Rumsfeld/Donald_Rumsfeld_0027.jpg,Donald_Rumsfeld,mask_nose,Donald_Rumsfeld,True,0.0717853456735611
./data/processed/test/Donald_Rumsfeld/Donald_Rumsfeld_0027.jpg,Donald_Rumsfeld,mask_mouth,Donald_Rumsfeld,True,0.07179448008537292
./data/processed/test/Donald_Rumsfeld/Donald_Rumsfeld_0027.jpg,Donald_Rumsfeld,mask_face_oval,Michael_Schumacher,False,0.009144729934632778
./data/processed/test/Donald_Rumsfeld/Donald_Rumsfeld_0027.jpg,Donald_Rumsfeld,mask_outside_face,Donald_Rumsfeld,True,0.06753730773925781
./data/processed/test/Donald_Rumsfeld/Donald_Rumsfeld_0027.jpg,Donald_Rumsfeld,dark,Donald_Rumsfeld,True,0.07180499285459518
./data/processed/test/Donald_Rumsfeld/Donald_Rumsfeld_0027.jpg,Donald_Rumsfeld,bright,Donald_Rumsfeld,True,0.07182919234037399
./data/processed/test/Donald_Rumsfeld/Donald_Rumsfeld_0032.jpg,Donald_Rumsfeld,original,Donald_Rumsfeld,True,0.07164376229047775
./data/processed/test/Donald_Rumsfeld/Donald_Rumsfeld_0032.jpg,Donald_Rumsfeld,mask_eyes,Donald_Rumsfeld,True,0.07156762480735779
./data/processed/test/Donald_Rumsfeld/Donald_Rumsfeld_0032.jpg,Donald_Rumsfeld,mask_nose,Donald_Rumsfeld,True,0.0716017633676529
./data/processed/test/Donald_Rumsfeld/Donald_Rumsfeld_0032.jpg,Donald_Rumsfeld,mask_mouth,Donald_Rumsfeld,True,0.07170312106609344
./data/processed/test/Donald_Rumsfeld/Donald_Rumsfeld_0032.jpg,Donald_Rumsfeld,mask_face_oval,Michael_Schumacher,False,0.009866394102573395
./data/processed/test/Donald_Rumsfeld/Donald_Rumsfeld_0032.jpg,Donald_Rumsfeld,mask_outside_face,Donald_Rumsfeld,True,0.06698523461818695
./data/processed/test/Donald_Rumsfeld/Donald_Rumsfeld_0032.jpg,Donald_Rumsfeld,dark,Donald_Rumsfeld,True,0.07156673818826675
./data/processed/test/Donald_Rumsfeld/Donald_Rumsfeld_0032.jpg,Donald_Rumsfeld,bright,Donald_Rumsfeld,True,0.07159087061882019
./data/processed/test/Donald_Rumsfeld/Donald_Rumsfeld_0037.jpg,Donald_Rumsfeld,original,Donald_Rumsfeld,True,0.07160994410514832
./data/processed/test/Donald_Rumsfeld/Donald_Rumsfeld_0037.jpg,Donald_Rumsfeld,mask_eyes,Donald_Rumsfeld,True,0.07147135585546494
./data/processed/test/Donald_Rumsfeld/Donald_Rumsfeld_0037.jpg,Donald_Rumsfeld,mask_nose,Donald_Rumsfeld,True,0.07168567925691605
./data/processed/test/Donald_Rumsfeld/Donald_Rumsfeld_0037.jpg,Donald_Rumsfeld,mask_mouth,Donald_Rumsfeld,True,0.07161930948495865
./data/processed/test/Donald_Rumsfeld/Donald_Rumsfeld_0037.jpg,Donald_Rumsfeld,mask_face_oval,Michael_Schumacher,False,0.009315086528658867
./data/processed/test/Donald_Rumsfeld/Donald_Rumsfeld_0037.jpg,Donald_Rumsfeld,mask_outside_face,Donald_Rumsfeld,True,0.0694342777132988
./data/processed/test/Donald_Rumsfeld/Donald_Rumsfeld_0037.jpg,Donald_Rumsfeld,dark,Donald_Rumsfeld,True,0.07167121767997742
./data/processed/test/Donald_Rumsfeld/Donald_Rumsfeld_0037.jpg,Donald_Rumsfeld,bright,Donald_Rumsfeld,True,0.07164417952299118
./data/processed/test/Donald_Rumsfeld/Donald_Rumsfeld_0041.jpg,Donald_Rumsfeld,original,Donald_Rumsfeld,True,0.06631234288215637
./data/processed/test/Donald_Rumsfeld/Donald_Rumsfeld_0041.jpg,Donald_Rumsfeld,mask_eyes,Donald_Rumsfeld,True,0.06742975860834122
./data/processed/test/Donald_Rumsfeld/Donald_Rumsfeld_0041.jpg,Donald_Rumsfeld,mask_nose,Donald_Rumsfeld,True,0.0538356676697731
./data/processed/test/Donald_Rumsfeld/Donald_Rumsfeld_0041.jpg,Donald_Rumsfeld,mask_mouth,Donald_Rumsfeld,True,0.06470104306936264
./data/processed/test/Donald_Rumsfeld/Donald_Rumsfeld_0041.jpg,Donald_Rumsfeld,mask_face_oval,Gerhard_Schroeder,False,0.01170734129846096
./data/processed/test/Donald_Rumsfeld/Donald_Rumsfeld_0041.jpg,Donald_Rumsfeld,mask_outside_face,Donald_Rumsfeld,True,0.038843609392642975
./data/processed/test/Donald_Rumsfeld/Donald_Rumsfeld_0041.jpg,Donald_Rumsfeld,dark,Donald_Rumsfeld,True,0.06652025878429413
./data/processed/test/Donald_Rumsfeld/Donald_Rumsfeld_0041.jpg,Donald_Rumsfeld,bright,Donald_Rumsfeld,True,0.06296782940626144
./data/processed/test/Donald_Rumsfeld/Donald_Rumsfeld_0043.jpg,Donald_Rumsfeld,original,Donald_Rumsfeld,True,0.07161965221166611
./data/processed/test/Donald_Rumsfeld/Donald_Rumsfeld_0043.jpg,Donald_Rumsfeld,mask_eyes,Donald_Rumsfeld,True,0.07152688503265381
./data/processed/test/Donald_Rumsfeld/Donald_Rumsfeld_0043.jpg,Donald_Rumsfeld,mask_nose,Donald_Rumsfeld,True,0.0717695951461792
./data/processed/test/Donald_Rumsfeld/Donald_Rumsfeld_0043.jpg,Donald_Rumsfeld,mask_mouth,Donald_Rumsfeld,True,0.07161690294742584
./data/processed/test/Donald_Rumsfeld/Donald_Rumsfeld_0043.jpg,Donald_Rumsfeld,mask_face_oval,Jiang_Zemin,False,0.010482476092875004
./data/processed/test/Donald_Rumsfeld/Donald_Rumsfeld_0043.jpg,Donald_Rumsfeld,mask_outside_face,Donald_Rumsfeld,True,0.05644852668046951
./data/processed/test/Donald_Rumsfeld/Donald_Rumsfeld_0043.jpg,Donald_Rumsfeld,dark,Donald_Rumsfeld,True,0.07160884141921997
./data/processed/test/Donald_Rumsfeld/Donald_Rumsfeld_0043.jpg,Donald_Rumsfeld,bright,Donald_Rumsfeld,True,0.07152333110570908
./data/processed/test/Donald_Rumsfeld/Donald_Rumsfeld_0045.jpg,Donald_Rumsfeld,original,Donald_Rumsfeld,True,0.07136602699756622
./data/processed/test/Donald_Rumsfeld/Donald_Rumsfeld_0045.jpg,Donald_Rumsfeld,mask_eyes,Donald_Rumsfeld,True,0.0711979866027832
./data/processed/test/Donald_Rumsfeld/Donald_Rumsfeld_0045.jpg,Donald_Rumsfeld,mask_nose,Donald_Rumsfeld,True,0.07148074358701706
./data/processed/test/Donald_Rumsfeld/Donald_Rumsfeld_0045.jpg,Donald_Rumsfeld,mask_mouth,Donald_Rumsfeld,True,0.0713438019156456
./data/processed/test/Donald_Rumsfeld/Donald_Rumsfeld_0045.jpg,Donald_Rumsfeld,mask_face_oval,Mahathir_Mohamad,False,0.00915323756635189
./data/processed/test/Donald_Rumsfeld/Donald_Rumsfeld_0045.jpg,Donald_Rumsfeld,mask_outside_face,Donald_Rumsfeld,True,0.06956540793180466
./data/processed/test/Donald_Rumsfeld/Donald_Rumsfeld_0045.jpg,Donald_Rumsfeld,dark,Donald_Rumsfeld,True,0.07132725417613983
./data/processed/test/Donald_Rumsfeld/Donald_Rumsfeld_0045.jpg,Donald_Rumsfeld,bright,Donald_Rumsfeld,True,0.07143993675708771
./data/processed/test/Donald_Rumsfeld/Donald_Rumsfeld_0046.jpg,Donald_Rumsfeld,original,Donald_Rumsfeld,True,0.07160456478595734
./data/processed/test/Donald_Rumsfeld/Donald_Rumsfeld_0046.jpg,Donald_Rumsfeld,mask_eyes,Donald_Rumsfeld,True,0.07159946113824844
./data/processed/test/Donald_Rumsfeld/Donald_Rumsfeld_0046.jpg,Donald_Rumsfeld,mask_nose,Donald_Rumsfeld,True,0.07151716947555542
./data/processed/test/Donald_Rumsfeld/Donald_Rumsfeld_0046.jpg,Donald_Rumsfeld,mask_mouth,Donald_Rumsfeld,True,0.07158638536930084
./data/processed/test/Donald_Rumsfeld/Donald_Rumsfeld_0046.jpg,Donald_Rumsfeld,mask_face_oval,Jiang_Zemin,False,0.010350419208407402
./data/processed/test/Donald_Rumsfeld/Donald_Rumsfeld_0046.jpg,Donald_Rumsfeld,mask_outside_face,Donald_Rumsfeld,True,0.06554070115089417
./data/processed/test/Donald_Rumsfeld/Donald_Rumsfeld_0046.jpg,Donald_Rumsfeld,dark,Donald_Rumsfeld,True,0.07154042273759842
./data/processed/test/Donald_Rumsfeld/Donald_Rumsfeld_0046.jpg,Donald_Rumsfeld,bright,Donald_Rumsfeld,True,0.07153823971748352
./data/processed/test/Donald_Rumsfeld/Donald_Rumsfeld_0048.jpg,Donald_Rumsfeld,original,Donald_Rumsfeld,True,0.07157690078020096
./data/processed/test/Donald_Rumsfeld/Donald_Rumsfeld_0048.jpg,Donald_Rumsfeld,mask_eyes,Donald_Rumsfeld,True,0.07144830375909805
./data/processed/test/Donald_Rumsfeld/Donald_Rumsfeld_0048.jpg,Donald_Rumsfeld,mask_nose,Donald_Rumsfeld,True,0.07153863459825516
./data/processed/test/Donald_Rumsfeld/Donald_Rumsfeld_0048.jpg,Donald_Rumsfeld,mask_mouth,Donald_Rumsfeld,True,0.07160628587007523
./data/processed/test/Donald_Rumsfeld/Donald_Rumsfeld_0048.jpg,Donald_Rumsfeld,mask_face_oval,Michael_Schumacher,False,0.01020776852965355
./data/processed/test/Donald_Rumsfeld/Donald_Rumsfeld_0048.jpg,Donald_Rumsfeld,mask_outside_face,Donald_Rumsfeld,True,0.06826575100421906
./data/processed/test/Donald_Rumsfeld/Donald_Rumsfeld_0048.jpg,Donald_Rumsfeld,dark,Donald_Rumsfeld,True,0.07144826650619507
./data/processed/test/Donald_Rumsfeld/Donald_Rumsfeld_0048.jpg,Donald_Rumsfeld,bright,Donald_Rumsfeld,True,0.07158651947975159
./data/processed/test/Donald_Rumsfeld/Donald_Rumsfeld_0056.jpg,Donald_Rumsfeld,original,Donald_Rumsfeld,True,0.071543388068676
./data/processed/test/Donald_Rumsfeld/Donald_Rumsfeld_0056.jpg,Donald_Rumsfeld,mask_eyes,Donald_Rumsfeld,True,0.07151996344327927
./data/processed/test/Donald_Rumsfeld/Donald_Rumsfeld_0056.jpg,Donald_Rumsfeld,mask_nose,Donald_Rumsfeld,True,0.0716376081109047
./data/processed/test/Donald_Rumsfeld/Donald_Rumsfeld_0056.jpg,Donald_Rumsfeld,mask_mouth,Donald_Rumsfeld,True,0.07157184183597565
./data/processed/test/Donald_Rumsfeld/Donald_Rumsfeld_0056.jpg,Donald_Rumsfeld,mask_face_oval,Michael_Schumacher,False,0.010555949062108994
./data/processed/test/Donald_Rumsfeld/Donald_Rumsfeld_0056.jpg,Donald_Rumsfeld,mask_outside_face,Donald_Rumsfeld,True,0.06945344060659409
./data/processed/test/Donald_Rumsfeld/Donald_Rumsfeld_0056.jpg,Donald_Rumsfeld,dark,Donald_Rumsfeld,True,0.07157814502716064
./data/processed/test/Donald_Rumsfeld/Donald_Rumsfeld_0056.jpg,Donald_Rumsfeld,bright,Donald_Rumsfeld,True,0.07154294848442078
./data/processed/test/Donald_Rumsfeld/Donald_Rumsfeld_0063.jpg,Donald_Rumsfeld,original,Donald_Rumsfeld,True,0.0718001127243042
./data/processed/test/Donald_Rumsfeld/Donald_Rumsfeld_0063.jpg,Donald_Rumsfeld,mask_eyes,Donald_Rumsfeld,True,0.0716213509440422
./data/processed/test/Donald_Rumsfeld/Donald_Rumsfeld_0063.jpg,Donald_Rumsfeld,mask_nose,Donald_Rumsfeld,True,0.07163827121257782
./data/processed/test/Donald_Rumsfeld/Donald_Rumsfeld_0063.jpg,Donald_Rumsfeld,mask_mouth,Donald_Rumsfeld,True,0.07180348038673401
./data/processed/test/Donald_Rumsfeld/Donald_Rumsfeld_0063.jpg,Donald_Rumsfeld,mask_face_oval,Tony_Blair,False,0.011100569739937782
./data/processed/test/Donald_Rumsfeld/Donald_Rumsfeld_0063.jpg,Donald_Rumsfeld,mask_outside_face,Donald_Rumsfeld,True,0.05281376838684082
./data/processed/test/Donald_Rumsfeld/Donald_Rumsfeld_0063.jpg,Donald_Rumsfeld,dark,Donald_Rumsfeld,True,0.0718817338347435
./data/processed/test/Donald_Rumsfeld/Donald_Rumsfeld_0063.jpg,Donald_Rumsfeld,bright,Donald_Rumsfeld,True,0.07172185927629471
./data/processed/test/Donald_Rumsfeld/Donald_Rumsfeld_0065.jpg,Donald_Rumsfeld,original,Donald_Rumsfeld,True,0.0716090276837349
./data/processed/test/Donald_Rumsfeld/Donald_Rumsfeld_0065.jpg,Donald_Rumsfeld,mask_eyes,Donald_Rumsfeld,True,0.07148005068302155
./data/processed/test/Donald_Rumsfeld/Donald_Rumsfeld_0065.jpg,Donald_Rumsfeld,mask_nose,Donald_Rumsfeld,True,0.07164308428764343
./data/processed/test/Donald_Rumsfeld/Donald_Rumsfeld_0065.jpg,Donald_Rumsfeld,mask_mouth,Donald_Rumsfeld,True,0.07161922752857208
./data/processed/test/Donald_Rumsfeld/Donald_Rumsfeld_0065.jpg,Donald_Rumsfeld,mask_face_oval,Michael_Schumacher,False,0.009430651552975178
./data/processed/test/Donald_Rumsfeld/Donald_Rumsfeld_0065.jpg,Donald_Rumsfeld,mask_outside_face,Donald_Rumsfeld,True,0.06822653114795685
./data/processed/test/Donald_Rumsfeld/Donald_Rumsfeld_0065.jpg,Donald_Rumsfeld,dark,Donald_Rumsfeld,True,0.0716249868273735
./data/processed/test/Donald_Rumsfeld/Donald_Rumsfeld_0065.jpg,Donald_Rumsfeld,bright,Donald_Rumsfeld,True,0.07163386046886444
./data/processed/test/Donald_Rumsfeld/Donald_Rumsfeld_0066.jpg,Donald_Rumsfeld,original,Donald_Rumsfeld,True,0.07160439342260361
./data/processed/test/Donald_Rumsfeld/Donald_Rumsfeld_0066.jpg,Donald_Rumsfeld,mask_eyes,Donald_Rumsfeld,True,0.071405790746212
./data/processed/test/Donald_Rumsfeld/Donald_Rumsfeld_0066.jpg,Donald_Rumsfeld,mask_nose,Donald_Rumsfeld,True,0.07164424657821655
./data/processed/test/Donald_Rumsfeld/Donald_Rumsfeld_0066.jpg,Donald_Rumsfeld,mask_mouth,Donald_Rumsfeld,True,0.07162574678659439
./data/processed/test/Donald_Rumsfeld/Donald_Rumsfeld_0066.jpg,Donald_Rumsfeld,mask_face_oval,Michael_Schumacher,False,0.010106770321726799
./data/processed/test/Donald_Rumsfeld/Donald_Rumsfeld_0066.jpg,Donald_Rumsfeld,mask_outside_face,Donald_Rumsfeld,True,0.06960194557905197
./data/processed/test/Donald_Rumsfeld/Donald_Rumsfeld_0066.jpg,Donald_Rumsfeld,dark,Donald_Rumsfeld,True,0.07170820981264114
./data/processed/test/Donald_Rumsfeld/Donald_Rumsfeld_0066.jpg,Donald_Rumsfeld,bright,Donald_Rumsfeld,True,0.07160213589668274
./data/processed/test/Donald_Rumsfeld/Donald_Rumsfeld_0071.jpg,Donald_Rumsfeld,original,Donald_Rumsfeld,True,0.07148236036300659
./data/processed/test/Donald_Rumsfeld/Donald_Rumsfeld_0071.jpg,Donald_Rumsfeld,mask_eyes,Donald_Rumsfeld,True,0.07131626456975937
./data/processed/test/Donald_Rumsfeld/Donald_Rumsfeld_0071.jpg,Donald_Rumsfeld,mask_nose,Donald_Rumsfeld,True,0.07161056995391846
./data/processed/test/Donald_Rumsfeld/Donald_Rumsfeld_0071.jpg,Donald_Rumsfeld,mask_mouth,Donald_Rumsfeld,True,0.07148585468530655
./data/processed/test/Donald_Rumsfeld/Donald_Rumsfeld_0071.jpg,Donald_Rumsfeld,mask_face_oval,Jiang_Zemin,False,0.010633126832544804
./data/processed/test/Donald_Rumsfeld/Donald_Rumsfeld_0071.jpg,Donald_Rumsfeld,mask_outside_face,Donald_Rumsfeld,True,0.06857157498598099
./data/processed/test/Donald_Rumsfeld/Donald_Rumsfeld_0071.jpg,Donald_Rumsfeld,dark,Donald_Rumsfeld,True,0.07157357037067413
./data/processed/test/Donald_Rumsfeld/Donald_Rumsfeld_0071.jpg,Donald_Rumsfeld,bright,Donald_Rumsfeld,True,0.07152386754751205
./data/processed/test/Donald_Rumsfeld/Donald_Rumsfeld_0074.jpg,Donald_Rumsfeld,original,Donald_Rumsfeld,True,0.07110979408025742
./data/processed/test/Donald_Rumsfeld/Donald_Rumsfeld_0074.jpg,Donald_Rumsfeld,mask_eyes,Donald_Rumsfeld,True,0.07024869322776794
./data/processed/test/Donald_Rumsfeld/Donald_Rumsfeld_0074.jpg,Donald_Rumsfeld,mask_nose,Donald_Rumsfeld,True,0.07125256955623627
./data/processed/test/Donald_Rumsfeld/Donald_Rumsfeld_0074.jpg,Donald_Rumsfeld,mask_mouth,Donald_Rumsfeld,True,0.07127323001623154
./data/processed/test/Donald_Rumsfeld/Donald_Rumsfeld_0074.jpg,Donald_Rumsfeld,mask_face_oval,Jiang_Zemin,False,0.009779530577361584
./data/processed/test/Donald_Rumsfeld/Donald_Rumsfeld_0074.jpg,Donald_Rumsfeld,mask_outside_face,Donald_Rumsfeld,True,0.059347279369831085
./data/processed/test/Donald_Rumsfeld/Donald_Rumsfeld_0074.jpg,Donald_Rumsfeld,dark,Donald_Rumsfeld,True,0.0712774321436882
./data/processed/test/Donald_Rumsfeld/Donald_Rumsfeld_0074.jpg,Donald_Rumsfeld,bright,Donald_Rumsfeld,True,0.07098063826560974
./data/processed/test/Donald_Rumsfeld/Donald_Rumsfeld_0090.jpg,Donald_Rumsfeld,original,Donald_Rumsfeld,True,0.0716148167848587
./data/processed/test/Donald_Rumsfeld/Donald_Rumsfeld_0090.jpg,Donald_Rumsfeld,mask_eyes,Donald_Rumsfeld,True,0.07148753106594086
./data/processed/test/Donald_Rumsfeld/Donald_Rumsfeld_0090.jpg,Donald_Rumsfeld,mask_nose,Donald_Rumsfeld,True,0.07171322405338287
./data/processed/test/Donald_Rumsfeld/Donald_Rumsfeld_0090.jpg,Donald_Rumsfeld,mask_mouth,Donald_Rumsfeld,True,0.07164639234542847
./data/processed/test/Donald_Rumsfeld/Donald_Rumsfeld_0090.jpg,Donald_Rumsfeld,mask_face_oval,Michael_Schumacher,False,0.00983793381601572
./data/processed/test/Donald_Rumsfeld/Donald_Rumsfeld_0090.jpg,Donald_Rumsfeld,mask_outside_face,Donald_Rumsfeld,True,0.06643278151750565
./data/processed/test/Donald_Rumsfeld/Donald_Rumsfeld_0090.jpg,Donald_Rumsfeld,dark,Donald_Rumsfeld,True,0.07160931825637817
./data/processed/test/Donald_Rumsfeld/Donald_Rumsfeld_0090.jpg,Donald_Rumsfeld,bright,Donald_Rumsfeld,True,0.07156149297952652
./data/processed/test/Donald_Rumsfeld/Donald_Rumsfeld_0091.jpg,Donald_Rumsfeld,original,Donald_Rumsfeld,True,0.07158340513706207
./data/processed/test/Donald_Rumsfeld/Donald_Rumsfeld_0091.jpg,Donald_Rumsfeld,mask_eyes,Donald_Rumsfeld,True,0.07140996307134628
./data/processed/test/Donald_Rumsfeld/Donald_Rumsfeld_0091.jpg,Donald_Rumsfeld,mask_nose,Donald_Rumsfeld,True,0.07171566039323807
./data/processed/test/Donald_Rumsfeld/Donald_Rumsfeld_0091.jpg,Donald_Rumsfeld,mask_mouth,Donald_Rumsfeld,True,0.07157395780086517
./data/processed/test/Donald_Rumsfeld/Donald_Rumsfeld_0091.jpg,Donald_Rumsfeld,mask_face_oval,Tony_Blair,False,0.010061172768473625
./data/processed/test/Donald_Rumsfeld/Donald_Rumsfeld_0091.jpg,Donald_Rumsfeld,mask_outside_face,Donald_Rumsfeld,True,0.06695295125246048
./data/processed/test/Donald_Rumsfeld/Donald_Rumsfeld_0091.jpg,Donald_Rumsfeld,dark,Donald_Rumsfeld,True,0.071639783680439
./data/processed/test/Donald_Rumsfeld/Donald_Rumsfeld_0091.jpg,Donald_Rumsfeld,bright,Donald_Rumsfeld,True,0.07148563116788864
./data/processed/test/Donald_Rumsfeld/Donald_Rumsfeld_0105.jpg,Donald_Rumsfeld,original,Donald_Rumsfeld,True,0.07122331857681274
./data/processed/test/Donald_Rumsfeld/Donald_Rumsfeld_0105.jpg,Donald_Rumsfeld,mask_eyes,Donald_Rumsfeld,True,0.07121847569942474
./data/processed/test/Donald_Rumsfeld/Donald_Rumsfeld_0105.jpg,Donald_Rumsfeld,mask_nose,Donald_Rumsfeld,True,0.07122714072465897
./data/processed/test/Donald_Rumsfeld/Donald_Rumsfeld_0105.jpg,Donald_Rumsfeld,mask_mouth,Donald_Rumsfeld,True,0.0711839571595192
./data/processed/test/Donald_Rumsfeld/Donald_Rumsfeld_0105.jpg,Donald_Rumsfeld,mask_face_oval,Michael_Schumacher,False,0.01044457871466875
./data/processed/test/Donald_Rumsfeld/Donald_Rumsfeld_0105.jpg,Donald_Rumsfeld,mask_outside_face,Donald_Rumsfeld,True,0.06346765160560608
./data/processed/test/Donald_Rumsfeld/Donald_Rumsfeld_0105.jpg,Donald_Rumsfeld,dark,Donald_Rumsfeld,True,0.07105214893817902
./data/processed/test/Donald_Rumsfeld/Donald_Rumsfeld_0105.jpg,Donald_Rumsfeld,bright,Donald_Rumsfeld,True,0.07085055857896805
./data/processed/test/Donald_Rumsfeld/Donald_Rumsfeld_0109.jpg,Donald_Rumsfeld,original,Donald_Rumsfeld,True,0.07148683816194534
./data/processed/test/Donald_Rumsfeld/Donald_Rumsfeld_0109.jpg,Donald_Rumsfeld,mask_eyes,Donald_Rumsfeld,True,0.07139446586370468
./data/processed/test/Donald_Rumsfeld/Donald_Rumsfeld_0109.jpg,Donald_Rumsfeld,mask_nose,Donald_Rumsfeld,True,0.07158113270998001
./data/processed/test/Donald_Rumsfeld/Donald_Rumsfeld_0109.jpg,Donald_Rumsfeld,mask_mouth,Donald_Rumsfeld,True,0.07144531607627869
./data/processed/test/Donald_Rumsfeld/Donald_Rumsfeld_0109.jpg,Donald_Rumsfeld,mask_face_oval,Jiang_Zemin,False,0.010155229829251766
./data/processed/test/Donald_Rumsfeld/Donald_Rumsfeld_0109.jpg,Donald_Rumsfeld,mask_outside_face,Donald_Rumsfeld,True,0.06984280049800873
./data/processed/test/Donald_Rumsfeld/Donald_Rumsfeld_0109.jpg,Donald_Rumsfeld,dark,Donald_Rumsfeld,True,0.07158583402633667
./data/processed/test/Donald_Rumsfeld/Donald_Rumsfeld_0109.jpg,Donald_Rumsfeld,bright,Donald_Rumsfeld,True,0.07154408097267151
./data/processed/test/Donald_Rumsfeld/Donald_Rumsfeld_0111.jpg,Donald_Rumsfeld,original,Donald_Rumsfeld,True,0.07156240195035934
./data/processed/test/Donald_Rumsfeld/Donald_Rumsfeld_0111.jpg,Donald_Rumsfeld,mask_eyes,Donald_Rumsfeld,True,0.07143979519605637
./data/processed/test/Donald_Rumsfeld/Donald_Rumsfeld_0111.jpg,Donald_Rumsfeld,mask_nose,Donald_Rumsfeld,True,0.07158871740102768
./data/processed/test/Donald_Rumsfeld/Donald_Rumsfeld_0111.jpg,Donald_Rumsfeld,mask_mouth,Donald_Rumsfeld,True,0.07159972935914993
./data/processed/test/Donald_Rumsfeld/Donald_Rumsfeld_0111.jpg,Donald_Rumsfeld,mask_face_oval,Michael_Schumacher,False,0.00967992004007101
./data/processed/test/Donald_Rumsfeld/Donald_Rumsfeld_0111.jpg,Donald_Rumsfeld,mask_outside_face,Donald_Rumsfeld,True,0.06782522797584534
./data/processed/test/Donald_Rumsfeld/Donald_Rumsfeld_0111.jpg,Donald_Rumsfeld,dark,Donald_Rumsfeld,True,0.07156112045049667
./data/processed/test/Donald_Rumsfeld/Donald_Rumsfeld_0111.jpg,Donald_Rumsfeld,bright,Donald_Rumsfeld,True,0.07157950103282928
./data/processed/test/Donald_Rumsfeld/Donald_Rumsfeld_0119.jpg,Donald_Rumsfeld,original,Donald_Rumsfeld,True,0.07156495749950409
./data/processed/test/Donald_Rumsfeld/Donald_Rumsfeld_0119.jpg,Donald_Rumsfeld,mask_eyes,Donald_Rumsfeld,True,0.07146241515874863
./data/processed/test/Donald_Rumsfeld/Donald_Rumsfeld_0119.jpg,Donald_Rumsfeld,mask_nose,Donald_Rumsfeld,True,0.07151256501674652
./data/processed/test/Donald_Rumsfeld/Donald_Rumsfeld_0119.jpg,Donald_Rumsfeld,mask_mouth,Donald_Rumsfeld,True,0.07155900448560715
./data/processed/test/Donald_Rumsfeld/Donald_Rumsfeld_0119.jpg,Donald_Rumsfeld,mask_face_oval,Jiang_Zemin,False,0.010250034742057323
./data/processed/test/Donald_Rumsfeld/Donald_Rumsfeld_0119.jpg,Donald_Rumsfeld,mask_outside_face,Donald_Rumsfeld,True,0.04848520830273628
./data/processed/test/Donald_Rumsfeld/Donald_Rumsfeld_0119.jpg,Donald_Rumsfeld,dark,Donald_Rumsfeld,True,0.07163213938474655
./data/processed/test/Donald_Rumsfeld/Donald_Rumsfeld_0119.jpg,Donald_Rumsfeld,bright,Donald_Rumsfeld,True,0.07146283984184265
./data/processed/test/Edmund_Stoiber/Edmund_Stoiber_0001.jpg,Edmund_Stoiber,original,Ariel_Sharon,False,0.014579777605831623
./data/processed/test/Edmund_Stoiber/Edmund_Stoiber_0001.jpg,Edmund_Stoiber,mask_eyes,Ariel_Sharon,False,0.012856301851570606
./data/processed/test/Edmund_Stoiber/Edmund_Stoiber_0001.jpg,Edmund_Stoiber,mask_nose,Ariel_Sharon,False,0.014197316952049732
./data/processed/test/Edmund_Stoiber/Edmund_Stoiber_0001.jpg,Edmund_Stoiber,mask_mouth,Ariel_Sharon,False,0.01573498547077179
./data/processed/test/Edmund_Stoiber/Edmund_Stoiber_0001.jpg,Edmund_Stoiber,mask_face_oval,Michael_Schumacher,False,0.009852034971117973
./data/processed/test/Edmund_Stoiber/Edmund_Stoiber_0001.jpg,Edmund_Stoiber,mask_outside_face,Donald_Rumsfeld,False,0.01180674135684967
./data/processed/test/Edmund_Stoiber/Edmund_Stoiber_0001.jpg,Edmund_Stoiber,dark,Ariel_Sharon,False,0.014896774664521217
./data/processed/test/Edmund_Stoiber/Edmund_Stoiber_0001.jpg,Edmund_Stoiber,bright,Ariel_Sharon,False,0.013678821735084057
./data/processed/test/Edmund_Stoiber/Edmund_Stoiber_0010.jpg,Edmund_Stoiber,original,Ariel_Sharon,False,0.016905609518289566
./data/processed/test/Edmund_Stoiber/Edmund_Stoiber_0010.jpg,Edmund_Stoiber,mask_eyes,Ariel_Sharon,False,0.015335197560489178
./data/processed/test/Edmund_Stoiber/Edmund_Stoiber_0010.jpg,Edmund_Stoiber,mask_nose,Ariel_Sharon,False,0.017949769273400307
./data/processed/test/Edmund_Stoiber/Edmund_Stoiber_0010.jpg,Edmund_Stoiber,mask_mouth,Ariel_Sharon,False,0.018934058025479317
./data/processed/test/Edmund_Stoiber/Edmund_Stoiber_0010.jpg,Edmund_Stoiber,mask_face_oval,Ariel_Sharon,False,0.009910407476127148
./data/processed/test/Edmund_Stoiber/Edmund_Stoiber_0010.jpg,Edmund_Stoiber,mask_outside_face,Donald_Rumsfeld,False,0.01501239649951458
./data/processed/test/Edmund_Stoiber/Edmund_Stoiber_0010.jpg,Edmund_Stoiber,dark,Ariel_Sharon,False,0.01737065054476261
./data/processed/test/Edmund_Stoiber/Edmund_Stoiber_0010.jpg,Edmund_Stoiber,bright,Ariel_Sharon,False,0.014793015085160732
./data/processed/test/Edmund_Stoiber/Edmund_Stoiber_0012.jpg,Edmund_Stoiber,original,Rudolph_Giuliani,False,0.013654522597789764
./data/processed/test/Edmund_Stoiber/Edmund_Stoiber_0012.jpg,Edmund_Stoiber,mask_eyes,Rudolph_Giuliani,False,0.014072611927986145
./data/processed/test/Edmund_Stoiber/Edmund_Stoiber_0012.jpg,Edmund_Stoiber,mask_nose,John_Howard,False,0.014008971862494946
./data/processed/test/Edmund_Stoiber/Edmund_Stoiber_0012.jpg,Edmund_Stoiber,mask_mouth,Rudolph_Giuliani,False,0.014553829096257687
./data/processed/test/Edmund_Stoiber/Edmund_Stoiber_0012.jpg,Edmund_Stoiber,mask_face_oval,Michael_Schumacher,False,0.011111525818705559
./data/processed/test/Edmund_Stoiber/Edmund_Stoiber_0012.jpg,Edmund_Stoiber,mask_outside_face,John_Howard,False,0.011581449769437313
./data/processed/test/Edmund_Stoiber/Edmund_Stoiber_0012.jpg,Edmund_Stoiber,dark,Rudolph_Giuliani,False,0.01472222339361906
./data/processed/test/Edmund_Stoiber/Edmund_Stoiber_0012.jpg,Edmund_Stoiber,bright,Rudolph_Giuliani,False,0.013727274723351002
./data/processed/test/Eduardo_Duhalde/Eduardo_Duhalde_0001.jpg,Eduardo_Duhalde,original,Alejandro_Toledo,False,0.01334009226411581
./data/processed/test/Eduardo_Duhalde/Eduardo_Duhalde_0001.jpg,Eduardo_Duhalde,mask_eyes,Alejandro_Toledo,False,0.012062384746968746
./data/processed/test/Eduardo_Duhalde/Eduardo_Duhalde_0001.jpg,Eduardo_Duhalde,mask_nose,Alejandro_Toledo,False,0.012499308213591576
./data/processed/test/Eduardo_Duhalde/Eduardo_Duhalde_0001.jpg,Eduardo_Duhalde,mask_mouth,Alejandro_Toledo,False,0.013330431655049324
./data/processed/test/Eduardo_Duhalde/Eduardo_Duhalde_0001.jpg,Eduardo_Duhalde,mask_face_oval,Hugo_Chavez,False,0.010276814922690392
./data/processed/test/Eduardo_Duhalde/Eduardo_Duhalde_0001.jpg,Eduardo_Duhalde,mask_outside_face,Nestor_Kirchner,False,0.010738271288573742
./data/processed/test/Eduardo_Duhalde/Eduardo_Duhalde_0001.jpg,Eduardo_Duhalde,dark,Alejandro_Toledo,False,0.013325680047273636
./data/processed/test/Eduardo_Duhalde/Eduardo_Duhalde_0001.jpg,Eduardo_Duhalde,bright,Alejandro_Toledo,False,0.014723865315318108
./data/processed/test/Eduardo_Duhalde/Eduardo_Duhalde_0010.jpg,Eduardo_Duhalde,original,Eduardo_Duhalde,True,0.01194077730178833
./data/processed/test/Eduardo_Duhalde/Eduardo_Duhalde_0010.jpg,Eduardo_Duhalde,mask_eyes,Eduardo_Duhalde,True,0.011674496345221996
./data/processed/test/Eduardo_Duhalde/Eduardo_Duhalde_0010.jpg,Eduardo_Duhalde,mask_nose,Eduardo_Duhalde,True,0.011980639770627022
./data/processed/test/Eduardo_Duhalde/Eduardo_Duhalde_0010.jpg,Eduardo_Duhalde,mask_mouth,Eduardo_Duhalde,True,0.01204757485538721
./data/processed/test/Eduardo_Duhalde/Eduardo_Duhalde_0010.jpg,Eduardo_Duhalde,mask_face_oval,Arnold_Schwarzenegger,False,0.009993774816393852
./data/processed/test/Eduardo_Duhalde/Eduardo_Duhalde_0010.jpg,Eduardo_Duhalde,mask_outside_face,Silvio_Berlusconi,False,0.011049737222492695
./data/processed/test/Eduardo_Duhalde/Eduardo_Duhalde_0010.jpg,Eduardo_Duhalde,dark,Eduardo_Duhalde,True,0.01201867125928402
./data/processed/test/Eduardo_Duhalde/Eduardo_Duhalde_0010.jpg,Eduardo_Duhalde,bright,Alejandro_Toledo,False,0.012795229442417622
./data/processed/test/Eduardo_Duhalde/Eduardo_Duhalde_0012.jpg,Eduardo_Duhalde,original,Alejandro_Toledo,False,0.015034487470984459
./data/processed/test/Eduardo_Duhalde/Eduardo_Duhalde_0012.jpg,Eduardo_Duhalde,mask_eyes,Alejandro_Toledo,False,0.013424152508378029
./data/processed/test/Eduardo_Duhalde/Eduardo_Duhalde_0012.jpg,Eduardo_Duhalde,mask_nose,Eduardo_Duhalde,True,0.011792169883847237
./data/processed/test/Eduardo_Duhalde/Eduardo_Duhalde_0012.jpg,Eduardo_Duhalde,mask_mouth,Alejandro_Toledo,False,0.014418654143810272
./data/processed/test/Eduardo_Duhalde/Eduardo_Duhalde_0012.jpg,Eduardo_Duhalde,mask_face_oval,Michael_Schumacher,False,0.009465159848332405
./data/processed/test/Eduardo_Duhalde/Eduardo_Duhalde_0012.jpg,Eduardo_Duhalde,mask_outside_face,Ariel_Sharon,False,0.012516654096543789
./data/processed/test/Eduardo_Duhalde/Eduardo_Duhalde_0012.jpg,Eduardo_Duhalde,dark,Alejandro_Toledo,False,0.014764613471925259
./data/processed/test/Eduardo_Duhalde/Eduardo_Duhalde_0012.jpg,Eduardo_Duhalde,bright,Alejandro_Toledo,False,0.015674777328968048
./data/processed/test/Fidel_Castro/Fidel_Castro_0001.jpg,Fidel_Castro,original,Fidel_Castro,True,0.01478908583521843
./data/processed/test/Fidel_Castro/Fidel_Castro_0001.jpg,Fidel_Castro,mask_eyes,Fidel_Castro,True,0.014833438210189342
./data/processed/test/Fidel_Castro/Fidel_Castro_0001.jpg,Fidel_Castro,mask_nose,Fidel_Castro,True,0.014710952527821064
./data/processed/test/Fidel_Castro/Fidel_Castro_0001.jpg,Fidel_Castro,mask_mouth,Fidel_Castro,True,0.014454786665737629
./data/processed/test/Fidel_Castro/Fidel_Castro_0001.jpg,Fidel_Castro,mask_face_oval,Jiang_Zemin,False,0.010066301561892033
./data/processed/test/Fidel_Castro/Fidel_Castro_0001.jpg,Fidel_Castro,mask_outside_face,Hamid_Karzai,False,0.013951482251286507
./data/processed/test/Fidel_Castro/Fidel_Castro_0001.jpg,Fidel_Castro,dark,Fidel_Castro,True,0.014406953938305378
./data/processed/test/Fidel_Castro/Fidel_Castro_0001.jpg,Fidel_Castro,bright,Fidel_Castro,True,0.014745458960533142
./data/processed/test/Fidel_Castro/Fidel_Castro_0002.jpg,Fidel_Castro,original,Fidel_Castro,True,0.013932487927377224
./data/processed/test/Fidel_Castro/Fidel_Castro_0002.jpg,Fidel_Castro,mask_eyes,Fidel_Castro,True,0.013563555665314198
./data/processed/test/Fidel_Castro/Fidel_Castro_0002.jpg,Fidel_Castro,mask_nose,Fidel_Castro,True,0.013059855438768864
./data/processed/test/Fidel_Castro/Fidel_Castro_0002.jpg,Fidel_Castro,mask_mouth,Fidel_Castro,True,0.013157939538359642
./data/processed/test/Fidel_Castro/Fidel_Castro_0002.jpg,Fidel_Castro,mask_face_oval,Hugo_Chavez,False,0.010086455382406712
./data/processed/test/Fidel_Castro/Fidel_Castro_0002.jpg,Fidel_Castro,mask_outside_face,Fidel_Castro,True,0.011668971739709377
./data/processed/test/Fidel_Castro/Fidel_Castro_0002.jpg,Fidel_Castro,dark,Fidel_Castro,True,0.013366889208555222
./data/processed/test/Fidel_Castro/Fidel_Castro_0002.jpg,Fidel_Castro,bright,Fidel_Castro,True,0.01239565946161747
./data/processed/test/Fidel_Castro/Fidel_Castro_0006.jpg,Fidel_Castro,original,Fidel_Castro,True,0.014902274124324322
./data/processed/test/Fidel_Castro/Fidel_Castro_0006.jpg,Fidel_Castro,mask_eyes,Fidel_Castro,True,0.01459792535752058
./data/processed/test/Fidel_Castro/Fidel_Castro_0006.jpg,Fidel_Castro,mask_nose,Fidel_Castro,True,0.014829893596470356
./data/processed/test/Fidel_Castro/Fidel_Castro_0006.jpg,Fidel_Castro,mask_mouth,Fidel_Castro,True,0.014783957973122597
./data/processed/test/Fidel_Castro/Fidel_Castro_0006.jpg,Fidel_Castro,mask_face_oval,Lance_Armstrong,False,0.009719522669911385
./data/processed/test/Fidel_Castro/Fidel_Castro_0006.jpg,Fidel_Castro,mask_outside_face,Fidel_Castro,True,0.012966874986886978
./data/processed/test/Fidel_Castro/Fidel_Castro_0006.jpg,Fidel_Castro,dark,Fidel_Castro,True,0.014595196582376957
./data/processed/test/Fidel_Castro/Fidel_Castro_0006.jpg,Fidel_Castro,bright,Fidel_Castro,True,0.014722711406648159
./data/processed/test/Fidel_Castro/Fidel_Castro_0009.jpg,Fidel_Castro,original,Fidel_Castro,True,0.01486515998840332
./data/processed/test/Fidel_Castro/Fidel_Castro_0009.jpg,Fidel_Castro,mask_eyes,Fidel_Castro,True,0.014851839281618595
./data/processed/test/Fidel_Castro/Fidel_Castro_0009.jpg,Fidel_Castro,mask_nose,Fidel_Castro,True,0.014809559099376202
./data/processed/test/Fidel_Castro/Fidel_Castro_0009.jpg,Fidel_Castro,mask_mouth,Fidel_Castro,True,0.014817734248936176
./data/processed/test/Fidel_Castro/Fidel_Castro_0009.jpg,Fidel_Castro,mask_face_oval,Michael_Schumacher,False,0.010642711073160172
./data/processed/test/Fidel_Castro/Fidel_Castro_0009.jpg,Fidel_Castro,mask_outside_face,Fidel_Castro,True,0.013925658538937569
./data/processed/test/Fidel_Castro/Fidel_Castro_0009.jpg,Fidel_Castro,dark,Fidel_Castro,True,0.014510688371956348
./data/processed/test/Fidel_Castro/Fidel_Castro_0009.jpg,Fidel_Castro,bright,Fidel_Castro,True,0.014817724004387856
./data/processed/test/George_HW_Bush/George_HW_Bush_0001.jpg,George_HW_Bush,original,Gerhard_Schroeder,False,0.01308908686041832
./data/processed/test/George_HW_Bush/George_HW_Bush_0001.jpg,George_HW_Bush,mask_eyes,Gerhard_Schroeder,False,0.0127568319439888
./data/processed/test/George_HW_Bush/George_HW_Bush_0001.jpg,George_HW_Bush,mask_nose,Gerhard_Schroeder,False,0.012037880718708038
./data/processed/test/George_HW_Bush/George_HW_Bush_0001.jpg,George_HW_Bush,mask_mouth,Gerhard_Schroeder,False,0.012172213755548
./data/processed/test/George_HW_Bush/George_HW_Bush_0001.jpg,George_HW_Bush,mask_face_oval,Michael_Schumacher,False,0.009981500916182995
./data/processed/test/George_HW_Bush/George_HW_Bush_0001.jpg,George_HW_Bush,mask_outside_face,Gerhard_Schroeder,False,0.01232941448688507
./data/processed/test/George_HW_Bush/George_HW_Bush_0001.jpg,George_HW_Bush,dark,Gerhard_Schroeder,False,0.01219993270933628
./data/processed/test/George_HW_Bush/George_HW_Bush_0001.jpg,George_HW_Bush,bright,Gerhard_Schroeder,False,0.01221657544374466
./data/processed/test/George_HW_Bush/George_HW_Bush_0010.jpg,George_HW_Bush,original,Gerhard_Schroeder,False,0.012431123293936253
./data/processed/test/George_HW_Bush/George_HW_Bush_0010.jpg,George_HW_Bush,mask_eyes,Gerhard_Schroeder,False,0.014160399325191975
./data/processed/test/George_HW_Bush/George_HW_Bush_0010.jpg,George_HW_Bush,mask_nose,Vicente_Fox,False,0.011781822890043259
./data/processed/test/George_HW_Bush/George_HW_Bush_0010.jpg,George_HW_Bush,mask_mouth,George_W_Bush,False,0.01178643386811018
./data/processed/test/George_HW_Bush/George_HW_Bush_0010.jpg,George_HW_Bush,mask_face_oval,Hugo_Chavez,False,0.010072196833789349
./data/processed/test/George_HW_Bush/George_HW_Bush_0010.jpg,George_HW_Bush,mask_outside_face,Vicente_Fox,False,0.011236661113798618
./data/processed/test/George_HW_Bush/George_HW_Bush_0010.jpg,George_HW_Bush,dark,George_W_Bush,False,0.033720463514328
./data/processed/test/George_HW_Bush/George_HW_Bush_0010.jpg,George_HW_Bush,bright,Gerhard_Schroeder,False,0.01500784419476986
./data/processed/test/George_HW_Bush/George_HW_Bush_0012.jpg,George_HW_Bush,original,George_HW_Bush,True,0.01297320518642664
./data/processed/test/George_HW_Bush/George_HW_Bush_0012.jpg,George_HW_Bush,mask_eyes,George_HW_Bush,True,0.013125522062182426
./data/processed/test/George_HW_Bush/George_HW_Bush_0012.jpg,George_HW_Bush,mask_nose,George_HW_Bush,True,0.012322016060352325
./data/processed/test/George_HW_Bush/George_HW_Bush_0012.jpg,George_HW_Bush,mask_mouth,George_HW_Bush,True,0.012446582317352295
./data/processed/test/George_HW_Bush/George_HW_Bush_0012.jpg,George_HW_Bush,mask_face_oval,Hugo_Chavez,False,0.011577507480978966
./data/processed/test/George_HW_Bush/George_HW_Bush_0012.jpg,George_HW_Bush,mask_outside_face,Michael_Bloomberg,False,0.012318986468017101
./data/processed/test/George_HW_Bush/George_HW_Bush_0012.jpg,George_HW_Bush,dark,George_HW_Bush,True,0.01284110639244318
./data/processed/test/George_HW_Bush/George_HW_Bush_0012.jpg,George_HW_Bush,bright,George_HW_Bush,True,0.013138520531356335
./data/processed/test/George_Robertson/George_Robertson_0001.jpg,George_Robertson,original,Gerhard_Schroeder,False,0.025421379134058952
./data/processed/test/George_Robertson/George_Robertson_0001.jpg,George_Robertson,mask_eyes,Gerhard_Schroeder,False,0.022897712886333466
./data/processed/test/George_Robertson/George_Robertson_0001.jpg,George_Robertson,mask_nose,Gerhard_Schroeder,False,0.023711087182164192
./data/processed/test/George_Robertson/George_Robertson_0001.jpg,George_Robertson,mask_mouth,Gerhard_Schroeder,False,0.025698432698845863
./data/processed/test/George_Robertson/George_Robertson_0001.jpg,George_Robertson,mask_face_oval,Arnold_Schwarzenegger,False,0.010212566703557968
./data/processed/test/George_Robertson/George_Robertson_0001.jpg,George_Robertson,mask_outside_face,Gerhard_Schroeder,False,0.021030226722359657
./data/processed/test/George_Robertson/George_Robertson_0001.jpg,George_Robertson,dark,Gerhard_Schroeder,False,0.024681266397237778
./data/processed/test/George_Robertson/George_Robertson_0001.jpg,George_Robertson,bright,Gerhard_Schroeder,False,0.028250552713871002
./data/processed/test/George_Robertson/George_Robertson_0002.jpg,George_Robertson,original,Gerhard_Schroeder,False,0.019613539800047874
./data/processed/test/George_Robertson/George_Robertson_0002.jpg,George_Robertson,mask_eyes,Gerhard_Schroeder,False,0.023016463965177536
./data/processed/test/George_Robertson/George_Robertson_0002.jpg,George_Robertson,mask_nose,Gerhard_Schroeder,False,0.019446199759840965
./data/processed/test/George_Robertson/George_Robertson_0002.jpg,George_Robertson,mask_mouth,Gerhard_Schroeder,False,0.018819183111190796
./data/processed/test/George_Robertson/George_Robertson_0002.jpg,George_Robertson,mask_face_oval,Jose_Maria_Aznar,False,0.010749898850917816
./data/processed/test/George_Robertson/George_Robertson_0002.jpg,George_Robertson,mask_outside_face,Hans_Blix,False,0.01370049174875021
./data/processed/test/George_Robertson/George_Robertson_0002.jpg,George_Robertson,dark,Gerhard_Schroeder,False,0.01907665841281414
./data/processed/test/George_Robertson/George_Robertson_0002.jpg,George_Robertson,bright,Gerhard_Schroeder,False,0.020149657502770424
./data/processed/test/George_Robertson/George_Robertson_0009.jpg,George_Robertson,original,George_Robertson,True,0.01817801035940647
./data/processed/test/George_Robertson/George_Robertson_0009.jpg,George_Robertson,mask_eyes,George_Robertson,True,0.017804844304919243
./data/processed/test/George_Robertson/George_Robertson_0009.jpg,George_Robertson,mask_nose,George_Robertson,True,0.01804729551076889
./data/processed/test/George_Robertson/George_Robertson_0009.jpg,George_Robertson,mask_mouth,George_Robertson,True,0.018094979226589203
./data/processed/test/George_Robertson/George_Robertson_0009.jpg,George_Robertson,mask_face_oval,Jose_Maria_Aznar,False,0.01076448429375887
./data/processed/test/George_Robertson/George_Robertson_0009.jpg,George_Robertson,mask_outside_face,George_Robertson,True,0.011495895683765411
./data/processed/test/George_Robertson/George_Robertson_0009.jpg,George_Robertson,dark,George_Robertson,True,0.01778065413236618
./data/processed/test/George_Robertson/George_Robertson_0009.jpg,George_Robertson,bright,George_Robertson,True,0.017628313973546028
./data/processed/test/George_Robertson/George_Robertson_0014.jpg,George_Robertson,original,Gerhard_Schroeder,False,0.026939893141388893
./data/processed/test/George_Robertson/George_Robertson_0014.jpg,George_Robertson,mask_eyes,Gerhard_Schroeder,False,0.02962634153664112
./data/processed/test/George_Robertson/George_Robertson_0014.jpg,George_Robertson,mask_nose,Gerhard_Schroeder,False,0.021406320855021477
./data/processed/test/George_Robertson/George_Robertson_0014.jpg,George_Robertson,mask_mouth,Gerhard_Schroeder,False,0.026588179171085358
./data/processed/test/George_Robertson/George_Robertson_0014.jpg,George_Robertson,mask_face_oval,Jose_Maria_Aznar,False,0.009901780635118484
./data/processed/test/George_Robertson/George_Robertson_0014.jpg,George_Robertson,mask_outside_face,John_Snow,False,0.013633309863507748
./data/processed/test/George_Robertson/George_Robertson_0014.jpg,George_Robertson,dark,Gerhard_Schroeder,False,0.03138217702507973
./data/processed/test/George_Robertson/George_Robertson_0014.jpg,George_Robertson,bright,Gerhard_Schroeder,False,0.026892460882663727
./data/processed/test/George_Robertson/George_Robertson_0016.jpg,George_Robertson,original,Gerhard_Schroeder,False,0.021412460133433342
./data/processed/test/George_Robertson/George_Robertson_0016.jpg,George_Robertson,mask_eyes,Gerhard_Schroeder,False,0.021592820063233376
./data/processed/test/George_Robertson/George_Robertson_0016.jpg,George_Robertson,mask_nose,Gerhard_Schroeder,False,0.020202798768877983
./data/processed/test/George_Robertson/George_Robertson_0016.jpg,George_Robertson,mask_mouth,Gerhard_Schroeder,False,0.020976722240447998
./data/processed/test/George_Robertson/George_Robertson_0016.jpg,George_Robertson,mask_face_oval,Arnold_Schwarzenegger,False,0.010696232318878174
./data/processed/test/George_Robertson/George_Robertson_0016.jpg,George_Robertson,mask_outside_face,Gerhard_Schroeder,False,0.016779381781816483
./data/processed/test/George_Robertson/George_Robertson_0016.jpg,George_Robertson,dark,Gerhard_Schroeder,False,0.020976027473807335
./data/processed/test/George_Robertson/George_Robertson_0016.jpg,George_Robertson,bright,Gerhard_Schroeder,False,0.023939719423651695
./data/processed/test/George_W_Bush/George_W_Bush_0001.jpg,George_W_Bush,original,George_W_Bush,True,0.22180302441120148
./data/processed/test/George_W_Bush/George_W_Bush_0001.jpg,George_W_Bush,mask_eyes,George_W_Bush,True,0.22176940739154816
./data/processed/test/George_W_Bush/George_W_Bush_0001.jpg,George_W_Bush,mask_nose,George_W_Bush,True,0.2215760350227356
./data/processed/test/George_W_Bush/George_W_Bush_0001.jpg,George_W_Bush,mask_mouth,George_W_Bush,True,0.22180335223674774
./data/processed/test/George_W_Bush/George_W_Bush_0001.jpg,George_W_Bush,mask_face_oval,Michael_Schumacher,False,0.009591687470674515
./data/processed/test/George_W_Bush/George_W_Bush_0001.jpg,George_W_Bush,mask_outside_face,George_W_Bush,True,0.2209956794977188
./data/processed/test/George_W_Bush/George_W_Bush_0001.jpg,George_W_Bush,dark,George_W_Bush,True,0.22180914878845215
./data/processed/test/George_W_Bush/George_W_Bush_0001.jpg,George_W_Bush,bright,George_W_Bush,True,0.2217784821987152
./data/processed/test/George_W_Bush/George_W_Bush_0003.jpg,George_W_Bush,original,George_W_Bush,True,0.22157828509807587
./data/processed/test/George_W_Bush/George_W_Bush_0003.jpg,George_W_Bush,mask_eyes,George_W_Bush,True,0.22154143452644348
./data/processed/test/George_W_Bush/George_W_Bush_0003.jpg,George_W_Bush,mask_nose,George_W_Bush,True,0.22150643169879913
./data/processed/test/George_W_Bush/George_W_Bush_0003.jpg,George_W_Bush,mask_mouth,George_W_Bush,True,0.22161981463432312
./data/processed/test/George_W_Bush/George_W_Bush_0003.jpg,George_W_Bush,mask_face_oval,Hugo_Chavez,False,0.011792896315455437
./data/processed/test/George_W_Bush/George_W_Bush_0003.jpg,George_W_Bush,mask_outside_face,George_W_Bush,True,0.20765642821788788
./data/processed/test/George_W_Bush/George_W_Bush_0003.jpg,George_W_Bush,dark,George_W_Bush,True,0.22152858972549438
./data/processed/test/George_W_Bush/George_W_Bush_0003.jpg,George_W_Bush,bright,George_W_Bush,True,0.22136333584785461
./data/processed/test/George_W_Bush/George_W_Bush_0007.jpg,George_W_Bush,original,George_W_Bush,True,0.2218473255634308
./data/processed/test/George_W_Bush/George_W_Bush_0007.jpg,George_W_Bush,mask_eyes,George_W_Bush,True,0.22075065970420837
./data/processed/test/George_W_Bush/George_W_Bush_0007.jpg,George_W_Bush,mask_nose,George_W_Bush,True,0.22173383831977844
./data/processed/test/George_W_Bush/George_W_Bush_0007.jpg,George_W_Bush,mask_mouth,George_W_Bush,True,0.2218068391084671
./data/processed/test/George_W_Bush/George_W_Bush_0007.jpg,George_W_Bush,mask_face_oval,Jiang_Zemin,False,0.010317880660295486
./data/processed/test/George_W_Bush/George_W_Bush_0007.jpg,George_W_Bush,mask_outside_face,George_W_Bush,True,0.2179778665304184
./data/processed/test/George_W_Bush/George_W_Bush_0007.jpg,George_W_Bush,dark,George_W_Bush,True,0.22168785333633423
./data/processed/test/George_W_Bush/George_W_Bush_0007.jpg,George_W_Bush,bright,George_W_Bush,True,0.22178153693675995
./data/processed/test/George_W_Bush/George_W_Bush_0010.jpg,George_W_Bush,original,George_W_Bush,True,0.22165992856025696
./data/processed/test/George_W_Bush/George_W_Bush_0010.jpg,George_W_Bush,mask_eyes,George_W_Bush,True,0.22123557329177856
./data/processed/test/George_W_Bush/George_W_Bush_0010.jpg,George_W_Bush,mask_nose,George_W_Bush,True,0.220814511179924
./data/processed/test/George_W_Bush/George_W_Bush_0010.jpg,George_W_Bush,mask_mouth,George_W_Bush,True,0.22169505059719086
./data/processed/test/George_W_Bush/George_W_Bush_0010.jpg,George_W_Bush,mask_face_oval,Gerhard_Schroeder,False,0.010115304030478
./data/processed/test/George_W_Bush/George_W_Bush_0010.jpg,George_W_Bush,mask_outside_face,George_W_Bush,True,0.22037655115127563
./data/processed/test/George_W_Bush/George_W_Bush_0010.jpg,George_W_Bush,dark,George_W_Bush,True,0.22161121666431427
./data/processed/test/George_W_Bush/George_W_Bush_0010.jpg,George_W_Bush,bright,George_W_Bush,True,0.22168569266796112
./data/processed/test/George_W_Bush/George_W_Bush_0011.jpg,George_W_Bush,original,George_W_Bush,True,0.22179515659809113
./data/processed/test/George_W_Bush/George_W_Bush_0011.jpg,George_W_Bush,mask_eyes,George_W_Bush,True,0.22177881002426147
./data/processed/test/George_W_Bush/George_W_Bush_0011.jpg,George_W_Bush,mask_nose,George_W_Bush,True,0.22079572081565857
./data/processed/test/George_W_Bush/George_W_Bush_0011.jpg,George_W_Bush,mask_mouth,George_W_Bush,True,0.22172288596630096
./data/processed/test/George_W_Bush/George_W_Bush_0011.jpg,George_W_Bush,mask_face_oval,Michael_Schumacher,False,0.011090814135968685
./data/processed/test/George_W_Bush/George_W_Bush_0011.jpg,George_W_Bush,mask_outside_face,George_W_Bush,True,0.22140540182590485
./data/processed/test/George_W_Bush/George_W_Bush_0011.jpg,George_W_Bush,dark,George_W_Bush,True,0.2217039316892624
./data/processed/test/George_W_Bush/George_W_Bush_0011.jpg,George_W_Bush,bright,George_W_Bush,True,0.22148200869560242
./data/processed/test/George_W_Bush/George_W_Bush_0012.jpg,George_W_Bush,original,George_W_Bush,True,0.2218104749917984
./data/processed/test/George_W_Bush/George_W_Bush_0012.jpg,George_W_Bush,mask_eyes,George_W_Bush,True,0.22165650129318237
./data/processed/test/George_W_Bush/George_W_Bush_0012.jpg,George_W_Bush,mask_nose,George_W_Bush,True,0.22165650129318237
./data/processed/test/George_W_Bush/George_W_Bush_0012.jpg,George_W_Bush,mask_mouth,George_W_Bush,True,0.2218242585659027
./data/processed/test/George_W_Bush/George_W_Bush_0012.jpg,George_W_Bush,mask_face_oval,Jiang_Zemin,False,0.009582006372511387
./data/processed/test/George_W_Bush/George_W_Bush_0012.jpg,George_W_Bush,mask_outside_face,George_W_Bush,True,0.22020754218101501
./data/processed/test/George_W_Bush/George_W_Bush_0012.jpg,George_W_Bush,dark,George_W_Bush,True,0.22179870307445526
./data/processed/test/George_W_Bush/George_W_Bush_0012.jpg,George_W_Bush,bright,George_W_Bush,True,0.22185108065605164
./data/processed/test/George_W_Bush/George_W_Bush_0016.jpg,George_W_Bush,original,George_W_Bush,True,0.2217635065317154
./data/processed/test/George_W_Bush/George_W_Bush_0016.jpg,George_W_Bush,mask_eyes,George_W_Bush,True,0.2213452011346817
./data/processed/test/George_W_Bush/George_W_Bush_0016.jpg,George_W_Bush,mask_nose,George_W_Bush,True,0.22162243723869324
./data/processed/test/George_W_Bush/George_W_Bush_0016.jpg,George_W_Bush,mask_mouth,George_W_Bush,True,0.2217516303062439
./data/processed/test/George_W_Bush/George_W_Bush_0016.jpg,George_W_Bush,mask_face_oval,Michael_Schumacher,False,0.010303736664354801
./data/processed/test/George_W_Bush/George_W_Bush_0016.jpg,George_W_Bush,mask_outside_face,George_W_Bush,True,0.22054316103458405
./data/processed/test/George_W_Bush/George_W_Bush_0016.jpg,George_W_Bush,dark,George_W_Bush,True,0.22168253362178802
./data/processed/test/George_W_Bush/George_W_Bush_0016.jpg,George_W_Bush,bright,George_W_Bush,True,0.22167524695396423
./data/processed/test/George_W_Bush/George_W_Bush_0019.jpg,George_W_Bush,original,George_W_Bush,True,0.22169268131256104
./data/processed/test/George_W_Bush/George_W_Bush_0019.jpg,George_W_Bush,mask_eyes,George_W_Bush,True,0.22156599164009094
./data/processed/test/George_W_Bush/George_W_Bush_0019.jpg,George_W_Bush,mask_nose,George_W_Bush,True,0.2216307520866394
./data/processed/test/George_W_Bush/George_W_Bush_0019.jpg,George_W_Bush,mask_mouth,George_W_Bush,True,0.22161038219928741
./data/processed/test/George_W_Bush/George_W_Bush_0019.jpg,George_W_Bush,mask_face_oval,Jeremy_Greenstock,False,0.009704104624688625
./data/processed/test/George_W_Bush/George_W_Bush_0019.jpg,George_W_Bush,mask_outside_face,George_W_Bush,True,0.2184770405292511
./data/processed/test/George_W_Bush/George_W_Bush_0019.jpg,George_W_Bush,dark,George_W_Bush,True,0.22172962129116058
./data/processed/test/George_W_Bush/George_W_Bush_0019.jpg,George_W_Bush,bright,George_W_Bush,True,0.22141073644161224
./data/processed/test/George_W_Bush/George_W_Bush_0023.jpg,George_W_Bush,original,George_W_Bush,True,0.22125640511512756
./data/processed/test/George_W_Bush/George_W_Bush_0023.jpg,George_W_Bush,mask_eyes,George_W_Bush,True,0.2198580652475357
./data/processed/test/George_W_Bush/George_W_Bush_0023.jpg,George_W_Bush,mask_nose,George_W_Bush,True,0.21251296997070312
./data/processed/test/George_W_Bush/George_W_Bush_0023.jpg,George_W_Bush,mask_mouth,George_W_Bush,True,0.22103698551654816
./data/processed/test/George_W_Bush/George_W_Bush_0023.jpg,George_W_Bush,mask_face_oval,Michael_Schumacher,False,0.010539528913795948
./data/processed/test/George_W_Bush/George_W_Bush_0023.jpg,George_W_Bush,mask_outside_face,George_W_Bush,True,0.2146555781364441
./data/processed/test/George_W_Bush/George_W_Bush_0023.jpg,George_W_Bush,dark,George_W_Bush,True,0.2211027890443802
./data/processed/test/George_W_Bush/George_W_Bush_0023.jpg,George_W_Bush,bright,George_W_Bush,True,0.22088845074176788
./data/processed/test/George_W_Bush/George_W_Bush_0031.jpg,George_W_Bush,original,George_W_Bush,True,0.22175827622413635
./data/processed/test/George_W_Bush/George_W_Bush_0031.jpg,George_W_Bush,mask_eyes,George_W_Bush,True,0.22158333659172058
./data/processed/test/George_W_Bush/George_W_Bush_0031.jpg,George_W_Bush,mask_nose,George_W_Bush,True,0.22168907523155212
./data/processed/test/George_W_Bush/George_W_Bush_0031.jpg,George_W_Bush,mask_mouth,George_W_Bush,True,0.22173960506916046
./data/processed/test/George_W_Bush/George_W_Bush_0031.jpg,George_W_Bush,mask_face_oval,George_W_Bush,True,0.009978711605072021
./data/processed/test/George_W_Bush/George_W_Bush_0031.jpg,George_W_Bush,mask_outside_face,George_W_Bush,True,0.22072170674800873
./data/processed/test/George_W_Bush/George_W_Bush_0031.jpg,George_W_Bush,dark,George_W_Bush,True,0.2217671126127243
./data/processed/test/George_W_Bush/George_W_Bush_0031.jpg,George_W_Bush,bright,George_W_Bush,True,0.22166095674037933
./data/processed/test/George_W_Bush/George_W_Bush_0034.jpg,George_W_Bush,original,George_W_Bush,True,0.2217281460762024
./data/processed/test/George_W_Bush/George_W_Bush_0034.jpg,George_W_Bush,mask_eyes,George_W_Bush,True,0.22158104181289673
./data/processed/test/George_W_Bush/George_W_Bush_0034.jpg,George_W_Bush,mask_nose,George_W_Bush,True,0.22147278487682343
./data/processed/test/George_W_Bush/George_W_Bush_0034.jpg,George_W_Bush,mask_mouth,George_W_Bush,True,0.22168728709220886
./data/processed/test/George_W_Bush/George_W_Bush_0034.jpg,George_W_Bush,mask_face_oval,Michael_Schumacher,False,0.008966750465333462
./data/processed/test/George_W_Bush/George_W_Bush_0034.jpg,George_W_Bush,mask_outside_face,George_W_Bush,True,0.22145453095436096
./data/processed/test/George_W_Bush/George_W_Bush_0034.jpg,George_W_Bush,dark,George_W_Bush,True,0.22158750891685486
./data/processed/test/George_W_Bush/George_W_Bush_0034.jpg,George_W_Bush,bright,George_W_Bush,True,0.22172610461711884
./data/processed/test/George_W_Bush/George_W_Bush_0040.jpg,George_W_Bush,original,George_W_Bush,True,0.2213762402534485
./data/processed/test/George_W_Bush/George_W_Bush_0040.jpg,George_W_Bush,mask_eyes,George_W_Bush,True,0.21278049051761627
./data/processed/test/George_W_Bush/George_W_Bush_0040.jpg,George_W_Bush,mask_nose,George_W_Bush,True,0.22113904356956482
./data/processed/test/George_W_Bush/George_W_Bush_0040.jpg,George_W_Bush,mask_mouth,George_W_Bush,True,0.2214188426733017
./data/processed/test/George_W_Bush/George_W_Bush_0040.jpg,George_W_Bush,mask_face_oval,Michael_Schumacher,False,0.01088522095233202
./data/processed/test/George_W_Bush/George_W_Bush_0040.jpg,George_W_Bush,mask_outside_face,George_W_Bush,True,0.2085902988910675
./data/processed/test/George_W_Bush/George_W_Bush_0040.jpg,George_W_Bush,dark,George_W_Bush,True,0.22139516472816467
./data/processed/test/George_W_Bush/George_W_Bush_0040.jpg,George_W_Bush,bright,George_W_Bush,True,0.22113899886608124
./data/processed/test/George_W_Bush/George_W_Bush_0047.jpg,George_W_Bush,original,George_W_Bush,True,0.2215951383113861
./data/processed/test/George_W_Bush/George_W_Bush_0047.jpg,George_W_Bush,mask_eyes,George_W_Bush,True,0.2203114777803421
./data/processed/test/George_W_Bush/George_W_Bush_0047.jpg,George_W_Bush,mask_nose,George_W_Bush,True,0.22106239199638367
./data/processed/test/George_W_Bush/George_W_Bush_0047.jpg,George_W_Bush,mask_mouth,George_W_Bush,True,0.2216435670852661
./data/processed/test/George_W_Bush/George_W_Bush_0047.jpg,George_W_Bush,mask_face_oval,George_W_Bush,True,0.011042121797800064
./data/processed/test/George_W_Bush/George_W_Bush_0047.jpg,George_W_Bush,mask_outside_face,George_W_Bush,True,0.21239657700061798
./data/processed/test/George_W_Bush/George_W_Bush_0047.jpg,George_W_Bush,dark,George_W_Bush,True,0.22138287127017975
./data/processed/test/George_W_Bush/George_W_Bush_0047.jpg,George_W_Bush,bright,George_W_Bush,True,0.22118505835533142
./data/processed/test/George_W_Bush/George_W_Bush_0056.jpg,George_W_Bush,original,George_W_Bush,True,0.2218298316001892
./data/processed/test/George_W_Bush/George_W_Bush_0056.jpg,George_W_Bush,mask_eyes,George_W_Bush,True,0.22179846465587616
./data/processed/test/George_W_Bush/George_W_Bush_0056.jpg,George_W_Bush,mask_nose,George_W_Bush,True,0.22164815664291382
./data/processed/test/George_W_Bush/George_W_Bush_0056.jpg,George_W_Bush,mask_mouth,George_W_Bush,True,0.22185753285884857
./data/processed/test/George_W_Bush/George_W_Bush_0056.jpg,George_W_Bush,mask_face_oval,Hugo_Chavez,False,0.01084615383297205
./data/processed/test/George_W_Bush/George_W_Bush_0056.jpg,George_W_Bush,mask_outside_face,George_W_Bush,True,0.2187274545431137
./data/processed/test/George_W_Bush/George_W_Bush_0056.jpg,George_W_Bush,dark,George_W_Bush,True,0.2217627465724945
./data/processed/test/George_W_Bush/George_W_Bush_0056.jpg,George_W_Bush,bright,George_W_Bush,True,0.22180278599262238
./data/processed/test/George_W_Bush/George_W_Bush_0064.jpg,George_W_Bush,original,George_W_Bush,True,0.22176490724086761
./data/processed/test/George_W_Bush/George_W_Bush_0064.jpg,George_W_Bush,mask_eyes,George_W_Bush,True,0.22167308628559113
./data/processed/test/George_W_Bush/George_W_Bush_0064.jpg,George_W_Bush,mask_nose,George_W_Bush,True,0.22155094146728516
./data/processed/test/George_W_Bush/George_W_Bush_0064.jpg,George_W_Bush,mask_mouth,George_W_Bush,True,0.22176994383335114
./data/processed/test/George_W_Bush/George_W_Bush_0064.jpg,George_W_Bush,mask_face_oval,Michael_Schumacher,False,0.00901812594383955
./data/processed/test/George_W_Bush/George_W_Bush_0064.jpg,George_W_Bush,mask_outside_face,George_W_Bush,True,0.22081232070922852
./data/processed/test/George_W_Bush/George_W_Bush_0064.jpg,George_W_Bush,dark,George_W_Bush,True,0.22171056270599365
./data/processed/test/George_W_Bush/George_W_Bush_0064.jpg,George_W_Bush,bright,George_W_Bush,True,0.22172272205352783
./data/processed/test/George_W_Bush/George_W_Bush_0069.jpg,George_W_Bush,original,George_W_Bush,True,0.22174124419689178
./data/processed/test/George_W_Bush/George_W_Bush_0069.jpg,George_W_Bush,mask_eyes,George_W_Bush,True,0.22173435986042023
./data/processed/test/George_W_Bush/George_W_Bush_0069.jpg,George_W_Bush,mask_nose,George_W_Bush,True,0.22174282371997833
./data/processed/test/George_W_Bush/George_W_Bush_0069.jpg,George_W_Bush,mask_mouth,George_W_Bush,True,0.22174450755119324
./data/processed/test/George_W_Bush/George_W_Bush_0069.jpg,George_W_Bush,mask_face_oval,George_W_Bush,True,0.22173616290092468
./data/processed/test/George_W_Bush/George_W_Bush_0069.jpg,George_W_Bush,mask_outside_face,Arnold_Schwarzenegger,False,0.009473579004406929
./data/processed/test/George_W_Bush/George_W_Bush_0069.jpg,George_W_Bush,dark,George_W_Bush,True,0.22167059779167175
./data/processed/test/George_W_Bush/George_W_Bush_0069.jpg,George_W_Bush,bright,George_W_Bush,True,0.22148458659648895
./data/processed/test/George_W_Bush/George_W_Bush_0071.jpg,George_W_Bush,original,George_W_Bush,True,0.21318189799785614
./data/processed/test/George_W_Bush/George_W_Bush_0071.jpg,George_W_Bush,mask_eyes,George_W_Bush,True,0.2143547534942627
./data/processed/test/George_W_Bush/George_W_Bush_0071.jpg,George_W_Bush,mask_nose,George_W_Bush,True,0.16443797945976257
./data/processed/test/George_W_Bush/George_W_Bush_0071.jpg,George_W_Bush,mask_mouth,George_W_Bush,True,0.21045751869678497
./data/processed/test/George_W_Bush/George_W_Bush_0071.jpg,George_W_Bush,mask_face_oval,Gerhard_Schroeder,False,0.010281463153660297
./data/processed/test/George_W_Bush/George_W_Bush_0071.jpg,George_W_Bush,mask_outside_face,George_W_Bush,True,0.06978867948055267
./data/processed/test/George_W_Bush/George_W_Bush_0071.jpg,George_W_Bush,dark,George_W_Bush,True,0.21825620532035828
./data/processed/test/George_W_Bush/George_W_Bush_0071.jpg,George_W_Bush,bright,George_W_Bush,True,0.19869501888751984
./data/processed/test/George_W_Bush/George_W_Bush_0073.jpg,George_W_Bush,original,George_W_Bush,True,0.22121255099773407
./data/processed/test/George_W_Bush/George_W_Bush_0073.jpg,George_W_Bush,mask_eyes,George_W_Bush,True,0.2201477438211441
./data/processed/test/George_W_Bush/George_W_Bush_0073.jpg,George_W_Bush,mask_nose,George_W_Bush,True,0.22073765099048615
./data/processed/test/George_W_Bush/George_W_Bush_0073.jpg,George_W_Bush,mask_mouth,George_W_Bush,True,0.2211608737707138
./data/processed/test/George_W_Bush/George_W_Bush_0073.jpg,George_W_Bush,mask_face_oval,Colin_Powell,False,0.01035775151103735
./data/processed/test/George_W_Bush/George_W_Bush_0073.jpg,George_W_Bush,mask_outside_face,George_W_Bush,True,0.21902473270893097
./data/processed/test/George_W_Bush/George_W_Bush_0073.jpg,George_W_Bush,dark,George_W_Bush,True,0.22112759947776794
./data/processed/test/George_W_Bush/George_W_Bush_0073.jpg,George_W_Bush,bright,George_W_Bush,True,0.22058232128620148
./data/processed/test/George_W_Bush/George_W_Bush_0074.jpg,George_W_Bush,original,George_W_Bush,True,0.2217855155467987
./data/processed/test/George_W_Bush/George_W_Bush_0074.jpg,George_W_Bush,mask_eyes,George_W_Bush,True,0.221476212143898
./data/processed/test/George_W_Bush/George_W_Bush_0074.jpg,George_W_Bush,mask_nose,George_W_Bush,True,0.2216983437538147
./data/processed/test/George_W_Bush/George_W_Bush_0074.jpg,George_W_Bush,mask_mouth,George_W_Bush,True,0.22173503041267395
./data/processed/test/George_W_Bush/George_W_Bush_0074.jpg,George_W_Bush,mask_face_oval,Jiang_Zemin,False,0.010541443713009357
./data/processed/test/George_W_Bush/George_W_Bush_0074.jpg,George_W_Bush,mask_outside_face,George_W_Bush,True,0.21812684834003448
./data/processed/test/George_W_Bush/George_W_Bush_0074.jpg,George_W_Bush,dark,George_W_Bush,True,0.22171182930469513
./data/processed/test/George_W_Bush/George_W_Bush_0074.jpg,George_W_Bush,bright,George_W_Bush,True,0.22173063457012177
./data/processed/test/George_W_Bush/George_W_Bush_0076.jpg,George_W_Bush,original,George_W_Bush,True,0.2218349277973175
./data/processed/test/George_W_Bush/George_W_Bush_0076.jpg,George_W_Bush,mask_eyes,George_W_Bush,True,0.22178195416927338
./data/processed/test/George_W_Bush/George_W_Bush_0076.jpg,George_W_Bush,mask_nose,George_W_Bush,True,0.22127187252044678
./data/processed/test/George_W_Bush/George_W_Bush_0076.jpg,George_W_Bush,mask_mouth,George_W_Bush,True,0.22183027863502502
./data/processed/test/George_W_Bush/George_W_Bush_0076.jpg,George_W_Bush,mask_face_oval,Michael_Schumacher,False,0.010413543321192265
./data/processed/test/George_W_Bush/George_W_Bush_0076.jpg,George_W_Bush,mask_outside_face,George_W_Bush,True,0.22050625085830688
./data/processed/test/George_W_Bush/George_W_Bush_0076.jpg,George_W_Bush,dark,George_W_Bush,True,0.2217566967010498
./data/processed/test/George_W_Bush/George_W_Bush_0076.jpg,George_W_Bush,bright,George_W_Bush,True,0.22184337675571442
./data/processed/test/George_W_Bush/George_W_Bush_0077.jpg,George_W_Bush,original,George_W_Bush,True,0.2218066155910492
./data/processed/test/George_W_Bush/George_W_Bush_0077.jpg,George_W_Bush,mask_eyes,George_W_Bush,True,0.22178570926189423
./data/processed/test/George_W_Bush/George_W_Bush_0077.jpg,George_W_Bush,mask_nose,George_W_Bush,True,0.22166457772254944
./data/processed/test/George_W_Bush/George_W_Bush_0077.jpg,George_W_Bush,mask_mouth,George_W_Bush,True,0.22180433571338654
./data/processed/test/George_W_Bush/George_W_Bush_0077.jpg,George_W_Bush,mask_face_oval,Mahathir_Mohamad,False,0.00954781286418438
./data/processed/test/George_W_Bush/George_W_Bush_0077.jpg,George_W_Bush,mask_outside_face,George_W_Bush,True,0.2201293408870697
./data/processed/test/George_W_Bush/George_W_Bush_0077.jpg,George_W_Bush,dark,George_W_Bush,True,0.22175239026546478
./data/processed/test/George_W_Bush/George_W_Bush_0077.jpg,George_W_Bush,bright,George_W_Bush,True,0.22188252210617065
./data/processed/test/George_W_Bush/George_W_Bush_0078.jpg,George_W_Bush,original,George_W_Bush,True,0.2218049168586731
./data/processed/test/George_W_Bush/George_W_Bush_0078.jpg,George_W_Bush,mask_eyes,George_W_Bush,True,0.22173857688903809
./data/processed/test/George_W_Bush/George_W_Bush_0078.jpg,George_W_Bush,mask_nose,George_W_Bush,True,0.2216511070728302
./data/processed/test/George_W_Bush/George_W_Bush_0078.jpg,George_W_Bush,mask_mouth,George_W_Bush,True,0.22181320190429688
./data/processed/test/George_W_Bush/George_W_Bush_0078.jpg,George_W_Bush,mask_face_oval,Michael_Schumacher,False,0.009500851854681969
./data/processed/test/George_W_Bush/George_W_Bush_0078.jpg,George_W_Bush,mask_outside_face,George_W_Bush,True,0.22073449194431305
./data/processed/test/George_W_Bush/George_W_Bush_0078.jpg,George_W_Bush,dark,George_W_Bush,True,0.22182434797286987
./data/processed/test/George_W_Bush/George_W_Bush_0078.jpg,George_W_Bush,bright,George_W_Bush,True,0.22176240384578705
./data/processed/test/George_W_Bush/George_W_Bush_0079.jpg,George_W_Bush,original,George_W_Bush,True,0.22175878286361694
./data/processed/test/George_W_Bush/George_W_Bush_0079.jpg,George_W_Bush,mask_eyes,George_W_Bush,True,0.22172071039676666
./data/processed/test/George_W_Bush/George_W_Bush_0079.jpg,George_W_Bush,mask_nose,George_W_Bush,True,0.22162774205207825
./data/processed/test/George_W_Bush/George_W_Bush_0079.jpg,George_W_Bush,mask_mouth,George_W_Bush,True,0.22176310420036316
./data/processed/test/George_W_Bush/George_W_Bush_0079.jpg,George_W_Bush,mask_face_oval,Tony_Blair,False,0.008670506067574024
./data/processed/test/George_W_Bush/George_W_Bush_0079.jpg,George_W_Bush,mask_outside_face,George_W_Bush,True,0.22044885158538818
./data/processed/test/George_W_Bush/George_W_Bush_0079.jpg,George_W_Bush,dark,George_W_Bush,True,0.221775084733963
./data/processed/test/George_W_Bush/George_W_Bush_0079.jpg,George_W_Bush,bright,George_W_Bush,True,0.2217184603214264
./data/processed/test/George_W_Bush/George_W_Bush_0080.jpg,George_W_Bush,original,George_W_Bush,True,0.22173205018043518
./data/processed/test/George_W_Bush/George_W_Bush_0080.jpg,George_W_Bush,mask_eyes,George_W_Bush,True,0.22153399884700775
./data/processed/test/George_W_Bush/George_W_Bush_0080.jpg,George_W_Bush,mask_nose,George_W_Bush,True,0.22151857614517212
./data/processed/test/George_W_Bush/George_W_Bush_0080.jpg,George_W_Bush,mask_mouth,George_W_Bush,True,0.2217196524143219
./data/processed/test/George_W_Bush/George_W_Bush_0080.jpg,George_W_Bush,mask_face_oval,Hugo_Chavez,False,0.01082253735512495
./data/processed/test/George_W_Bush/George_W_Bush_0080.jpg,George_W_Bush,mask_outside_face,George_W_Bush,True,0.21935033798217773
./data/processed/test/George_W_Bush/George_W_Bush_0080.jpg,George_W_Bush,dark,George_W_Bush,True,0.22167927026748657
./data/processed/test/George_W_Bush/George_W_Bush_0080.jpg,George_W_Bush,bright,George_W_Bush,True,0.22174717485904694
./data/processed/test/George_W_Bush/George_W_Bush_0083.jpg,George_W_Bush,original,George_W_Bush,True,0.2218378633260727
./data/processed/test/George_W_Bush/George_W_Bush_0083.jpg,George_W_Bush,mask_eyes,George_W_Bush,True,0.2217801809310913
./data/processed/test/George_W_Bush/George_W_Bush_0083.jpg,George_W_Bush,mask_nose,George_W_Bush,True,0.22173972427845
./data/processed/test/George_W_Bush/George_W_Bush_0083.jpg,George_W_Bush,mask_mouth,George_W_Bush,True,0.22181758284568787
./data/processed/test/George_W_Bush/George_W_Bush_0083.jpg,George_W_Bush,mask_face_oval,Jiang_Zemin,False,0.008977876044809818
./data/processed/test/George_W_Bush/George_W_Bush_0083.jpg,George_W_Bush,mask_outside_face,George_W_Bush,True,0.2206491082906723
./data/processed/test/George_W_Bush/George_W_Bush_0083.jpg,George_W_Bush,dark,George_W_Bush,True,0.22177262604236603
./data/processed/test/George_W_Bush/George_W_Bush_0083.jpg,George_W_Bush,bright,George_W_Bush,True,0.22183279693126678
./data/processed/test/George_W_Bush/George_W_Bush_0085.jpg,George_W_Bush,original,George_W_Bush,True,0.221617192029953
./data/processed/test/George_W_Bush/George_W_Bush_0085.jpg,George_W_Bush,mask_eyes,George_W_Bush,True,0.22118745744228363
./data/processed/test/George_W_Bush/George_W_Bush_0085.jpg,George_W_Bush,mask_nose,George_W_Bush,True,0.22138015925884247
./data/processed/test/George_W_Bush/George_W_Bush_0085.jpg,George_W_Bush,mask_mouth,George_W_Bush,True,0.22167740762233734
./data/processed/test/George_W_Bush/George_W_Bush_0085.jpg,George_W_Bush,mask_face_oval,Pervez_Musharraf,False,0.008768691681325436
./data/processed/test/George_W_Bush/George_W_Bush_0085.jpg,George_W_Bush,mask_outside_face,George_W_Bush,True,0.21381884813308716
./data/processed/test/George_W_Bush/George_W_Bush_0085.jpg,George_W_Bush,dark,George_W_Bush,True,0.22173777222633362
./data/processed/test/George_W_Bush/George_W_Bush_0085.jpg,George_W_Bush,bright,George_W_Bush,True,0.22134186327457428
./data/processed/test/George_W_Bush/George_W_Bush_0090.jpg,George_W_Bush,original,George_W_Bush,True,0.22160384058952332
./data/processed/test/George_W_Bush/George_W_Bush_0090.jpg,George_W_Bush,mask_eyes,George_W_Bush,True,0.21980580687522888
./data/processed/test/George_W_Bush/George_W_Bush_0090.jpg,George_W_Bush,mask_nose,George_W_Bush,True,0.22097133100032806
./data/processed/test/George_W_Bush/George_W_Bush_0090.jpg,George_W_Bush,mask_mouth,George_W_Bush,True,0.22164469957351685
./data/processed/test/George_W_Bush/George_W_Bush_0090.jpg,George_W_Bush,mask_face_oval,Michael_Schumacher,False,0.01066660601645708
./data/processed/test/George_W_Bush/George_W_Bush_0090.jpg,George_W_Bush,mask_outside_face,George_W_Bush,True,0.21852423250675201
./data/processed/test/George_W_Bush/George_W_Bush_0090.jpg,George_W_Bush,dark,George_W_Bush,True,0.2215980887413025
./data/processed/test/George_W_Bush/George_W_Bush_0090.jpg,George_W_Bush,bright,George_W_Bush,True,0.22161054611206055
./data/processed/test/George_W_Bush/George_W_Bush_0091.jpg,George_W_Bush,original,George_W_Bush,True,0.22168461978435516
./data/processed/test/George_W_Bush/George_W_Bush_0091.jpg,George_W_Bush,mask_eyes,George_W_Bush,True,0.22092223167419434
./data/processed/test/George_W_Bush/George_W_Bush_0091.jpg,George_W_Bush,mask_nose,George_W_Bush,True,0.22113566100597382
./data/processed/test/George_W_Bush/George_W_Bush_0091.jpg,George_W_Bush,mask_mouth,George_W_Bush,True,0.22172553837299347
./data/processed/test/George_W_Bush/George_W_Bush_0091.jpg,George_W_Bush,mask_face_oval,Michael_Schumacher,False,0.011051101610064507
./data/processed/test/George_W_Bush/George_W_Bush_0091.jpg,George_W_Bush,mask_outside_face,George_W_Bush,True,0.22034582495689392
./data/processed/test/George_W_Bush/George_W_Bush_0091.jpg,George_W_Bush,dark,George_W_Bush,True,0.22095631062984467
./data/processed/test/George_W_Bush/George_W_Bush_0091.jpg,George_W_Bush,bright,George_W_Bush,True,0.2214813530445099
./data/processed/test/George_W_Bush/George_W_Bush_0094.jpg,George_W_Bush,original,George_W_Bush,True,0.22148969769477844
./data/processed/test/George_W_Bush/George_W_Bush_0094.jpg,George_W_Bush,mask_eyes,George_W_Bush,True,0.2212507277727127
./data/processed/test/George_W_Bush/George_W_Bush_0094.jpg,George_W_Bush,mask_nose,George_W_Bush,True,0.22117114067077637
./data/processed/test/George_W_Bush/George_W_Bush_0094.jpg,George_W_Bush,mask_mouth,George_W_Bush,True,0.2214299589395523
./data/processed/test/George_W_Bush/George_W_Bush_0094.jpg,George_W_Bush,mask_face_oval,Jiang_Zemin,False,0.00958009622991085
./data/processed/test/George_W_Bush/George_W_Bush_0094.jpg,George_W_Bush,mask_outside_face,George_W_Bush,True,0.22029516100883484
./data/processed/test/George_W_Bush/George_W_Bush_0094.jpg,George_W_Bush,dark,George_W_Bush,True,0.22144362330436707
./data/processed/test/George_W_Bush/George_W_Bush_0094.jpg,George_W_Bush,bright,George_W_Bush,True,0.2215135395526886
./data/processed/test/George_W_Bush/George_W_Bush_0102.jpg,George_W_Bush,original,George_W_Bush,True,0.22179003059864044
./data/processed/test/George_W_Bush/George_W_Bush_0102.jpg,George_W_Bush,mask_eyes,George_W_Bush,True,0.22038130462169647
./data/processed/test/George_W_Bush/George_W_Bush_0102.jpg,George_W_Bush,mask_nose,George_W_Bush,True,0.22148747742176056
./data/processed/test/George_W_Bush/George_W_Bush_0102.jpg,George_W_Bush,mask_mouth,George_W_Bush,True,0.22169195115566254
./data/processed/test/George_W_Bush/George_W_Bush_0102.jpg,George_W_Bush,mask_face_oval,Michael_Schumacher,False,0.008870605379343033
./data/processed/test/George_W_Bush/George_W_Bush_0102.jpg,George_W_Bush,mask_outside_face,George_W_Bush,True,0.2106190025806427
./data/processed/test/George_W_Bush/George_W_Bush_0102.jpg,George_W_Bush,dark,George_W_Bush,True,0.22170500457286835
./data/processed/test/George_W_Bush/George_W_Bush_0102.jpg,George_W_Bush,bright,George_W_Bush,True,0.22177912294864655
./data/processed/test/George_W_Bush/George_W_Bush_0105.jpg,George_W_Bush,original,George_W_Bush,True,0.22184818983078003
./data/processed/test/George_W_Bush/George_W_Bush_0105.jpg,George_W_Bush,mask_eyes,George_W_Bush,True,0.22181908786296844
./data/processed/test/George_W_Bush/George_W_Bush_0105.jpg,George_W_Bush,mask_nose,George_W_Bush,True,0.22174577414989471
./data/processed/test/George_W_Bush/George_W_Bush_0105.jpg,George_W_Bush,mask_mouth,George_W_Bush,True,0.22185516357421875
./data/processed/test/George_W_Bush/George_W_Bush_0105.jpg,George_W_Bush,mask_face_oval,Michael_Schumacher,False,0.010146924294531345
./data/processed/test/George_W_Bush/George_W_Bush_0105.jpg,George_W_Bush,mask_outside_face,George_W_Bush,True,0.2213219404220581
./data/processed/test/George_W_Bush/George_W_Bush_0105.jpg,George_W_Bush,dark,George_W_Bush,True,0.2218349575996399
./data/processed/test/George_W_Bush/George_W_Bush_0105.jpg,George_W_Bush,bright,George_W_Bush,True,0.22185903787612915
./data/processed/test/George_W_Bush/George_W_Bush_0118.jpg,George_W_Bush,original,George_W_Bush,True,0.22160857915878296
./data/processed/test/George_W_Bush/George_W_Bush_0118.jpg,George_W_Bush,mask_eyes,George_W_Bush,True,0.2213667333126068
./data/processed/test/George_W_Bush/George_W_Bush_0118.jpg,George_W_Bush,mask_nose,George_W_Bush,True,0.22153806686401367
./data/processed/test/George_W_Bush/George_W_Bush_0118.jpg,George_W_Bush,mask_mouth,George_W_Bush,True,0.2216002345085144
./data/processed/test/George_W_Bush/George_W_Bush_0118.jpg,George_W_Bush,mask_face_oval,Laura_Bush,False,0.008325464092195034
./data/processed/test/George_W_Bush/George_W_Bush_0118.jpg,George_W_Bush,mask_outside_face,George_W_Bush,True,0.21865016222000122
./data/processed/test/George_W_Bush/George_W_Bush_0118.jpg,George_W_Bush,dark,George_W_Bush,True,0.22143207490444183
./data/processed/test/George_W_Bush/George_W_Bush_0118.jpg,George_W_Bush,bright,George_W_Bush,True,0.22112959623336792
./data/processed/test/George_W_Bush/George_W_Bush_0132.jpg,George_W_Bush,original,George_W_Bush,True,0.22154167294502258
./data/processed/test/George_W_Bush/George_W_Bush_0132.jpg,George_W_Bush,mask_eyes,George_W_Bush,True,0.22122129797935486
./data/processed/test/George_W_Bush/George_W_Bush_0132.jpg,George_W_Bush,mask_nose,George_W_Bush,True,0.22081173956394196
./data/processed/test/George_W_Bush/George_W_Bush_0132.jpg,George_W_Bush,mask_mouth,George_W_Bush,True,0.2215604931116104
./data/processed/test/George_W_Bush/George_W_Bush_0132.jpg,George_W_Bush,mask_face_oval,Michael_Schumacher,False,0.009375575929880142
./data/processed/test/George_W_Bush/George_W_Bush_0132.jpg,George_W_Bush,mask_outside_face,George_W_Bush,True,0.2145363688468933
./data/processed/test/George_W_Bush/George_W_Bush_0132.jpg,George_W_Bush,dark,George_W_Bush,True,0.22135595977306366
./data/processed/test/George_W_Bush/George_W_Bush_0132.jpg,George_W_Bush,bright,George_W_Bush,True,0.22133250534534454
./data/processed/test/George_W_Bush/George_W_Bush_0133.jpg,George_W_Bush,original,George_W_Bush,True,0.22180794179439545
./data/processed/test/George_W_Bush/George_W_Bush_0133.jpg,George_W_Bush,mask_eyes,George_W_Bush,True,0.22102563083171844
./data/processed/test/George_W_Bush/George_W_Bush_0133.jpg,George_W_Bush,mask_nose,George_W_Bush,True,0.22151201963424683
./data/processed/test/George_W_Bush/George_W_Bush_0133.jpg,George_W_Bush,mask_mouth,George_W_Bush,True,0.22178199887275696
./data/processed/test/George_W_Bush/George_W_Bush_0133.jpg,George_W_Bush,mask_face_oval,Hugo_Chavez,False,0.010777038522064686
./data/processed/test/George_W_Bush/George_W_Bush_0133.jpg,George_W_Bush,mask_outside_face,George_W_Bush,True,0.21982994675636292
./data/processed/test/George_W_Bush/George_W_Bush_0133.jpg,George_W_Bush,dark,George_W_Bush,True,0.221808061003685
./data/processed/test/George_W_Bush/George_W_Bush_0133.jpg,George_W_Bush,bright,George_W_Bush,True,0.2217332124710083
./data/processed/test/George_W_Bush/George_W_Bush_0141.jpg,George_W_Bush,original,George_W_Bush,True,0.22168846428394318
./data/processed/test/George_W_Bush/George_W_Bush_0141.jpg,George_W_Bush,mask_eyes,George_W_Bush,True,0.22114354372024536
./data/processed/test/George_W_Bush/George_W_Bush_0141.jpg,George_W_Bush,mask_nose,George_W_Bush,True,0.22146932780742645
./data/processed/test/George_W_Bush/George_W_Bush_0141.jpg,George_W_Bush,mask_mouth,George_W_Bush,True,0.221627876162529
./data/processed/test/George_W_Bush/George_W_Bush_0141.jpg,George_W_Bush,mask_face_oval,Michael_Schumacher,False,0.008972442708909512
./data/processed/test/George_W_Bush/George_W_Bush_0141.jpg,George_W_Bush,mask_outside_face,George_W_Bush,True,0.2150336652994156
./data/processed/test/George_W_Bush/George_W_Bush_0141.jpg,George_W_Bush,dark,George_W_Bush,True,0.2216595709323883
./data/processed/test/George_W_Bush/George_W_Bush_0141.jpg,George_W_Bush,bright,George_W_Bush,True,0.2216878980398178
./data/processed/test/George_W_Bush/George_W_Bush_0149.jpg,George_W_Bush,original,George_W_Bush,True,0.22165900468826294
./data/processed/test/George_W_Bush/George_W_Bush_0149.jpg,George_W_Bush,mask_eyes,George_W_Bush,True,0.22126349806785583
./data/processed/test/George_W_Bush/George_W_Bush_0149.jpg,George_W_Bush,mask_nose,George_W_Bush,True,0.22156304121017456
./data/processed/test/George_W_Bush/George_W_Bush_0149.jpg,George_W_Bush,mask_mouth,George_W_Bush,True,0.2216326743364334
./data/processed/test/George_W_Bush/George_W_Bush_0149.jpg,George_W_Bush,mask_face_oval,Anna_Kournikova,False,0.008810223080217838
./data/processed/test/George_W_Bush/George_W_Bush_0149.jpg,George_W_Bush,mask_outside_face,George_W_Bush,True,0.22024090588092804
./data/processed/test/George_W_Bush/George_W_Bush_0149.jpg,George_W_Bush,dark,George_W_Bush,True,0.22157986462116241
./data/processed/test/George_W_Bush/George_W_Bush_0149.jpg,George_W_Bush,bright,George_W_Bush,True,0.22167962789535522
./data/processed/test/George_W_Bush/George_W_Bush_0155.jpg,George_W_Bush,original,George_W_Bush,True,0.22166484594345093
./data/processed/test/George_W_Bush/George_W_Bush_0155.jpg,George_W_Bush,mask_eyes,George_W_Bush,True,0.2213851660490036
./data/processed/test/George_W_Bush/George_W_Bush_0155.jpg,George_W_Bush,mask_nose,George_W_Bush,True,0.22144542634487152
./data/processed/test/George_W_Bush/George_W_Bush_0155.jpg,George_W_Bush,mask_mouth,George_W_Bush,True,0.22166113555431366
./data/processed/test/George_W_Bush/George_W_Bush_0155.jpg,George_W_Bush,mask_face_oval,Jiang_Zemin,False,0.009751911275088787
./data/processed/test/George_W_Bush/George_W_Bush_0155.jpg,George_W_Bush,mask_outside_face,George_W_Bush,True,0.2202325314283371
./data/processed/test/George_W_Bush/George_W_Bush_0155.jpg,George_W_Bush,dark,George_W_Bush,True,0.2216702699661255
./data/processed/test/George_W_Bush/George_W_Bush_0155.jpg,George_W_Bush,bright,George_W_Bush,True,0.22158566117286682
./data/processed/test/George_W_Bush/George_W_Bush_0159.jpg,George_W_Bush,original,George_W_Bush,True,0.2215118557214737
./data/processed/test/George_W_Bush/George_W_Bush_0159.jpg,George_W_Bush,mask_eyes,George_W_Bush,True,0.22083476185798645
./data/processed/test/George_W_Bush/George_W_Bush_0159.jpg,George_W_Bush,mask_nose,George_W_Bush,True,0.2212281972169876
./data/processed/test/George_W_Bush/George_W_Bush_0159.jpg,George_W_Bush,mask_mouth,George_W_Bush,True,0.22143423557281494
./data/processed/test/George_W_Bush/George_W_Bush_0159.jpg,George_W_Bush,mask_face_oval,Bill_Clinton,False,0.01033190917223692
./data/processed/test/George_W_Bush/George_W_Bush_0159.jpg,George_W_Bush,mask_outside_face,George_W_Bush,True,0.21644142270088196
./data/processed/test/George_W_Bush/George_W_Bush_0159.jpg,George_W_Bush,dark,George_W_Bush,True,0.22142376005649567
./data/processed/test/George_W_Bush/George_W_Bush_0159.jpg,George_W_Bush,bright,George_W_Bush,True,0.22108642756938934
./data/processed/test/George_W_Bush/George_W_Bush_0168.jpg,George_W_Bush,original,George_W_Bush,True,0.22163572907447815
./data/processed/test/George_W_Bush/George_W_Bush_0168.jpg,George_W_Bush,mask_eyes,George_W_Bush,True,0.22148790955543518
./data/processed/test/George_W_Bush/George_W_Bush_0168.jpg,George_W_Bush,mask_nose,George_W_Bush,True,0.22095882892608643
./data/processed/test/George_W_Bush/George_W_Bush_0168.jpg,George_W_Bush,mask_mouth,George_W_Bush,True,0.2216394692659378
./data/processed/test/George_W_Bush/George_W_Bush_0168.jpg,George_W_Bush,mask_face_oval,Hugo_Chavez,False,0.00982370600104332
./data/processed/test/George_W_Bush/George_W_Bush_0168.jpg,George_W_Bush,mask_outside_face,George_W_Bush,True,0.21422119438648224
./data/processed/test/George_W_Bush/George_W_Bush_0168.jpg,George_W_Bush,dark,George_W_Bush,True,0.2216411828994751
./data/processed/test/George_W_Bush/George_W_Bush_0168.jpg,George_W_Bush,bright,George_W_Bush,True,0.2216244786977768
./data/processed/test/George_W_Bush/George_W_Bush_0173.jpg,George_W_Bush,original,George_W_Bush,True,0.22176246345043182
./data/processed/test/George_W_Bush/George_W_Bush_0173.jpg,George_W_Bush,mask_eyes,George_W_Bush,True,0.22118958830833435
./data/processed/test/George_W_Bush/George_W_Bush_0173.jpg,George_W_Bush,mask_nose,George_W_Bush,True,0.22151073813438416
./data/processed/test/George_W_Bush/George_W_Bush_0173.jpg,George_W_Bush,mask_mouth,George_W_Bush,True,0.22172889113426208
./data/processed/test/George_W_Bush/George_W_Bush_0173.jpg,George_W_Bush,mask_face_oval,Colin_Powell,False,0.00944616086781025
./data/processed/test/George_W_Bush/George_W_Bush_0173.jpg,George_W_Bush,mask_outside_face,George_W_Bush,True,0.22042208909988403
./data/processed/test/George_W_Bush/George_W_Bush_0173.jpg,George_W_Bush,dark,George_W_Bush,True,0.22172360122203827
./data/processed/test/George_W_Bush/George_W_Bush_0173.jpg,George_W_Bush,bright,George_W_Bush,True,0.22164516150951385
./data/processed/test/George_W_Bush/George_W_Bush_0181.jpg,George_W_Bush,original,George_W_Bush,True,0.22180123627185822
./data/processed/test/George_W_Bush/George_W_Bush_0181.jpg,George_W_Bush,mask_eyes,George_W_Bush,True,0.22185365855693817
./data/processed/test/George_W_Bush/George_W_Bush_0181.jpg,George_W_Bush,mask_nose,George_W_Bush,True,0.22168564796447754
./data/processed/test/George_W_Bush/George_W_Bush_0181.jpg,George_W_Bush,mask_mouth,George_W_Bush,True,0.22175198793411255
./data/processed/test/George_W_Bush/George_W_Bush_0181.jpg,George_W_Bush,mask_face_oval,Michael_Schumacher,False,0.009370041079819202
./data/processed/test/George_W_Bush/George_W_Bush_0181.jpg,George_W_Bush,mask_outside_face,George_W_Bush,True,0.2057098001241684
./data/processed/test/George_W_Bush/George_W_Bush_0181.jpg,George_W_Bush,dark,George_W_Bush,True,0.221771702170372
./data/processed/test/George_W_Bush/George_W_Bush_0181.jpg,George_W_Bush,bright,George_W_Bush,True,0.22180353105068207
./data/processed/test/George_W_Bush/George_W_Bush_0183.jpg,George_W_Bush,original,George_W_Bush,True,0.2141168862581253
./data/processed/test/George_W_Bush/George_W_Bush_0183.jpg,George_W_Bush,mask_eyes,George_W_Bush,True,0.21374253928661346
./data/processed/test/George_W_Bush/George_W_Bush_0183.jpg,George_W_Bush,mask_nose,George_W_Bush,True,0.21797232329845428
./data/processed/test/George_W_Bush/George_W_Bush_0183.jpg,George_W_Bush,mask_mouth,George_W_Bush,True,0.21704722940921783
./data/processed/test/George_W_Bush/George_W_Bush_0183.jpg,George_W_Bush,mask_face_oval,Michael_Schumacher,False,0.009937960654497147
./data/processed/test/George_W_Bush/George_W_Bush_0183.jpg,George_W_Bush,mask_outside_face,George_W_Bush,True,0.020301545038819313
./data/processed/test/George_W_Bush/George_W_Bush_0183.jpg,George_W_Bush,dark,George_W_Bush,True,0.21685661375522614
./data/processed/test/George_W_Bush/George_W_Bush_0183.jpg,George_W_Bush,bright,George_W_Bush,True,0.19898466765880585
./data/processed/test/George_W_Bush/George_W_Bush_0185.jpg,George_W_Bush,original,George_W_Bush,True,0.22163063287734985
./data/processed/test/George_W_Bush/George_W_Bush_0185.jpg,George_W_Bush,mask_eyes,George_W_Bush,True,0.2212875932455063
./data/processed/test/George_W_Bush/George_W_Bush_0185.jpg,George_W_Bush,mask_nose,George_W_Bush,True,0.221493661403656
./data/processed/test/George_W_Bush/George_W_Bush_0185.jpg,George_W_Bush,mask_mouth,George_W_Bush,True,0.22162801027297974
./data/processed/test/George_W_Bush/George_W_Bush_0185.jpg,George_W_Bush,mask_face_oval,Michael_Schumacher,False,0.009548543952405453
./data/processed/test/George_W_Bush/George_W_Bush_0185.jpg,George_W_Bush,mask_outside_face,George_W_Bush,True,0.21919505298137665
./data/processed/test/George_W_Bush/George_W_Bush_0185.jpg,George_W_Bush,dark,George_W_Bush,True,0.22168436646461487
./data/processed/test/George_W_Bush/George_W_Bush_0185.jpg,George_W_Bush,bright,George_W_Bush,True,0.22157198190689087
./data/processed/test/George_W_Bush/George_W_Bush_0186.jpg,George_W_Bush,original,George_W_Bush,True,0.2218756228685379
./data/processed/test/George_W_Bush/George_W_Bush_0186.jpg,George_W_Bush,mask_eyes,George_W_Bush,True,0.22186362743377686
./data/processed/test/George_W_Bush/George_W_Bush_0186.jpg,George_W_Bush,mask_nose,George_W_Bush,True,0.2217760980129242
./data/processed/test/George_W_Bush/George_W_Bush_0186.jpg,George_W_Bush,mask_mouth,George_W_Bush,True,0.2218778282403946
./data/processed/test/George_W_Bush/George_W_Bush_0186.jpg,George_W_Bush,mask_face_oval,Michael_Schumacher,False,0.010212535969913006
./data/processed/test/George_W_Bush/George_W_Bush_0186.jpg,George_W_Bush,mask_outside_face,George_W_Bush,True,0.21992863714694977
./data/processed/test/George_W_Bush/George_W_Bush_0186.jpg,George_W_Bush,dark,George_W_Bush,True,0.22180846333503723
./data/processed/test/George_W_Bush/George_W_Bush_0186.jpg,George_W_Bush,bright,George_W_Bush,True,0.2217065989971161
./data/processed/test/George_W_Bush/George_W_Bush_0193.jpg,George_W_Bush,original,George_W_Bush,True,0.22166313230991364
./data/processed/test/George_W_Bush/George_W_Bush_0193.jpg,George_W_Bush,mask_eyes,George_W_Bush,True,0.22125999629497528
./data/processed/test/George_W_Bush/George_W_Bush_0193.jpg,George_W_Bush,mask_nose,George_W_Bush,True,0.22161583602428436
./data/processed/test/George_W_Bush/George_W_Bush_0193.jpg,George_W_Bush,mask_mouth,George_W_Bush,True,0.22168053686618805
./data/processed/test/George_W_Bush/George_W_Bush_0193.jpg,George_W_Bush,mask_face_oval,Jiang_Zemin,False,0.008804055862128735
./data/processed/test/George_W_Bush/George_W_Bush_0193.jpg,George_W_Bush,mask_outside_face,George_W_Bush,True,0.21281078457832336
./data/processed/test/George_W_Bush/George_W_Bush_0193.jpg,George_W_Bush,dark,George_W_Bush,True,0.22163213789463043
./data/processed/test/George_W_Bush/George_W_Bush_0193.jpg,George_W_Bush,bright,George_W_Bush,True,0.22143760323524475
./data/processed/test/George_W_Bush/George_W_Bush_0196.jpg,George_W_Bush,original,George_W_Bush,True,0.14902682602405548
./data/processed/test/George_W_Bush/George_W_Bush_0196.jpg,George_W_Bush,mask_eyes,George_W_Bush,True,0.014582944102585316
./data/processed/test/George_W_Bush/George_W_Bush_0196.jpg,George_W_Bush,mask_nose,George_W_Bush,True,0.03166385740041733
./data/processed/test/George_W_Bush/George_W_Bush_0196.jpg,George_W_Bush,mask_mouth,George_W_Bush,True,0.1805620789527893
./data/processed/test/George_W_Bush/George_W_Bush_0196.jpg,George_W_Bush,mask_face_oval,Michael_Schumacher,False,0.009767555631697178
./data/processed/test/George_W_Bush/George_W_Bush_0196.jpg,George_W_Bush,mask_outside_face,George_W_Bush,True,0.06359019875526428
./data/processed/test/George_W_Bush/George_W_Bush_0196.jpg,George_W_Bush,dark,George_W_Bush,True,0.027405714616179466
./data/processed/test/George_W_Bush/George_W_Bush_0196.jpg,George_W_Bush,bright,George_W_Bush,True,0.1945047378540039
./data/processed/test/George_W_Bush/George_W_Bush_0205.jpg,George_W_Bush,original,George_W_Bush,True,0.2214440256357193
./data/processed/test/George_W_Bush/George_W_Bush_0205.jpg,George_W_Bush,mask_eyes,George_W_Bush,True,0.221446231007576
./data/processed/test/George_W_Bush/George_W_Bush_0205.jpg,George_W_Bush,mask_nose,George_W_Bush,True,0.2209583818912506
./data/processed/test/George_W_Bush/George_W_Bush_0205.jpg,George_W_Bush,mask_mouth,George_W_Bush,True,0.22160743176937103
./data/processed/test/George_W_Bush/George_W_Bush_0205.jpg,George_W_Bush,mask_face_oval,Michael_Schumacher,False,0.009856762364506721
./data/processed/test/George_W_Bush/George_W_Bush_0205.jpg,George_W_Bush,mask_outside_face,George_W_Bush,True,0.2184760719537735
./data/processed/test/George_W_Bush/George_W_Bush_0205.jpg,George_W_Bush,dark,George_W_Bush,True,0.22127018868923187
./data/processed/test/George_W_Bush/George_W_Bush_0205.jpg,George_W_Bush,bright,George_W_Bush,True,0.22099459171295166
./data/processed/test/George_W_Bush/George_W_Bush_0210.jpg,George_W_Bush,original,George_W_Bush,True,0.22154930233955383
./data/processed/test/George_W_Bush/George_W_Bush_0210.jpg,George_W_Bush,mask_eyes,George_W_Bush,True,0.22076766192913055
./data/processed/test/George_W_Bush/George_W_Bush_0210.jpg,George_W_Bush,mask_nose,George_W_Bush,True,0.22134941816329956
./data/processed/test/George_W_Bush/George_W_Bush_0210.jpg,George_W_Bush,mask_mouth,George_W_Bush,True,0.22152961790561676
./data/processed/test/George_W_Bush/George_W_Bush_0210.jpg,George_W_Bush,mask_face_oval,Jiang_Zemin,False,0.00990670919418335
./data/processed/test/George_W_Bush/George_W_Bush_0210.jpg,George_W_Bush,mask_outside_face,George_W_Bush,True,0.21240632236003876
./data/processed/test/George_W_Bush/George_W_Bush_0210.jpg,George_W_Bush,dark,George_W_Bush,True,0.2215694785118103
./data/processed/test/George_W_Bush/George_W_Bush_0210.jpg,George_W_Bush,bright,George_W_Bush,True,0.22056403756141663
./data/processed/test/George_W_Bush/George_W_Bush_0219.jpg,George_W_Bush,original,George_W_Bush,True,0.22031031548976898
./data/processed/test/George_W_Bush/George_W_Bush_0219.jpg,George_W_Bush,mask_eyes,George_W_Bush,True,0.21906058490276337
./data/processed/test/George_W_Bush/George_W_Bush_0219.jpg,George_W_Bush,mask_nose,George_W_Bush,True,0.2050967961549759
./data/processed/test/George_W_Bush/George_W_Bush_0219.jpg,George_W_Bush,mask_mouth,George_W_Bush,True,0.21969719231128693
./data/processed/test/George_W_Bush/George_W_Bush_0219.jpg,George_W_Bush,mask_face_oval,Hugo_Chavez,False,0.011942294426262379
./data/processed/test/George_W_Bush/George_W_Bush_0219.jpg,George_W_Bush,mask_outside_face,George_W_Bush,True,0.08956605941057205
./data/processed/test/George_W_Bush/George_W_Bush_0219.jpg,George_W_Bush,dark,George_W_Bush,True,0.2155875414609909
./data/processed/test/George_W_Bush/George_W_Bush_0219.jpg,George_W_Bush,bright,George_W_Bush,True,0.2207918018102646
./data/processed/test/George_W_Bush/George_W_Bush_0223.jpg,George_W_Bush,original,George_W_Bush,True,0.221699520945549
./data/processed/test/George_W_Bush/George_W_Bush_0223.jpg,George_W_Bush,mask_eyes,George_W_Bush,True,0.2211659550666809
./data/processed/test/George_W_Bush/George_W_Bush_0223.jpg,George_W_Bush,mask_nose,George_W_Bush,True,0.22151796519756317
./data/processed/test/George_W_Bush/George_W_Bush_0223.jpg,George_W_Bush,mask_mouth,George_W_Bush,True,0.2216155081987381
./data/processed/test/George_W_Bush/George_W_Bush_0223.jpg,George_W_Bush,mask_face_oval,Michael_Schumacher,False,0.009431703947484493
./data/processed/test/George_W_Bush/George_W_Bush_0223.jpg,George_W_Bush,mask_outside_face,George_W_Bush,True,0.21714602410793304
./data/processed/test/George_W_Bush/George_W_Bush_0223.jpg,George_W_Bush,dark,George_W_Bush,True,0.22163856029510498
./data/processed/test/George_W_Bush/George_W_Bush_0223.jpg,George_W_Bush,bright,George_W_Bush,True,0.22172190248966217
./data/processed/test/George_W_Bush/George_W_Bush_0226.jpg,George_W_Bush,original,George_W_Bush,True,0.22172830998897552
./data/processed/test/George_W_Bush/George_W_Bush_0226.jpg,George_W_Bush,mask_eyes,George_W_Bush,True,0.22158527374267578
./data/processed/test/George_W_Bush/George_W_Bush_0226.jpg,George_W_Bush,mask_nose,George_W_Bush,True,0.22141726315021515
./data/processed/test/George_W_Bush/George_W_Bush_0226.jpg,George_W_Bush,mask_mouth,George_W_Bush,True,0.22180546820163727
./data/processed/test/George_W_Bush/George_W_Bush_0226.jpg,George_W_Bush,mask_face_oval,Gerhard_Schroeder,False,0.01094559021294117
./data/processed/test/George_W_Bush/George_W_Bush_0226.jpg,George_W_Bush,mask_outside_face,George_W_Bush,True,0.22029569745063782
./data/processed/test/George_W_Bush/George_W_Bush_0226.jpg,George_W_Bush,dark,George_W_Bush,True,0.2213495522737503
./data/processed/test/George_W_Bush/George_W_Bush_0226.jpg,George_W_Bush,bright,George_W_Bush,True,0.22163189947605133
./data/processed/test/George_W_Bush/George_W_Bush_0228.jpg,George_W_Bush,original,George_W_Bush,True,0.22164389491081238
./data/processed/test/George_W_Bush/George_W_Bush_0228.jpg,George_W_Bush,mask_eyes,George_W_Bush,True,0.22162872552871704
./data/processed/test/George_W_Bush/George_W_Bush_0228.jpg,George_W_Bush,mask_nose,George_W_Bush,True,0.2215145230293274
./data/processed/test/George_W_Bush/George_W_Bush_0228.jpg,George_W_Bush,mask_mouth,George_W_Bush,True,0.22162483632564545
./data/processed/test/George_W_Bush/George_W_Bush_0228.jpg,George_W_Bush,mask_face_oval,Jiang_Zemin,False,0.00989761482924223
./data/processed/test/George_W_Bush/George_W_Bush_0228.jpg,George_W_Bush,mask_outside_face,George_W_Bush,True,0.2206772267818451
./data/processed/test/George_W_Bush/George_W_Bush_0228.jpg,George_W_Bush,dark,George_W_Bush,True,0.22162899374961853
./data/processed/test/George_W_Bush/George_W_Bush_0228.jpg,George_W_Bush,bright,George_W_Bush,True,0.22165638208389282
./data/processed/test/George_W_Bush/George_W_Bush_0235.jpg,George_W_Bush,original,George_W_Bush,True,0.22165851294994354
./data/processed/test/George_W_Bush/George_W_Bush_0235.jpg,George_W_Bush,mask_eyes,George_W_Bush,True,0.22155508399009705
./data/processed/test/George_W_Bush/George_W_Bush_0235.jpg,George_W_Bush,mask_nose,George_W_Bush,True,0.22151251137256622
./data/processed/test/George_W_Bush/George_W_Bush_0235.jpg,George_W_Bush,mask_mouth,George_W_Bush,True,0.2217036932706833
./data/processed/test/George_W_Bush/George_W_Bush_0235.jpg,George_W_Bush,mask_face_oval,Nicole_Kidman,False,0.00966734066605568
./data/processed/test/George_W_Bush/George_W_Bush_0235.jpg,George_W_Bush,mask_outside_face,George_W_Bush,True,0.21803829073905945
./data/processed/test/George_W_Bush/George_W_Bush_0235.jpg,George_W_Bush,dark,George_W_Bush,True,0.2215820699930191
./data/processed/test/George_W_Bush/George_W_Bush_0235.jpg,George_W_Bush,bright,George_W_Bush,True,0.22160153090953827
./data/processed/test/George_W_Bush/George_W_Bush_0238.jpg,George_W_Bush,original,George_W_Bush,True,0.22171112895011902
./data/processed/test/George_W_Bush/George_W_Bush_0238.jpg,George_W_Bush,mask_eyes,George_W_Bush,True,0.2213851362466812
./data/processed/test/George_W_Bush/George_W_Bush_0238.jpg,George_W_Bush,mask_nose,George_W_Bush,True,0.2215697169303894
./data/processed/test/George_W_Bush/George_W_Bush_0238.jpg,George_W_Bush,mask_mouth,George_W_Bush,True,0.22179269790649414
./data/processed/test/George_W_Bush/George_W_Bush_0238.jpg,George_W_Bush,mask_face_oval,Gerhard_Schroeder,False,0.009028201922774315
./data/processed/test/George_W_Bush/George_W_Bush_0238.jpg,George_W_Bush,mask_outside_face,George_W_Bush,True,0.219093456864357
./data/processed/test/George_W_Bush/George_W_Bush_0238.jpg,George_W_Bush,dark,George_W_Bush,True,0.22175700962543488
./data/processed/test/George_W_Bush/George_W_Bush_0238.jpg,George_W_Bush,bright,George_W_Bush,True,0.2216615378856659
./data/processed/test/George_W_Bush/George_W_Bush_0239.jpg,George_W_Bush,original,George_W_Bush,True,0.22151309251785278
./data/processed/test/George_W_Bush/George_W_Bush_0239.jpg,George_W_Bush,mask_eyes,George_W_Bush,True,0.2196604609489441
./data/processed/test/George_W_Bush/George_W_Bush_0239.jpg,George_W_Bush,mask_nose,George_W_Bush,True,0.22045816481113434
./data/processed/test/George_W_Bush/George_W_Bush_0239.jpg,George_W_Bush,mask_mouth,George_W_Bush,True,0.22156526148319244
./data/processed/test/George_W_Bush/George_W_Bush_0239.jpg,George_W_Bush,mask_face_oval,Vicente_Fox,False,0.009333726949989796
./data/processed/test/George_W_Bush/George_W_Bush_0239.jpg,George_W_Bush,mask_outside_face,George_W_Bush,True,0.19308701157569885
./data/processed/test/George_W_Bush/George_W_Bush_0239.jpg,George_W_Bush,dark,George_W_Bush,True,0.22171825170516968
./data/processed/test/George_W_Bush/George_W_Bush_0239.jpg,George_W_Bush,bright,George_W_Bush,True,0.2206621915102005
./data/processed/test/George_W_Bush/George_W_Bush_0258.jpg,George_W_Bush,original,George_W_Bush,True,0.22177819907665253
./data/processed/test/George_W_Bush/George_W_Bush_0258.jpg,George_W_Bush,mask_eyes,George_W_Bush,True,0.22094187140464783
./data/processed/test/George_W_Bush/George_W_Bush_0258.jpg,George_W_Bush,mask_nose,George_W_Bush,True,0.2215205878019333
./data/processed/test/George_W_Bush/George_W_Bush_0258.jpg,George_W_Bush,mask_mouth,George_W_Bush,True,0.22176900506019592
./data/processed/test/George_W_Bush/George_W_Bush_0258.jpg,George_W_Bush,mask_face_oval,Michael_Schumacher,False,0.009763224050402641
./data/processed/test/George_W_Bush/George_W_Bush_0258.jpg,George_W_Bush,mask_outside_face,George_W_Bush,True,0.21935729682445526
./data/processed/test/George_W_Bush/George_W_Bush_0258.jpg,George_W_Bush,dark,George_W_Bush,True,0.22172050178050995
./data/processed/test/George_W_Bush/George_W_Bush_0258.jpg,George_W_Bush,bright,George_W_Bush,True,0.2217768132686615
./data/processed/test/George_W_Bush/George_W_Bush_0269.jpg,George_W_Bush,original,George_W_Bush,True,0.22160252928733826
./data/processed/test/George_W_Bush/George_W_Bush_0269.jpg,George_W_Bush,mask_eyes,George_W_Bush,True,0.19896972179412842
./data/processed/test/George_W_Bush/George_W_Bush_0269.jpg,George_W_Bush,mask_nose,George_W_Bush,True,0.22024664282798767
./data/processed/test/George_W_Bush/George_W_Bush_0269.jpg,George_W_Bush,mask_mouth,George_W_Bush,True,0.22127202153205872
./data/processed/test/George_W_Bush/George_W_Bush_0269.jpg,George_W_Bush,mask_face_oval,George_W_Bush,True,0.01119873858988285
./data/processed/test/George_W_Bush/George_W_Bush_0269.jpg,George_W_Bush,mask_outside_face,George_W_Bush,True,0.1747603416442871
./data/processed/test/George_W_Bush/George_W_Bush_0269.jpg,George_W_Bush,dark,George_W_Bush,True,0.22039613127708435
./data/processed/test/George_W_Bush/George_W_Bush_0269.jpg,George_W_Bush,bright,George_W_Bush,True,0.22170916199684143
./data/processed/test/George_W_Bush/George_W_Bush_0272.jpg,George_W_Bush,original,George_W_Bush,True,0.22154729068279266
./data/processed/test/George_W_Bush/George_W_Bush_0272.jpg,George_W_Bush,mask_eyes,George_W_Bush,True,0.22131864726543427
./data/processed/test/George_W_Bush/George_W_Bush_0272.jpg,George_W_Bush,mask_nose,George_W_Bush,True,0.22137273848056793
./data/processed/test/George_W_Bush/George_W_Bush_0272.jpg,George_W_Bush,mask_mouth,George_W_Bush,True,0.22139063477516174
./data/processed/test/George_W_Bush/George_W_Bush_0272.jpg,George_W_Bush,mask_face_oval,George_W_Bush,True,0.013869797810912132
./data/processed/test/George_W_Bush/George_W_Bush_0272.jpg,George_W_Bush,mask_outside_face,George_W_Bush,True,0.14778666198253632
./data/processed/test/George_W_Bush/George_W_Bush_0272.jpg,George_W_Bush,dark,George_W_Bush,True,0.22161270678043365
./data/processed/test/George_W_Bush/George_W_Bush_0272.jpg,George_W_Bush,bright,George_W_Bush,True,0.22133392095565796
./data/processed/test/George_W_Bush/George_W_Bush_0288.jpg,George_W_Bush,original,George_W_Bush,True,0.22188900411128998
./data/processed/test/George_W_Bush/George_W_Bush_0288.jpg,George_W_Bush,mask_eyes,George_W_Bush,True,0.22168420255184174
./data/processed/test/George_W_Bush/George_W_Bush_0288.jpg,George_W_Bush,mask_nose,George_W_Bush,True,0.22164076566696167
./data/processed/test/George_W_Bush/George_W_Bush_0288.jpg,George_W_Bush,mask_mouth,George_W_Bush,True,0.22187383472919464
./data/processed/test/George_W_Bush/George_W_Bush_0288.jpg,George_W_Bush,mask_face_oval,Colin_Powell,False,0.00922929123044014
./data/processed/test/George_W_Bush/George_W_Bush_0288.jpg,George_W_Bush,mask_outside_face,George_W_Bush,True,0.2153501808643341
./data/processed/test/George_W_Bush/George_W_Bush_0288.jpg,George_W_Bush,dark,George_W_Bush,True,0.22186271846294403
./data/processed/test/George_W_Bush/George_W_Bush_0288.jpg,George_W_Bush,bright,George_W_Bush,True,0.2218332588672638
./data/processed/test/George_W_Bush/George_W_Bush_0290.jpg,George_W_Bush,original,George_W_Bush,True,0.22154779732227325
./data/processed/test/George_W_Bush/George_W_Bush_0290.jpg,George_W_Bush,mask_eyes,George_W_Bush,True,0.2213364988565445
./data/processed/test/George_W_Bush/George_W_Bush_0290.jpg,George_W_Bush,mask_nose,George_W_Bush,True,0.22093307971954346
./data/processed/test/George_W_Bush/George_W_Bush_0290.jpg,George_W_Bush,mask_mouth,George_W_Bush,True,0.22148045897483826
./data/processed/test/George_W_Bush/George_W_Bush_0290.jpg,George_W_Bush,mask_face_oval,George_W_Bush,True,0.01055033691227436
./data/processed/test/George_W_Bush/George_W_Bush_0290.jpg,George_W_Bush,mask_outside_face,George_W_Bush,True,0.2075205296278
./data/processed/test/George_W_Bush/George_W_Bush_0290.jpg,George_W_Bush,dark,George_W_Bush,True,0.22124817967414856
./data/processed/test/George_W_Bush/George_W_Bush_0290.jpg,George_W_Bush,bright,George_W_Bush,True,0.2209625542163849
./data/processed/test/George_W_Bush/George_W_Bush_0298.jpg,George_W_Bush,original,George_W_Bush,True,0.22181104123592377
./data/processed/test/George_W_Bush/George_W_Bush_0298.jpg,George_W_Bush,mask_eyes,George_W_Bush,True,0.22182859480381012
./data/processed/test/George_W_Bush/George_W_Bush_0298.jpg,George_W_Bush,mask_nose,George_W_Bush,True,0.22161342203617096
./data/processed/test/George_W_Bush/George_W_Bush_0298.jpg,George_W_Bush,mask_mouth,George_W_Bush,True,0.22179725766181946
./data/processed/test/George_W_Bush/George_W_Bush_0298.jpg,George_W_Bush,mask_face_oval,Michael_Schumacher,False,0.009920556098222733
./data/processed/test/George_W_Bush/George_W_Bush_0298.jpg,George_W_Bush,mask_outside_face,George_W_Bush,True,0.21977446973323822
./data/processed/test/George_W_Bush/George_W_Bush_0298.jpg,George_W_Bush,dark,George_W_Bush,True,0.221785306930542
./data/processed/test/George_W_Bush/George_W_Bush_0298.jpg,George_W_Bush,bright,George_W_Bush,True,0.22181527316570282
./data/processed/test/George_W_Bush/George_W_Bush_0300.jpg,George_W_Bush,original,George_W_Bush,True,0.22173576056957245
./data/processed/test/George_W_Bush/George_W_Bush_0300.jpg,George_W_Bush,mask_eyes,George_W_Bush,True,0.2216203510761261
./data/processed/test/George_W_Bush/George_W_Bush_0300.jpg,George_W_Bush,mask_nose,George_W_Bush,True,0.22141239047050476
./data/processed/test/George_W_Bush/George_W_Bush_0300.jpg,George_W_Bush,mask_mouth,George_W_Bush,True,0.22177070379257202
./data/processed/test/George_W_Bush/George_W_Bush_0300.jpg,George_W_Bush,mask_face_oval,Recep_Tayyip_Erdogan,False,0.009765646420419216
./data/processed/test/George_W_Bush/George_W_Bush_0300.jpg,George_W_Bush,mask_outside_face,George_W_Bush,True,0.2205512374639511
./data/processed/test/George_W_Bush/George_W_Bush_0300.jpg,George_W_Bush,dark,George_W_Bush,True,0.22175003588199615
./data/processed/test/George_W_Bush/George_W_Bush_0300.jpg,George_W_Bush,bright,George_W_Bush,True,0.22148935496807098
./data/processed/test/George_W_Bush/George_W_Bush_0302.jpg,George_W_Bush,original,George_W_Bush,True,0.22190196812152863
./data/processed/test/George_W_Bush/George_W_Bush_0302.jpg,George_W_Bush,mask_eyes,George_W_Bush,True,0.22187764942646027
./data/processed/test/George_W_Bush/George_W_Bush_0302.jpg,George_W_Bush,mask_nose,George_W_Bush,True,0.22172881662845612
./data/processed/test/George_W_Bush/George_W_Bush_0302.jpg,George_W_Bush,mask_mouth,George_W_Bush,True,0.22189144790172577
./data/processed/test/George_W_Bush/George_W_Bush_0302.jpg,George_W_Bush,mask_face_oval,Michael_Schumacher,False,0.009258288890123367
./data/processed/test/George_W_Bush/George_W_Bush_0302.jpg,George_W_Bush,mask_outside_face,George_W_Bush,True,0.22085487842559814
./data/processed/test/George_W_Bush/George_W_Bush_0302.jpg,George_W_Bush,dark,George_W_Bush,True,0.2218390554189682
./data/processed/test/George_W_Bush/George_W_Bush_0302.jpg,George_W_Bush,bright,George_W_Bush,True,0.22173069417476654
./data/processed/test/George_W_Bush/George_W_Bush_0317.jpg,George_W_Bush,original,George_W_Bush,True,0.21773430705070496
./data/processed/test/George_W_Bush/George_W_Bush_0317.jpg,George_W_Bush,mask_eyes,George_W_Bush,True,0.1911470592021942
./data/processed/test/George_W_Bush/George_W_Bush_0317.jpg,George_W_Bush,mask_nose,George_W_Bush,True,0.2068854570388794
./data/processed/test/George_W_Bush/George_W_Bush_0317.jpg,George_W_Bush,mask_mouth,George_W_Bush,True,0.2188190370798111
./data/processed/test/George_W_Bush/George_W_Bush_0317.jpg,George_W_Bush,mask_face_oval,Michael_Schumacher,False,0.010922186076641083
./data/processed/test/George_W_Bush/George_W_Bush_0317.jpg,George_W_Bush,mask_outside_face,George_W_Bush,True,0.1572304666042328
./data/processed/test/George_W_Bush/George_W_Bush_0317.jpg,George_W_Bush,dark,George_W_Bush,True,0.21686990559101105
./data/processed/test/George_W_Bush/George_W_Bush_0317.jpg,George_W_Bush,bright,George_W_Bush,True,0.21479740738868713
./data/processed/test/George_W_Bush/George_W_Bush_0319.jpg,George_W_Bush,original,George_W_Bush,True,0.22171644866466522
./data/processed/test/George_W_Bush/George_W_Bush_0319.jpg,George_W_Bush,mask_eyes,George_W_Bush,True,0.1949668675661087
./data/processed/test/George_W_Bush/George_W_Bush_0319.jpg,George_W_Bush,mask_nose,George_W_Bush,True,0.22147676348686218
./data/processed/test/George_W_Bush/George_W_Bush_0319.jpg,George_W_Bush,mask_mouth,George_W_Bush,True,0.22177372872829437
./data/processed/test/George_W_Bush/George_W_Bush_0319.jpg,George_W_Bush,mask_face_oval,Michael_Schumacher,False,0.011111809872090816
./data/processed/test/George_W_Bush/George_W_Bush_0319.jpg,George_W_Bush,mask_outside_face,George_W_Bush,True,0.22022582590579987
./data/processed/test/George_W_Bush/George_W_Bush_0319.jpg,George_W_Bush,dark,George_W_Bush,True,0.2214212268590927
./data/processed/test/George_W_Bush/George_W_Bush_0319.jpg,George_W_Bush,bright,George_W_Bush,True,0.22179584205150604
./data/processed/test/George_W_Bush/George_W_Bush_0323.jpg,George_W_Bush,original,George_W_Bush,True,0.22155360877513885
./data/processed/test/George_W_Bush/George_W_Bush_0323.jpg,George_W_Bush,mask_eyes,George_W_Bush,True,0.2207178920507431
./data/processed/test/George_W_Bush/George_W_Bush_0323.jpg,George_W_Bush,mask_nose,George_W_Bush,True,0.22116303443908691
./data/processed/test/George_W_Bush/George_W_Bush_0323.jpg,George_W_Bush,mask_mouth,George_W_Bush,True,0.22156427800655365
./data/processed/test/George_W_Bush/George_W_Bush_0323.jpg,George_W_Bush,mask_face_oval,Lance_Armstrong,False,0.009664429351687431
./data/processed/test/George_W_Bush/George_W_Bush_0323.jpg,George_W_Bush,mask_outside_face,George_W_Bush,True,0.13474175333976746
./data/processed/test/George_W_Bush/George_W_Bush_0323.jpg,George_W_Bush,dark,George_W_Bush,True,0.22168201208114624
./data/processed/test/George_W_Bush/George_W_Bush_0323.jpg,George_W_Bush,bright,George_W_Bush,True,0.2215050309896469
./data/processed/test/George_W_Bush/George_W_Bush_0335.jpg,George_W_Bush,original,George_W_Bush,True,0.22171542048454285
./data/processed/test/George_W_Bush/George_W_Bush_0335.jpg,George_W_Bush,mask_eyes,George_W_Bush,True,0.2214454710483551
./data/processed/test/George_W_Bush/George_W_Bush_0335.jpg,George_W_Bush,mask_nose,George_W_Bush,True,0.22146525979042053
./data/processed/test/George_W_Bush/George_W_Bush_0335.jpg,George_W_Bush,mask_mouth,George_W_Bush,True,0.22177676856517792
./data/processed/test/George_W_Bush/George_W_Bush_0335.jpg,George_W_Bush,mask_face_oval,Jiang_Zemin,False,0.009637637063860893
./data/processed/test/George_W_Bush/George_W_Bush_0335.jpg,George_W_Bush,mask_outside_face,George_W_Bush,True,0.21862103044986725
./data/processed/test/George_W_Bush/George_W_Bush_0335.jpg,George_W_Bush,dark,George_W_Bush,True,0.2217872142791748
./data/processed/test/George_W_Bush/George_W_Bush_0335.jpg,George_W_Bush,bright,George_W_Bush,True,0.2216852456331253
./data/processed/test/George_W_Bush/George_W_Bush_0336.jpg,George_W_Bush,original,George_W_Bush,True,0.22152529656887054
./data/processed/test/George_W_Bush/George_W_Bush_0336.jpg,George_W_Bush,mask_eyes,George_W_Bush,True,0.22096256911754608
./data/processed/test/George_W_Bush/George_W_Bush_0336.jpg,George_W_Bush,mask_nose,George_W_Bush,True,0.22170200943946838
./data/processed/test/George_W_Bush/George_W_Bush_0336.jpg,George_W_Bush,mask_mouth,George_W_Bush,True,0.22151751816272736
./data/processed/test/George_W_Bush/George_W_Bush_0336.jpg,George_W_Bush,mask_face_oval,Jiang_Zemin,False,0.010344266891479492
./data/processed/test/George_W_Bush/George_W_Bush_0336.jpg,George_W_Bush,mask_outside_face,George_W_Bush,True,0.16864439845085144
./data/processed/test/George_W_Bush/George_W_Bush_0336.jpg,George_W_Bush,dark,George_W_Bush,True,0.22168929874897003
./data/processed/test/George_W_Bush/George_W_Bush_0336.jpg,George_W_Bush,bright,George_W_Bush,True,0.22079040110111237
./data/processed/test/George_W_Bush/George_W_Bush_0339.jpg,George_W_Bush,original,George_W_Bush,True,0.22145220637321472
./data/processed/test/George_W_Bush/George_W_Bush_0339.jpg,George_W_Bush,mask_eyes,George_W_Bush,True,0.22080281376838684
./data/processed/test/George_W_Bush/George_W_Bush_0339.jpg,George_W_Bush,mask_nose,George_W_Bush,True,0.22023113071918488
./data/processed/test/George_W_Bush/George_W_Bush_0339.jpg,George_W_Bush,mask_mouth,George_W_Bush,True,0.22145651280879974
./data/processed/test/George_W_Bush/George_W_Bush_0339.jpg,George_W_Bush,mask_face_oval,Michael_Schumacher,False,0.010128835216164589
./data/processed/test/George_W_Bush/George_W_Bush_0339.jpg,George_W_Bush,mask_outside_face,George_W_Bush,True,0.21692664921283722
./data/processed/test/George_W_Bush/George_W_Bush_0339.jpg,George_W_Bush,dark,George_W_Bush,True,0.2213592529296875
./data/processed/test/George_W_Bush/George_W_Bush_0339.jpg,George_W_Bush,bright,George_W_Bush,True,0.2215794026851654
./data/processed/test/George_W_Bush/George_W_Bush_0341.jpg,George_W_Bush,original,George_W_Bush,True,0.22175541520118713
./data/processed/test/George_W_Bush/George_W_Bush_0341.jpg,George_W_Bush,mask_eyes,George_W_Bush,True,0.2208476960659027
./data/processed/test/George_W_Bush/George_W_Bush_0341.jpg,George_W_Bush,mask_nose,George_W_Bush,True,0.2215336263179779
./data/processed/test/George_W_Bush/George_W_Bush_0341.jpg,George_W_Bush,mask_mouth,George_W_Bush,True,0.2217302769422531
./data/processed/test/George_W_Bush/George_W_Bush_0341.jpg,George_W_Bush,mask_face_oval,Michael_Schumacher,False,0.009438017383217812
./data/processed/test/George_W_Bush/George_W_Bush_0341.jpg,George_W_Bush,mask_outside_face,George_W_Bush,True,0.21101243793964386
./data/processed/test/George_W_Bush/George_W_Bush_0341.jpg,George_W_Bush,dark,George_W_Bush,True,0.22179514169692993
./data/processed/test/George_W_Bush/George_W_Bush_0341.jpg,George_W_Bush,bright,George_W_Bush,True,0.22156770527362823
./data/processed/test/George_W_Bush/George_W_Bush_0342.jpg,George_W_Bush,original,George_W_Bush,True,0.2216363251209259
./data/processed/test/George_W_Bush/George_W_Bush_0342.jpg,George_W_Bush,mask_eyes,George_W_Bush,True,0.22159986197948456
./data/processed/test/George_W_Bush/George_W_Bush_0342.jpg,George_W_Bush,mask_nose,George_W_Bush,True,0.22145946323871613
./data/processed/test/George_W_Bush/George_W_Bush_0342.jpg,George_W_Bush,mask_mouth,George_W_Bush,True,0.22161509096622467
./data/processed/test/George_W_Bush/George_W_Bush_0342.jpg,George_W_Bush,mask_face_oval,Jiang_Zemin,False,0.00950684491544962
./data/processed/test/George_W_Bush/George_W_Bush_0342.jpg,George_W_Bush,mask_outside_face,George_W_Bush,True,0.18230140209197998
./data/processed/test/George_W_Bush/George_W_Bush_0342.jpg,George_W_Bush,dark,George_W_Bush,True,0.22158148884773254
./data/processed/test/George_W_Bush/George_W_Bush_0342.jpg,George_W_Bush,bright,George_W_Bush,True,0.22148574888706207
./data/processed/test/George_W_Bush/George_W_Bush_0347.jpg,George_W_Bush,original,George_W_Bush,True,0.22074982523918152
./data/processed/test/George_W_Bush/George_W_Bush_0347.jpg,George_W_Bush,mask_eyes,George_W_Bush,True,0.1391627937555313
./data/processed/test/George_W_Bush/George_W_Bush_0347.jpg,George_W_Bush,mask_nose,George_W_Bush,True,0.21677741408348083
./data/processed/test/George_W_Bush/George_W_Bush_0347.jpg,George_W_Bush,mask_mouth,George_W_Bush,True,0.21976271271705627
./data/processed/test/George_W_Bush/George_W_Bush_0347.jpg,George_W_Bush,mask_face_oval,Jack_Straw,False,0.008386085741221905
./data/processed/test/George_W_Bush/George_W_Bush_0347.jpg,George_W_Bush,mask_outside_face,George_W_Bush,True,0.1246226355433464
./data/processed/test/George_W_Bush/George_W_Bush_0347.jpg,George_W_Bush,dark,George_W_Bush,True,0.22129184007644653
./data/processed/test/George_W_Bush/George_W_Bush_0347.jpg,George_W_Bush,bright,George_W_Bush,True,0.2084389626979828
./data/processed/test/George_W_Bush/George_W_Bush_0348.jpg,George_W_Bush,original,George_W_Bush,True,0.22122904658317566
./data/processed/test/George_W_Bush/George_W_Bush_0348.jpg,George_W_Bush,mask_eyes,George_W_Bush,True,0.21601606905460358
./data/processed/test/George_W_Bush/George_W_Bush_0348.jpg,George_W_Bush,mask_nose,George_W_Bush,True,0.22001484036445618
./data/processed/test/George_W_Bush/George_W_Bush_0348.jpg,George_W_Bush,mask_mouth,George_W_Bush,True,0.22123931348323822
./data/processed/test/George_W_Bush/George_W_Bush_0348.jpg,George_W_Bush,mask_face_oval,Gerhard_Schroeder,False,0.010626216419041157
./data/processed/test/George_W_Bush/George_W_Bush_0348.jpg,George_W_Bush,mask_outside_face,George_W_Bush,True,0.21578562259674072
./data/processed/test/George_W_Bush/George_W_Bush_0348.jpg,George_W_Bush,dark,George_W_Bush,True,0.2203904539346695
./data/processed/test/George_W_Bush/George_W_Bush_0348.jpg,George_W_Bush,bright,George_W_Bush,True,0.22098350524902344
./data/processed/test/George_W_Bush/George_W_Bush_0358.jpg,George_W_Bush,original,George_W_Bush,True,0.22168408334255219
./data/processed/test/George_W_Bush/George_W_Bush_0358.jpg,George_W_Bush,mask_eyes,George_W_Bush,True,0.22163988649845123
./data/processed/test/George_W_Bush/George_W_Bush_0358.jpg,George_W_Bush,mask_nose,George_W_Bush,True,0.22150671482086182
./data/processed/test/George_W_Bush/George_W_Bush_0358.jpg,George_W_Bush,mask_mouth,George_W_Bush,True,0.2217491716146469
./data/processed/test/George_W_Bush/George_W_Bush_0358.jpg,George_W_Bush,mask_face_oval,Arnold_Schwarzenegger,False,0.009795993566513062
./data/processed/test/George_W_Bush/George_W_Bush_0358.jpg,George_W_Bush,mask_outside_face,George_W_Bush,True,0.216062530875206
./data/processed/test/George_W_Bush/George_W_Bush_0358.jpg,George_W_Bush,dark,George_W_Bush,True,0.22174668312072754
./data/processed/test/George_W_Bush/George_W_Bush_0358.jpg,George_W_Bush,bright,George_W_Bush,True,0.22160674631595612
./data/processed/test/George_W_Bush/George_W_Bush_0366.jpg,George_W_Bush,original,George_W_Bush,True,0.22152982652187347
./data/processed/test/George_W_Bush/George_W_Bush_0366.jpg,George_W_Bush,mask_eyes,George_W_Bush,True,0.22097714245319366
./data/processed/test/George_W_Bush/George_W_Bush_0366.jpg,George_W_Bush,mask_nose,George_W_Bush,True,0.2210552990436554
./data/processed/test/George_W_Bush/George_W_Bush_0366.jpg,George_W_Bush,mask_mouth,George_W_Bush,True,0.22161218523979187
./data/processed/test/George_W_Bush/George_W_Bush_0366.jpg,George_W_Bush,mask_face_oval,Gerhard_Schroeder,False,0.010685521177947521
./data/processed/test/George_W_Bush/George_W_Bush_0366.jpg,George_W_Bush,mask_outside_face,George_W_Bush,True,0.21693100035190582
./data/processed/test/George_W_Bush/George_W_Bush_0366.jpg,George_W_Bush,dark,George_W_Bush,True,0.2214171439409256
./data/processed/test/George_W_Bush/George_W_Bush_0366.jpg,George_W_Bush,bright,George_W_Bush,True,0.22138740122318268
./data/processed/test/George_W_Bush/George_W_Bush_0368.jpg,George_W_Bush,original,George_W_Bush,True,0.22155295312404633
./data/processed/test/George_W_Bush/George_W_Bush_0368.jpg,George_W_Bush,mask_eyes,George_W_Bush,True,0.22134093940258026
./data/processed/test/George_W_Bush/George_W_Bush_0368.jpg,George_W_Bush,mask_nose,George_W_Bush,True,0.22124645113945007
./data/processed/test/George_W_Bush/George_W_Bush_0368.jpg,George_W_Bush,mask_mouth,George_W_Bush,True,0.2213834524154663
./data/processed/test/George_W_Bush/George_W_Bush_0368.jpg,George_W_Bush,mask_face_oval,Gerhard_Schroeder,False,0.012731785885989666
./data/processed/test/George_W_Bush/George_W_Bush_0368.jpg,George_W_Bush,mask_outside_face,George_W_Bush,True,0.21775312721729279
./data/processed/test/George_W_Bush/George_W_Bush_0368.jpg,George_W_Bush,dark,George_W_Bush,True,0.22144491970539093
./data/processed/test/George_W_Bush/George_W_Bush_0368.jpg,George_W_Bush,bright,George_W_Bush,True,0.22137847542762756
./data/processed/test/George_W_Bush/George_W_Bush_0399.jpg,George_W_Bush,original,George_W_Bush,True,0.2214241474866867
./data/processed/test/George_W_Bush/George_W_Bush_0399.jpg,George_W_Bush,mask_eyes,George_W_Bush,True,0.22012469172477722
./data/processed/test/George_W_Bush/George_W_Bush_0399.jpg,George_W_Bush,mask_nose,George_W_Bush,True,0.22102712094783783
./data/processed/test/George_W_Bush/George_W_Bush_0399.jpg,George_W_Bush,mask_mouth,George_W_Bush,True,0.22140982747077942
./data/processed/test/George_W_Bush/George_W_Bush_0399.jpg,George_W_Bush,mask_face_oval,Michael_Schumacher,False,0.008754698559641838
./data/processed/test/George_W_Bush/George_W_Bush_0399.jpg,George_W_Bush,mask_outside_face,George_W_Bush,True,0.21470235288143158
./data/processed/test/George_W_Bush/George_W_Bush_0399.jpg,George_W_Bush,dark,George_W_Bush,True,0.22138820588588715
./data/processed/test/George_W_Bush/George_W_Bush_0399.jpg,George_W_Bush,bright,George_W_Bush,True,0.22039546072483063
./data/processed/test/George_W_Bush/George_W_Bush_0403.jpg,George_W_Bush,original,George_W_Bush,True,0.2215990424156189
./data/processed/test/George_W_Bush/George_W_Bush_0403.jpg,George_W_Bush,mask_eyes,George_W_Bush,True,0.2214987874031067
./data/processed/test/George_W_Bush/George_W_Bush_0403.jpg,George_W_Bush,mask_nose,George_W_Bush,True,0.2213221788406372
./data/processed/test/George_W_Bush/George_W_Bush_0403.jpg,George_W_Bush,mask_mouth,George_W_Bush,True,0.22155386209487915
./data/processed/test/George_W_Bush/George_W_Bush_0403.jpg,George_W_Bush,mask_face_oval,Jiang_Zemin,False,0.009211295284330845
./data/processed/test/George_W_Bush/George_W_Bush_0403.jpg,George_W_Bush,mask_outside_face,George_W_Bush,True,0.21844612061977386
./data/processed/test/George_W_Bush/George_W_Bush_0403.jpg,George_W_Bush,dark,George_W_Bush,True,0.2215714007616043
./data/processed/test/George_W_Bush/George_W_Bush_0403.jpg,George_W_Bush,bright,George_W_Bush,True,0.22151914238929749
./data/processed/test/George_W_Bush/George_W_Bush_0407.jpg,George_W_Bush,original,George_W_Bush,True,0.2217819094657898
./data/processed/test/George_W_Bush/George_W_Bush_0407.jpg,George_W_Bush,mask_eyes,George_W_Bush,True,0.22153432667255402
./data/processed/test/George_W_Bush/George_W_Bush_0407.jpg,George_W_Bush,mask_nose,George_W_Bush,True,0.2215917706489563
./data/processed/test/George_W_Bush/George_W_Bush_0407.jpg,George_W_Bush,mask_mouth,George_W_Bush,True,0.22175465524196625
./data/processed/test/George_W_Bush/George_W_Bush_0407.jpg,George_W_Bush,mask_face_oval,Michael_Schumacher,False,0.008970020338892937
./data/processed/test/George_W_Bush/George_W_Bush_0407.jpg,George_W_Bush,mask_outside_face,George_W_Bush,True,0.21899576485157013
./data/processed/test/George_W_Bush/George_W_Bush_0407.jpg,George_W_Bush,dark,George_W_Bush,True,0.22184407711029053
./data/processed/test/George_W_Bush/George_W_Bush_0407.jpg,George_W_Bush,bright,George_W_Bush,True,0.22177860140800476
./data/processed/test/George_W_Bush/George_W_Bush_0421.jpg,George_W_Bush,original,George_W_Bush,True,0.22174480557441711
./data/processed/test/George_W_Bush/George_W_Bush_0421.jpg,George_W_Bush,mask_eyes,George_W_Bush,True,0.2202262431383133
./data/processed/test/George_W_Bush/George_W_Bush_0421.jpg,George_W_Bush,mask_nose,George_W_Bush,True,0.22007708251476288
./data/processed/test/George_W_Bush/George_W_Bush_0421.jpg,George_W_Bush,mask_mouth,George_W_Bush,True,0.22167766094207764
./data/processed/test/George_W_Bush/George_W_Bush_0421.jpg,George_W_Bush,mask_face_oval,Jiang_Zemin,False,0.009435651823878288
./data/processed/test/George_W_Bush/George_W_Bush_0421.jpg,George_W_Bush,mask_outside_face,George_W_Bush,True,0.1544778048992157
./data/processed/test/George_W_Bush/George_W_Bush_0421.jpg,George_W_Bush,dark,George_W_Bush,True,0.2206307351589203
./data/processed/test/George_W_Bush/George_W_Bush_0421.jpg,George_W_Bush,bright,George_W_Bush,True,0.21970883011817932
./data/processed/test/George_W_Bush/George_W_Bush_0432.jpg,George_W_Bush,original,George_W_Bush,True,0.22168372571468353
./data/processed/test/George_W_Bush/George_W_Bush_0432.jpg,George_W_Bush,mask_eyes,George_W_Bush,True,0.22137205302715302
./data/processed/test/George_W_Bush/George_W_Bush_0432.jpg,George_W_Bush,mask_nose,George_W_Bush,True,0.22146053612232208
./data/processed/test/George_W_Bush/George_W_Bush_0432.jpg,George_W_Bush,mask_mouth,George_W_Bush,True,0.22166748344898224
./data/processed/test/George_W_Bush/George_W_Bush_0432.jpg,George_W_Bush,mask_face_oval,Jiang_Zemin,False,0.009427390992641449
./data/processed/test/George_W_Bush/George_W_Bush_0432.jpg,George_W_Bush,mask_outside_face,George_W_Bush,True,0.2119790017604828
./data/processed/test/George_W_Bush/George_W_Bush_0432.jpg,George_W_Bush,dark,George_W_Bush,True,0.22162923216819763
./data/processed/test/George_W_Bush/George_W_Bush_0432.jpg,George_W_Bush,bright,George_W_Bush,True,0.22162050008773804
./data/processed/test/George_W_Bush/George_W_Bush_0435.jpg,George_W_Bush,original,George_W_Bush,True,0.22163553535938263
./data/processed/test/George_W_Bush/George_W_Bush_0435.jpg,George_W_Bush,mask_eyes,George_W_Bush,True,0.22142578661441803
./data/processed/test/George_W_Bush/George_W_Bush_0435.jpg,George_W_Bush,mask_nose,George_W_Bush,True,0.22162234783172607
./data/processed/test/George_W_Bush/George_W_Bush_0435.jpg,George_W_Bush,mask_mouth,George_W_Bush,True,0.22152189910411835
./data/processed/test/George_W_Bush/George_W_Bush_0435.jpg,George_W_Bush,mask_face_oval,Lance_Armstrong,False,0.009705842472612858
./data/processed/test/George_W_Bush/George_W_Bush_0435.jpg,George_W_Bush,mask_outside_face,George_W_Bush,True,0.2193041890859604
./data/processed/test/George_W_Bush/George_W_Bush_0435.jpg,George_W_Bush,dark,George_W_Bush,True,0.2217109650373459
./data/processed/test/George_W_Bush/George_W_Bush_0435.jpg,George_W_Bush,bright,George_W_Bush,True,0.22126108407974243
./data/processed/test/George_W_Bush/George_W_Bush_0447.jpg,George_W_Bush,original,George_W_Bush,True,0.2171764224767685
./data/processed/test/George_W_Bush/George_W_Bush_0447.jpg,George_W_Bush,mask_eyes,George_W_Bush,True,0.16868187487125397
./data/processed/test/George_W_Bush/George_W_Bush_0447.jpg,George_W_Bush,mask_nose,George_W_Bush,True,0.1550895720720291
./data/processed/test/George_W_Bush/George_W_Bush_0447.jpg,George_W_Bush,mask_mouth,George_W_Bush,True,0.2177187204360962
./data/processed/test/George_W_Bush/George_W_Bush_0447.jpg,George_W_Bush,mask_face_oval,Tony_Blair,False,0.009258251637220383
./data/processed/test/George_W_Bush/George_W_Bush_0447.jpg,George_W_Bush,mask_outside_face,George_W_Bush,True,0.02391093596816063
./data/processed/test/George_W_Bush/George_W_Bush_0447.jpg,George_W_Bush,dark,George_W_Bush,True,0.2165796458721161
./data/processed/test/George_W_Bush/George_W_Bush_0447.jpg,George_W_Bush,bright,George_W_Bush,True,0.19894950091838837
./data/processed/test/George_W_Bush/George_W_Bush_0448.jpg,George_W_Bush,original,George_W_Bush,True,0.22012317180633545
./data/processed/test/George_W_Bush/George_W_Bush_0448.jpg,George_W_Bush,mask_eyes,George_W_Bush,True,0.16850323975086212
./data/processed/test/George_W_Bush/George_W_Bush_0448.jpg,George_W_Bush,mask_nose,George_W_Bush,True,0.21845954656600952
./data/processed/test/George_W_Bush/George_W_Bush_0448.jpg,George_W_Bush,mask_mouth,George_W_Bush,True,0.2200600504875183
./data/processed/test/George_W_Bush/George_W_Bush_0448.jpg,George_W_Bush,mask_face_oval,Jiang_Zemin,False,0.009498142637312412
./data/processed/test/George_W_Bush/George_W_Bush_0448.jpg,George_W_Bush,mask_outside_face,George_W_Bush,True,0.0371464304625988
./data/processed/test/George_W_Bush/George_W_Bush_0448.jpg,George_W_Bush,dark,George_W_Bush,True,0.21709151566028595
./data/processed/test/George_W_Bush/George_W_Bush_0448.jpg,George_W_Bush,bright,George_W_Bush,True,0.20531879365444183
./data/processed/test/George_W_Bush/George_W_Bush_0457.jpg,George_W_Bush,original,George_W_Bush,True,0.22173380851745605
./data/processed/test/George_W_Bush/George_W_Bush_0457.jpg,George_W_Bush,mask_eyes,George_W_Bush,True,0.2216690182685852
./data/processed/test/George_W_Bush/George_W_Bush_0457.jpg,George_W_Bush,mask_nose,George_W_Bush,True,0.22160285711288452
./data/processed/test/George_W_Bush/George_W_Bush_0457.jpg,George_W_Bush,mask_mouth,George_W_Bush,True,0.22172483801841736
./data/processed/test/George_W_Bush/George_W_Bush_0457.jpg,George_W_Bush,mask_face_oval,Jiang_Zemin,False,0.009573114104568958
./data/processed/test/George_W_Bush/George_W_Bush_0457.jpg,George_W_Bush,mask_outside_face,George_W_Bush,True,0.2196107804775238
./data/processed/test/George_W_Bush/George_W_Bush_0457.jpg,George_W_Bush,dark,George_W_Bush,True,0.22177712619304657
./data/processed/test/George_W_Bush/George_W_Bush_0457.jpg,George_W_Bush,bright,George_W_Bush,True,0.22177660465240479
./data/processed/test/George_W_Bush/George_W_Bush_0463.jpg,George_W_Bush,original,George_W_Bush,True,0.2217370718717575
./data/processed/test/George_W_Bush/George_W_Bush_0463.jpg,George_W_Bush,mask_eyes,George_W_Bush,True,0.2216726690530777
./data/processed/test/George_W_Bush/George_W_Bush_0463.jpg,George_W_Bush,mask_nose,George_W_Bush,True,0.2216026782989502
./data/processed/test/George_W_Bush/George_W_Bush_0463.jpg,George_W_Bush,mask_mouth,George_W_Bush,True,0.22173473238945007
./data/processed/test/George_W_Bush/George_W_Bush_0463.jpg,George_W_Bush,mask_face_oval,Michael_Schumacher,False,0.008914913982152939
./data/processed/test/George_W_Bush/George_W_Bush_0463.jpg,George_W_Bush,mask_outside_face,George_W_Bush,True,0.22059977054595947
./data/processed/test/George_W_Bush/George_W_Bush_0463.jpg,George_W_Bush,dark,George_W_Bush,True,0.22174692153930664
./data/processed/test/George_W_Bush/George_W_Bush_0463.jpg,George_W_Bush,bright,George_W_Bush,True,0.22159002721309662
./data/processed/test/George_W_Bush/George_W_Bush_0470.jpg,George_W_Bush,original,George_W_Bush,True,0.22181957960128784
./data/processed/test/George_W_Bush/George_W_Bush_0470.jpg,George_W_Bush,mask_eyes,George_W_Bush,True,0.22183136641979218
./data/processed/test/George_W_Bush/George_W_Bush_0470.jpg,George_W_Bush,mask_nose,George_W_Bush,True,0.22178518772125244
./data/processed/test/George_W_Bush/George_W_Bush_0470.jpg,George_W_Bush,mask_mouth,George_W_Bush,True,0.22178533673286438
./data/processed/test/George_W_Bush/George_W_Bush_0470.jpg,George_W_Bush,mask_face_oval,Jiang_Zemin,False,0.009771822951734066
./data/processed/test/George_W_Bush/George_W_Bush_0470.jpg,George_W_Bush,mask_outside_face,George_W_Bush,True,0.21991771459579468
./data/processed/test/George_W_Bush/George_W_Bush_0470.jpg,George_W_Bush,dark,George_W_Bush,True,0.22179968655109406
./data/processed/test/George_W_Bush/George_W_Bush_0470.jpg,George_W_Bush,bright,George_W_Bush,True,0.2217586189508438
./data/processed/test/George_W_Bush/George_W_Bush_0472.jpg,George_W_Bush,original,George_W_Bush,True,0.22177426517009735
./data/processed/test/George_W_Bush/George_W_Bush_0472.jpg,George_W_Bush,mask_eyes,George_W_Bush,True,0.22169989347457886
./data/processed/test/George_W_Bush/George_W_Bush_0472.jpg,George_W_Bush,mask_nose,George_W_Bush,True,0.22163717448711395
./data/processed/test/George_W_Bush/George_W_Bush_0472.jpg,George_W_Bush,mask_mouth,George_W_Bush,True,0.22178730368614197
./data/processed/test/George_W_Bush/George_W_Bush_0472.jpg,George_W_Bush,mask_face_oval,Arnold_Schwarzenegger,False,0.009091231971979141
./data/processed/test/George_W_Bush/George_W_Bush_0472.jpg,George_W_Bush,mask_outside_face,George_W_Bush,True,0.2207188457250595
./data/processed/test/George_W_Bush/George_W_Bush_0472.jpg,George_W_Bush,dark,George_W_Bush,True,0.22176098823547363
./data/processed/test/George_W_Bush/George_W_Bush_0472.jpg,George_W_Bush,bright,George_W_Bush,True,0.22179211676120758
./data/processed/test/George_W_Bush/George_W_Bush_0474.jpg,George_W_Bush,original,George_W_Bush,True,0.2216869592666626
./data/processed/test/George_W_Bush/George_W_Bush_0474.jpg,George_W_Bush,mask_eyes,George_W_Bush,True,0.22165396809577942
./data/processed/test/George_W_Bush/George_W_Bush_0474.jpg,George_W_Bush,mask_nose,George_W_Bush,True,0.2216116040945053
./data/processed/test/George_W_Bush/George_W_Bush_0474.jpg,George_W_Bush,mask_mouth,George_W_Bush,True,0.22168409824371338
./data/processed/test/George_W_Bush/George_W_Bush_0474.jpg,George_W_Bush,mask_face_oval,Gerhard_Schroeder,False,0.00981220230460167
./data/processed/test/George_W_Bush/George_W_Bush_0474.jpg,George_W_Bush,mask_outside_face,George_W_Bush,True,0.22034050524234772
./data/processed/test/George_W_Bush/George_W_Bush_0474.jpg,George_W_Bush,dark,George_W_Bush,True,0.22164200246334076
./data/processed/test/George_W_Bush/George_W_Bush_0474.jpg,George_W_Bush,bright,George_W_Bush,True,0.22170671820640564
./data/processed/test/George_W_Bush/George_W_Bush_0477.jpg,George_W_Bush,original,George_W_Bush,True,0.22167328000068665
./data/processed/test/George_W_Bush/George_W_Bush_0477.jpg,George_W_Bush,mask_eyes,George_W_Bush,True,0.2203775942325592
./data/processed/test/George_W_Bush/George_W_Bush_0477.jpg,George_W_Bush,mask_nose,George_W_Bush,True,0.22137385606765747
./data/processed/test/George_W_Bush/George_W_Bush_0477.jpg,George_W_Bush,mask_mouth,George_W_Bush,True,0.22156110405921936
./data/processed/test/George_W_Bush/George_W_Bush_0477.jpg,George_W_Bush,mask_face_oval,Michael_Schumacher,False,0.009345998987555504
./data/processed/test/George_W_Bush/George_W_Bush_0477.jpg,George_W_Bush,mask_outside_face,George_W_Bush,True,0.2098228633403778
./data/processed/test/George_W_Bush/George_W_Bush_0477.jpg,George_W_Bush,dark,George_W_Bush,True,0.22165612876415253
./data/processed/test/George_W_Bush/George_W_Bush_0477.jpg,George_W_Bush,bright,George_W_Bush,True,0.22114580869674683
./data/processed/test/George_W_Bush/George_W_Bush_0485.jpg,George_W_Bush,original,George_W_Bush,True,0.2217787206172943
./data/processed/test/George_W_Bush/George_W_Bush_0485.jpg,George_W_Bush,mask_eyes,George_W_Bush,True,0.2216760367155075
./data/processed/test/George_W_Bush/George_W_Bush_0485.jpg,George_W_Bush,mask_nose,George_W_Bush,True,0.22160440683364868
./data/processed/test/George_W_Bush/George_W_Bush_0485.jpg,George_W_Bush,mask_mouth,George_W_Bush,True,0.2217610776424408
./data/processed/test/George_W_Bush/George_W_Bush_0485.jpg,George_W_Bush,mask_face_oval,Hugo_Chavez,False,0.009961413219571114
./data/processed/test/George_W_Bush/George_W_Bush_0485.jpg,George_W_Bush,mask_outside_face,George_W_Bush,True,0.2198202908039093
./data/processed/test/George_W_Bush/George_W_Bush_0485.jpg,George_W_Bush,dark,George_W_Bush,True,0.22169853746891022
./data/processed/test/George_W_Bush/George_W_Bush_0485.jpg,George_W_Bush,bright,George_W_Bush,True,0.2217942178249359
./data/processed/test/George_W_Bush/George_W_Bush_0497.jpg,George_W_Bush,original,George_W_Bush,True,0.2215031385421753
./data/processed/test/George_W_Bush/George_W_Bush_0497.jpg,George_W_Bush,mask_eyes,George_W_Bush,True,0.2215525358915329
./data/processed/test/George_W_Bush/George_W_Bush_0497.jpg,George_W_Bush,mask_nose,George_W_Bush,True,0.2208714634180069
./data/processed/test/George_W_Bush/George_W_Bush_0497.jpg,George_W_Bush,mask_mouth,George_W_Bush,True,0.2215777188539505
./data/processed/test/George_W_Bush/George_W_Bush_0497.jpg,George_W_Bush,mask_face_oval,Jiang_Zemin,False,0.009697276167571545
./data/processed/test/George_W_Bush/George_W_Bush_0497.jpg,George_W_Bush,mask_outside_face,George_W_Bush,True,0.214673712849617
./data/processed/test/George_W_Bush/George_W_Bush_0497.jpg,George_W_Bush,dark,George_W_Bush,True,0.22081294655799866
./data/processed/test/George_W_Bush/George_W_Bush_0497.jpg,George_W_Bush,bright,George_W_Bush,True,0.22150498628616333
./data/processed/test/George_W_Bush/George_W_Bush_0501.jpg,George_W_Bush,original,George_W_Bush,True,0.22185055911540985
./data/processed/test/George_W_Bush/George_W_Bush_0501.jpg,George_W_Bush,mask_eyes,George_W_Bush,True,0.221282958984375
./data/processed/test/George_W_Bush/George_W_Bush_0501.jpg,George_W_Bush,mask_nose,George_W_Bush,True,0.22137463092803955
./data/processed/test/George_W_Bush/George_W_Bush_0501.jpg,George_W_Bush,mask_mouth,George_W_Bush,True,0.22181063890457153
./data/processed/test/George_W_Bush/George_W_Bush_0501.jpg,George_W_Bush,mask_face_oval,Colin_Powell,False,0.011218046769499779
./data/processed/test/George_W_Bush/George_W_Bush_0501.jpg,George_W_Bush,mask_outside_face,George_W_Bush,True,0.21226999163627625
./data/processed/test/George_W_Bush/George_W_Bush_0501.jpg,George_W_Bush,dark,George_W_Bush,True,0.22183005511760712
./data/processed/test/George_W_Bush/George_W_Bush_0501.jpg,George_W_Bush,bright,George_W_Bush,True,0.22155815362930298
./data/processed/test/George_W_Bush/George_W_Bush_0502.jpg,George_W_Bush,original,George_W_Bush,True,0.22172430157661438
./data/processed/test/George_W_Bush/George_W_Bush_0502.jpg,George_W_Bush,mask_eyes,George_W_Bush,True,0.22152797877788544
./data/processed/test/George_W_Bush/George_W_Bush_0502.jpg,George_W_Bush,mask_nose,George_W_Bush,True,0.22173815965652466
./data/processed/test/George_W_Bush/George_W_Bush_0502.jpg,George_W_Bush,mask_mouth,George_W_Bush,True,0.2216818481683731
./data/processed/test/George_W_Bush/George_W_Bush_0502.jpg,George_W_Bush,mask_face_oval,Michael_Schumacher,False,0.008576654829084873
./data/processed/test/George_W_Bush/George_W_Bush_0502.jpg,George_W_Bush,mask_outside_face,George_W_Bush,True,0.21918395161628723
./data/processed/test/George_W_Bush/George_W_Bush_0502.jpg,George_W_Bush,dark,George_W_Bush,True,0.22173435986042023
./data/processed/test/George_W_Bush/George_W_Bush_0502.jpg,George_W_Bush,bright,George_W_Bush,True,0.22177018225193024
./data/processed/test/George_W_Bush/George_W_Bush_0505.jpg,George_W_Bush,original,George_W_Bush,True,0.22175590693950653
./data/processed/test/George_W_Bush/George_W_Bush_0505.jpg,George_W_Bush,mask_eyes,George_W_Bush,True,0.22172321379184723
./data/processed/test/George_W_Bush/George_W_Bush_0505.jpg,George_W_Bush,mask_nose,George_W_Bush,True,0.2217094600200653
./data/processed/test/George_W_Bush/George_W_Bush_0505.jpg,George_W_Bush,mask_mouth,George_W_Bush,True,0.22173215448856354
./data/processed/test/George_W_Bush/George_W_Bush_0505.jpg,George_W_Bush,mask_face_oval,Ariel_Sharon,False,0.009596336632966995
./data/processed/test/George_W_Bush/George_W_Bush_0505.jpg,George_W_Bush,mask_outside_face,George_W_Bush,True,0.21917368471622467
./data/processed/test/George_W_Bush/George_W_Bush_0505.jpg,George_W_Bush,dark,George_W_Bush,True,0.221840038895607
./data/processed/test/George_W_Bush/George_W_Bush_0505.jpg,George_W_Bush,bright,George_W_Bush,True,0.22172696888446808
./data/processed/test/George_W_Bush/George_W_Bush_0507.jpg,George_W_Bush,original,George_W_Bush,True,0.22142718732357025
./data/processed/test/George_W_Bush/George_W_Bush_0507.jpg,George_W_Bush,mask_eyes,George_W_Bush,True,0.2194111943244934
./data/processed/test/George_W_Bush/George_W_Bush_0507.jpg,George_W_Bush,mask_nose,George_W_Bush,True,0.22098052501678467
./data/processed/test/George_W_Bush/George_W_Bush_0507.jpg,George_W_Bush,mask_mouth,George_W_Bush,True,0.2213401198387146
./data/processed/test/George_W_Bush/George_W_Bush_0507.jpg,George_W_Bush,mask_face_oval,Michael_Schumacher,False,0.010123811662197113
./data/processed/test/George_W_Bush/George_W_Bush_0507.jpg,George_W_Bush,mask_outside_face,George_W_Bush,True,0.029954008758068085
./data/processed/test/George_W_Bush/George_W_Bush_0507.jpg,George_W_Bush,dark,George_W_Bush,True,0.22080302238464355
./data/processed/test/George_W_Bush/George_W_Bush_0507.jpg,George_W_Bush,bright,George_W_Bush,True,0.22130712866783142
./data/processed/test/George_W_Bush/George_W_Bush_0511.jpg,George_W_Bush,original,George_W_Bush,True,0.22096605598926544
./data/processed/test/George_W_Bush/George_W_Bush_0511.jpg,George_W_Bush,mask_eyes,George_W_Bush,True,0.22058027982711792
./data/processed/test/George_W_Bush/George_W_Bush_0511.jpg,George_W_Bush,mask_nose,George_W_Bush,True,0.22109918296337128
./data/processed/test/George_W_Bush/George_W_Bush_0511.jpg,George_W_Bush,mask_mouth,George_W_Bush,True,0.2210933417081833
./data/processed/test/George_W_Bush/George_W_Bush_0511.jpg,George_W_Bush,mask_face_oval,Michael_Schumacher,False,0.010556506924331188
./data/processed/test/George_W_Bush/George_W_Bush_0511.jpg,George_W_Bush,mask_outside_face,George_W_Bush,True,0.029915060847997665
./data/processed/test/George_W_Bush/George_W_Bush_0511.jpg,George_W_Bush,dark,George_W_Bush,True,0.21949703991413116
./data/processed/test/George_W_Bush/George_W_Bush_0511.jpg,George_W_Bush,bright,George_W_Bush,True,0.22076939046382904
./data/processed/test/George_W_Bush/George_W_Bush_0512.jpg,George_W_Bush,original,George_W_Bush,True,0.22171325981616974
./data/processed/test/George_W_Bush/George_W_Bush_0512.jpg,George_W_Bush,mask_eyes,George_W_Bush,True,0.22155608236789703
./data/processed/test/George_W_Bush/George_W_Bush_0512.jpg,George_W_Bush,mask_nose,George_W_Bush,True,0.22170795500278473
./data/processed/test/George_W_Bush/George_W_Bush_0512.jpg,George_W_Bush,mask_mouth,George_W_Bush,True,0.22170332074165344
./data/processed/test/George_W_Bush/George_W_Bush_0512.jpg,George_W_Bush,mask_face_oval,George_W_Bush,True,0.010375645942986012
./data/processed/test/George_W_Bush/George_W_Bush_0512.jpg,George_W_Bush,mask_outside_face,George_W_Bush,True,0.21981345117092133
./data/processed/test/George_W_Bush/George_W_Bush_0512.jpg,George_W_Bush,dark,George_W_Bush,True,0.22178111970424652
./data/processed/test/George_W_Bush/George_W_Bush_0512.jpg,George_W_Bush,bright,George_W_Bush,True,0.22160623967647552
./data/processed/test/George_W_Bush/George_W_Bush_0515.jpg,George_W_Bush,original,George_W_Bush,True,0.22166374325752258
./data/processed/test/George_W_Bush/George_W_Bush_0515.jpg,George_W_Bush,mask_eyes,George_W_Bush,True,0.2205745428800583
./data/processed/test/George_W_Bush/George_W_Bush_0515.jpg,George_W_Bush,mask_nose,George_W_Bush,True,0.22141443192958832
./data/processed/test/George_W_Bush/George_W_Bush_0515.jpg,George_W_Bush,mask_mouth,George_W_Bush,True,0.22161801159381866
./data/processed/test/George_W_Bush/George_W_Bush_0515.jpg,George_W_Bush,mask_face_oval,George_W_Bush,True,0.01028984971344471
./data/processed/test/George_W_Bush/George_W_Bush_0515.jpg,George_W_Bush,mask_outside_face,George_W_Bush,True,0.21952255070209503
./data/processed/test/George_W_Bush/George_W_Bush_0515.jpg,George_W_Bush,dark,George_W_Bush,True,0.2215825915336609
./data/processed/test/George_W_Bush/George_W_Bush_0515.jpg,George_W_Bush,bright,George_W_Bush,True,0.2215634137392044
./data/processed/test/George_W_Bush/George_W_Bush_0517.jpg,George_W_Bush,original,George_W_Bush,True,0.2216923087835312
./data/processed/test/George_W_Bush/George_W_Bush_0517.jpg,George_W_Bush,mask_eyes,George_W_Bush,True,0.22014455497264862
./data/processed/test/George_W_Bush/George_W_Bush_0517.jpg,George_W_Bush,mask_nose,George_W_Bush,True,0.22143970429897308
./data/processed/test/George_W_Bush/George_W_Bush_0517.jpg,George_W_Bush,mask_mouth,George_W_Bush,True,0.22169972956180573
./data/processed/test/George_W_Bush/George_W_Bush_0517.jpg,George_W_Bush,mask_face_oval,Recep_Tayyip_Erdogan,False,0.009645190089941025
./data/processed/test/George_W_Bush/George_W_Bush_0517.jpg,George_W_Bush,mask_outside_face,George_W_Bush,True,0.21831955015659332
./data/processed/test/George_W_Bush/George_W_Bush_0517.jpg,George_W_Bush,dark,George_W_Bush,True,0.22169645130634308
./data/processed/test/George_W_Bush/George_W_Bush_0517.jpg,George_W_Bush,bright,George_W_Bush,True,0.22172750532627106
./data/processed/test/George_W_Bush/George_W_Bush_0519.jpg,George_W_Bush,original,George_W_Bush,True,0.22177107632160187
./data/processed/test/George_W_Bush/George_W_Bush_0519.jpg,George_W_Bush,mask_eyes,George_W_Bush,True,0.22170709073543549
./data/processed/test/George_W_Bush/George_W_Bush_0519.jpg,George_W_Bush,mask_nose,George_W_Bush,True,0.2217034101486206
./data/processed/test/George_W_Bush/George_W_Bush_0519.jpg,George_W_Bush,mask_mouth,George_W_Bush,True,0.22175052762031555
./data/processed/test/George_W_Bush/George_W_Bush_0519.jpg,George_W_Bush,mask_face_oval,Michael_Schumacher,False,0.00945303589105606
./data/processed/test/George_W_Bush/George_W_Bush_0519.jpg,George_W_Bush,mask_outside_face,George_W_Bush,True,0.2205154448747635
./data/processed/test/George_W_Bush/George_W_Bush_0519.jpg,George_W_Bush,dark,George_W_Bush,True,0.22174909710884094
./data/processed/test/George_W_Bush/George_W_Bush_0519.jpg,George_W_Bush,bright,George_W_Bush,True,0.22179538011550903
./data/processed/test/George_W_Bush/George_W_Bush_0520.jpg,George_W_Bush,original,George_W_Bush,True,0.2218567132949829
./data/processed/test/George_W_Bush/George_W_Bush_0520.jpg,George_W_Bush,mask_eyes,George_W_Bush,True,0.22160236537456512
./data/processed/test/George_W_Bush/George_W_Bush_0520.jpg,George_W_Bush,mask_nose,George_W_Bush,True,0.22165992856025696
./data/processed/test/George_W_Bush/George_W_Bush_0520.jpg,George_W_Bush,mask_mouth,George_W_Bush,True,0.22176536917686462
./data/processed/test/George_W_Bush/George_W_Bush_0520.jpg,George_W_Bush,mask_face_oval,Michael_Schumacher,False,0.010064155794680119
./data/processed/test/George_W_Bush/George_W_Bush_0520.jpg,George_W_Bush,mask_outside_face,George_W_Bush,True,0.22035594284534454
./data/processed/test/George_W_Bush/George_W_Bush_0520.jpg,George_W_Bush,dark,George_W_Bush,True,0.2217969000339508
./data/processed/test/George_W_Bush/George_W_Bush_0520.jpg,George_W_Bush,bright,George_W_Bush,True,0.22182761132717133
./data/processed/test/George_W_Bush/George_W_Bush_0523.jpg,George_W_Bush,original,George_W_Bush,True,0.2217298001050949
./data/processed/test/George_W_Bush/George_W_Bush_0523.jpg,George_W_Bush,mask_eyes,George_W_Bush,True,0.22147321701049805
./data/processed/test/George_W_Bush/George_W_Bush_0523.jpg,George_W_Bush,mask_nose,George_W_Bush,True,0.22167888283729553
./data/processed/test/George_W_Bush/George_W_Bush_0523.jpg,George_W_Bush,mask_mouth,George_W_Bush,True,0.22172966599464417
./data/processed/test/George_W_Bush/George_W_Bush_0523.jpg,George_W_Bush,mask_face_oval,Michael_Schumacher,False,0.010019294917583466
./data/processed/test/George_W_Bush/George_W_Bush_0523.jpg,George_W_Bush,mask_outside_face,George_W_Bush,True,0.21974584460258484
./data/processed/test/George_W_Bush/George_W_Bush_0523.jpg,George_W_Bush,dark,George_W_Bush,True,0.22170312702655792
./data/processed/test/George_W_Bush/George_W_Bush_0523.jpg,George_W_Bush,bright,George_W_Bush,True,0.22160980105400085
./data/processed/test/George_W_Bush/George_W_Bush_0524.jpg,George_W_Bush,original,George_W_Bush,True,0.22156988084316254
./data/processed/test/George_W_Bush/George_W_Bush_0524.jpg,George_W_Bush,mask_eyes,George_W_Bush,True,0.2214919775724411
./data/processed/test/George_W_Bush/George_W_Bush_0524.jpg,George_W_Bush,mask_nose,George_W_Bush,True,0.2213834822177887
./data/processed/test/George_W_Bush/George_W_Bush_0524.jpg,George_W_Bush,mask_mouth,George_W_Bush,True,0.221553236246109
./data/processed/test/George_W_Bush/George_W_Bush_0524.jpg,George_W_Bush,mask_face_oval,Arnold_Schwarzenegger,False,0.010072635486721992
./data/processed/test/George_W_Bush/George_W_Bush_0524.jpg,George_W_Bush,mask_outside_face,George_W_Bush,True,0.2073579728603363
./data/processed/test/George_W_Bush/George_W_Bush_0524.jpg,George_W_Bush,dark,George_W_Bush,True,0.2215774655342102
./data/processed/test/George_W_Bush/George_W_Bush_0524.jpg,George_W_Bush,bright,George_W_Bush,True,0.22138556838035583
./data/processed/test/George_W_Bush/George_W_Bush_0526.jpg,George_W_Bush,original,George_W_Bush,True,0.22187933325767517
./data/processed/test/George_W_Bush/George_W_Bush_0526.jpg,George_W_Bush,mask_eyes,George_W_Bush,True,0.2218853384256363
./data/processed/test/George_W_Bush/George_W_Bush_0526.jpg,George_W_Bush,mask_nose,George_W_Bush,True,0.22180216014385223
./data/processed/test/George_W_Bush/George_W_Bush_0526.jpg,George_W_Bush,mask_mouth,George_W_Bush,True,0.22185729444026947
./data/processed/test/George_W_Bush/George_W_Bush_0526.jpg,George_W_Bush,mask_face_oval,George_W_Bush,True,0.009778854437172413
./data/processed/test/George_W_Bush/George_W_Bush_0526.jpg,George_W_Bush,mask_outside_face,George_W_Bush,True,0.22001492977142334
./data/processed/test/George_W_Bush/George_W_Bush_0526.jpg,George_W_Bush,dark,George_W_Bush,True,0.22184807062149048
./data/processed/test/George_W_Bush/George_W_Bush_0526.jpg,George_W_Bush,bright,George_W_Bush,True,0.221811443567276
./data/processed/test/George_W_Bush/George_W_Bush_0530.jpg,George_W_Bush,original,George_W_Bush,True,0.2213299572467804
./data/processed/test/George_W_Bush/George_W_Bush_0530.jpg,George_W_Bush,mask_eyes,George_W_Bush,True,0.21829012036323547
./data/processed/test/George_W_Bush/George_W_Bush_0530.jpg,George_W_Bush,mask_nose,George_W_Bush,True,0.21992827951908112
./data/processed/test/George_W_Bush/George_W_Bush_0530.jpg,George_W_Bush,mask_mouth,George_W_Bush,True,0.2212006151676178
./data/processed/test/George_W_Bush/George_W_Bush_0530.jpg,George_W_Bush,mask_face_oval,John_Howard,False,0.00953671894967556
./data/processed/test/George_W_Bush/George_W_Bush_0530.jpg,George_W_Bush,mask_outside_face,George_W_Bush,True,0.2149275839328766
./data/processed/test/George_W_Bush/George_W_Bush_0530.jpg,George_W_Bush,dark,George_W_Bush,True,0.22142791748046875
./data/processed/test/George_W_Bush/George_W_Bush_0530.jpg,George_W_Bush,bright,George_W_Bush,True,0.21924132108688354
./data/processed/test/Gerhard_Schroeder/Gerhard_Schroeder_0001.jpg,Gerhard_Schroeder,original,Gerhard_Schroeder,True,0.06638224422931671
./data/processed/test/Gerhard_Schroeder/Gerhard_Schroeder_0001.jpg,Gerhard_Schroeder,mask_eyes,Gerhard_Schroeder,True,0.06636699289083481
./data/processed/test/Gerhard_Schroeder/Gerhard_Schroeder_0001.jpg,Gerhard_Schroeder,mask_nose,Gerhard_Schroeder,True,0.0660347267985344
./data/processed/test/Gerhard_Schroeder/Gerhard_Schroeder_0001.jpg,Gerhard_Schroeder,mask_mouth,Gerhard_Schroeder,True,0.06626556813716888
./data/processed/test/Gerhard_Schroeder/Gerhard_Schroeder_0001.jpg,Gerhard_Schroeder,mask_face_oval,Gerhard_Schroeder,True,0.01006793137639761
./data/processed/test/Gerhard_Schroeder/Gerhard_Schroeder_0001.jpg,Gerhard_Schroeder,mask_outside_face,Gerhard_Schroeder,True,0.0447789765894413
./data/processed/test/Gerhard_Schroeder/Gerhard_Schroeder_0001.jpg,Gerhard_Schroeder,dark,Gerhard_Schroeder,True,0.06629401445388794
./data/processed/test/Gerhard_Schroeder/Gerhard_Schroeder_0001.jpg,Gerhard_Schroeder,bright,Gerhard_Schroeder,True,0.0664447546005249
./data/processed/test/Gerhard_Schroeder/Gerhard_Schroeder_0005.jpg,Gerhard_Schroeder,original,Gerhard_Schroeder,True,0.06640844792127609
./data/processed/test/Gerhard_Schroeder/Gerhard_Schroeder_0005.jpg,Gerhard_Schroeder,mask_eyes,Gerhard_Schroeder,True,0.06630905717611313
./data/processed/test/Gerhard_Schroeder/Gerhard_Schroeder_0005.jpg,Gerhard_Schroeder,mask_nose,Gerhard_Schroeder,True,0.06623868644237518
./data/processed/test/Gerhard_Schroeder/Gerhard_Schroeder_0005.jpg,Gerhard_Schroeder,mask_mouth,Gerhard_Schroeder,True,0.06648287922143936
./data/processed/test/Gerhard_Schroeder/Gerhard_Schroeder_0005.jpg,Gerhard_Schroeder,mask_face_oval,Hugo_Chavez,False,0.012060293927788734
./data/processed/test/Gerhard_Schroeder/Gerhard_Schroeder_0005.jpg,Gerhard_Schroeder,mask_outside_face,Gerhard_Schroeder,True,0.06556522101163864
./data/processed/test/Gerhard_Schroeder/Gerhard_Schroeder_0005.jpg,Gerhard_Schroeder,dark,Gerhard_Schroeder,True,0.06637627631425858
./data/processed/test/Gerhard_Schroeder/Gerhard_Schroeder_0005.jpg,Gerhard_Schroeder,bright,Gerhard_Schroeder,True,0.06629747152328491
./data/processed/test/Gerhard_Schroeder/Gerhard_Schroeder_0011.jpg,Gerhard_Schroeder,original,Gerhard_Schroeder,True,0.06643214821815491
./data/processed/test/Gerhard_Schroeder/Gerhard_Schroeder_0011.jpg,Gerhard_Schroeder,mask_eyes,Gerhard_Schroeder,True,0.0664415955543518
./data/processed/test/Gerhard_Schroeder/Gerhard_Schroeder_0011.jpg,Gerhard_Schroeder,mask_nose,Gerhard_Schroeder,True,0.06611142307519913
./data/processed/test/Gerhard_Schroeder/Gerhard_Schroeder_0011.jpg,Gerhard_Schroeder,mask_mouth,Gerhard_Schroeder,True,0.06634867936372757
./data/processed/test/Gerhard_Schroeder/Gerhard_Schroeder_0011.jpg,Gerhard_Schroeder,mask_face_oval,Tony_Blair,False,0.010754419490695
./data/processed/test/Gerhard_Schroeder/Gerhard_Schroeder_0011.jpg,Gerhard_Schroeder,mask_outside_face,Gerhard_Schroeder,True,0.0649595558643341
./data/processed/test/Gerhard_Schroeder/Gerhard_Schroeder_0011.jpg,Gerhard_Schroeder,dark,Gerhard_Schroeder,True,0.06643979996442795
./data/processed/test/Gerhard_Schroeder/Gerhard_Schroeder_0011.jpg,Gerhard_Schroeder,bright,Gerhard_Schroeder,True,0.066202811896801
./data/processed/test/Gerhard_Schroeder/Gerhard_Schroeder_0012.jpg,Gerhard_Schroeder,original,Gerhard_Schroeder,True,0.0664568766951561
./data/processed/test/Gerhard_Schroeder/Gerhard_Schroeder_0012.jpg,Gerhard_Schroeder,mask_eyes,Gerhard_Schroeder,True,0.06654296815395355
./data/processed/test/Gerhard_Schroeder/Gerhard_Schroeder_0012.jpg,Gerhard_Schroeder,mask_nose,Gerhard_Schroeder,True,0.06509421765804291
./data/processed/test/Gerhard_Schroeder/Gerhard_Schroeder_0012.jpg,Gerhard_Schroeder,mask_mouth,Gerhard_Schroeder,True,0.06632807105779648
./data/processed/test/Gerhard_Schroeder/Gerhard_Schroeder_0012.jpg,Gerhard_Schroeder,mask_face_oval,Arnold_Schwarzenegger,False,0.0125050637871027
./data/processed/test/Gerhard_Schroeder/Gerhard_Schroeder_0012.jpg,Gerhard_Schroeder,mask_outside_face,Gerhard_Schroeder,True,0.06309495866298676
./data/processed/test/Gerhard_Schroeder/Gerhard_Schroeder_0012.jpg,Gerhard_Schroeder,dark,Gerhard_Schroeder,True,0.06630839407444
./data/processed/test/Gerhard_Schroeder/Gerhard_Schroeder_0012.jpg,Gerhard_Schroeder,bright,Gerhard_Schroeder,True,0.06627588719129562
./data/processed/test/Gerhard_Schroeder/Gerhard_Schroeder_0013.jpg,Gerhard_Schroeder,original,Gerhard_Schroeder,True,0.06632336974143982
./data/processed/test/Gerhard_Schroeder/Gerhard_Schroeder_0013.jpg,Gerhard_Schroeder,mask_eyes,Gerhard_Schroeder,True,0.06656297296285629
./data/processed/test/Gerhard_Schroeder/Gerhard_Schroeder_0013.jpg,Gerhard_Schroeder,mask_nose,Gerhard_Schroeder,True,0.06149278208613396
./data/processed/test/Gerhard_Schroeder/Gerhard_Schroeder_0013.jpg,Gerhard_Schroeder,mask_mouth,Gerhard_Schroeder,True,0.0662706047296524
./data/processed/test/Gerhard_Schroeder/Gerhard_Schroeder_0013.jpg,Gerhard_Schroeder,mask_face_oval,Arnold_Schwarzenegger,False,0.013070905581116676
./data/processed/test/Gerhard_Schroeder/Gerhard_Schroeder_0013.jpg,Gerhard_Schroeder,mask_outside_face,Gerhard_Schroeder,True,0.05755200609564781
./data/processed/test/Gerhard_Schroeder/Gerhard_Schroeder_0013.jpg,Gerhard_Schroeder,dark,Gerhard_Schroeder,True,0.06593727320432663
./data/processed/test/Gerhard_Schroeder/Gerhard_Schroeder_0013.jpg,Gerhard_Schroeder,bright,Gerhard_Schroeder,True,0.06610272824764252
./data/processed/test/Gerhard_Schroeder/Gerhard_Schroeder_0019.jpg,Gerhard_Schroeder,original,Gerhard_Schroeder,True,0.06638393551111221
./data/processed/test/Gerhard_Schroeder/Gerhard_Schroeder_0019.jpg,Gerhard_Schroeder,mask_eyes,Gerhard_Schroeder,True,0.06620942801237106
./data/processed/test/Gerhard_Schroeder/Gerhard_Schroeder_0019.jpg,Gerhard_Schroeder,mask_nose,Gerhard_Schroeder,True,0.06616801023483276
./data/processed/test/Gerhard_Schroeder/Gerhard_Schroeder_0019.jpg,Gerhard_Schroeder,mask_mouth,Gerhard_Schroeder,True,0.06628674268722534
./data/processed/test/Gerhard_Schroeder/Gerhard_Schroeder_0019.jpg,Gerhard_Schroeder,mask_face_oval,Gerhard_Schroeder,True,0.010752111673355103
./data/processed/test/Gerhard_Schroeder/Gerhard_Schroeder_0019.jpg,Gerhard_Schroeder,mask_outside_face,Gerhard_Schroeder,True,0.05486597865819931
./data/processed/test/Gerhard_Schroeder/Gerhard_Schroeder_0019.jpg,Gerhard_Schroeder,dark,Gerhard_Schroeder,True,0.06629140675067902
./data/processed/test/Gerhard_Schroeder/Gerhard_Schroeder_0019.jpg,Gerhard_Schroeder,bright,Gerhard_Schroeder,True,0.06634534895420074
./data/processed/test/Gerhard_Schroeder/Gerhard_Schroeder_0031.jpg,Gerhard_Schroeder,original,Gerhard_Schroeder,True,0.06648337095975876
./data/processed/test/Gerhard_Schroeder/Gerhard_Schroeder_0031.jpg,Gerhard_Schroeder,mask_eyes,Gerhard_Schroeder,True,0.06650426983833313
./data/processed/test/Gerhard_Schroeder/Gerhard_Schroeder_0031.jpg,Gerhard_Schroeder,mask_nose,Gerhard_Schroeder,True,0.06627827137708664
./data/processed/test/Gerhard_Schroeder/Gerhard_Schroeder_0031.jpg,Gerhard_Schroeder,mask_mouth,Gerhard_Schroeder,True,0.06646478176116943
./data/processed/test/Gerhard_Schroeder/Gerhard_Schroeder_0031.jpg,Gerhard_Schroeder,mask_face_oval,Arnold_Schwarzenegger,False,0.010151401162147522
./data/processed/test/Gerhard_Schroeder/Gerhard_Schroeder_0031.jpg,Gerhard_Schroeder,mask_outside_face,Gerhard_Schroeder,True,0.062120985239744186
./data/processed/test/Gerhard_Schroeder/Gerhard_Schroeder_0031.jpg,Gerhard_Schroeder,dark,Gerhard_Schroeder,True,0.06640966981649399
./data/processed/test/Gerhard_Schroeder/Gerhard_Schroeder_0031.jpg,Gerhard_Schroeder,bright,Gerhard_Schroeder,True,0.065964475274086
./data/processed/test/Gerhard_Schroeder/Gerhard_Schroeder_0037.jpg,Gerhard_Schroeder,original,Gerhard_Schroeder,True,0.0650719702243805
./data/processed/test/Gerhard_Schroeder/Gerhard_Schroeder_0037.jpg,Gerhard_Schroeder,mask_eyes,Gerhard_Schroeder,True,0.0643637552857399
./data/processed/test/Gerhard_Schroeder/Gerhard_Schroeder_0037.jpg,Gerhard_Schroeder,mask_nose,Gerhard_Schroeder,True,0.05925041809678078
./data/processed/test/Gerhard_Schroeder/Gerhard_Schroeder_0037.jpg,Gerhard_Schroeder,mask_mouth,Gerhard_Schroeder,True,0.06501627713441849
./data/processed/test/Gerhard_Schroeder/Gerhard_Schroeder_0037.jpg,Gerhard_Schroeder,mask_face_oval,Hugo_Chavez,False,0.011185490526258945
./data/processed/test/Gerhard_Schroeder/Gerhard_Schroeder_0037.jpg,Gerhard_Schroeder,mask_outside_face,Gerhard_Schroeder,True,0.05402500182390213
./data/processed/test/Gerhard_Schroeder/Gerhard_Schroeder_0037.jpg,Gerhard_Schroeder,dark,Gerhard_Schroeder,True,0.06479256600141525
./data/processed/test/Gerhard_Schroeder/Gerhard_Schroeder_0037.jpg,Gerhard_Schroeder,bright,Gerhard_Schroeder,True,0.05977720022201538
./data/processed/test/Gerhard_Schroeder/Gerhard_Schroeder_0043.jpg,Gerhard_Schroeder,original,Gerhard_Schroeder,True,0.066490039229393
./data/processed/test/Gerhard_Schroeder/Gerhard_Schroeder_0043.jpg,Gerhard_Schroeder,mask_eyes,Gerhard_Schroeder,True,0.06641262769699097
./data/processed/test/Gerhard_Schroeder/Gerhard_Schroeder_0043.jpg,Gerhard_Schroeder,mask_nose,Gerhard_Schroeder,True,0.06621058285236359
./data/processed/test/Gerhard_Schroeder/Gerhard_Schroeder_0043.jpg,Gerhard_Schroeder,mask_mouth,Gerhard_Schroeder,True,0.06661176681518555
./data/processed/test/Gerhard_Schroeder/Gerhard_Schroeder_0043.jpg,Gerhard_Schroeder,mask_face_oval,Hugo_Chavez,False,0.012412003241479397
./data/processed/test/Gerhard_Schroeder/Gerhard_Schroeder_0043.jpg,Gerhard_Schroeder,mask_outside_face,Gerhard_Schroeder,True,0.06098083779215813
./data/processed/test/Gerhard_Schroeder/Gerhard_Schroeder_0043.jpg,Gerhard_Schroeder,dark,Gerhard_Schroeder,True,0.06652265042066574
./data/processed/test/Gerhard_Schroeder/Gerhard_Schroeder_0043.jpg,Gerhard_Schroeder,bright,Gerhard_Schroeder,True,0.0665174201130867
./data/processed/test/Gerhard_Schroeder/Gerhard_Schroeder_0046.jpg,Gerhard_Schroeder,original,Gerhard_Schroeder,True,0.0666114091873169
./data/processed/test/Gerhard_Schroeder/Gerhard_Schroeder_0046.jpg,Gerhard_Schroeder,mask_eyes,Gerhard_Schroeder,True,0.06609948724508286
./data/processed/test/Gerhard_Schroeder/Gerhard_Schroeder_0046.jpg,Gerhard_Schroeder,mask_nose,Gerhard_Schroeder,True,0.06627171486616135
./data/processed/test/Gerhard_Schroeder/Gerhard_Schroeder_0046.jpg,Gerhard_Schroeder,mask_mouth,Gerhard_Schroeder,True,0.06665093451738358
./data/processed/test/Gerhard_Schroeder/Gerhard_Schroeder_0046.jpg,Gerhard_Schroeder,mask_face_oval,Arnold_Schwarzenegger,False,0.010572683997452259
./data/processed/test/Gerhard_Schroeder/Gerhard_Schroeder_0046.jpg,Gerhard_Schroeder,mask_outside_face,Gerhard_Schroeder,True,0.025218471884727478
./data/processed/test/Gerhard_Schroeder/Gerhard_Schroeder_0046.jpg,Gerhard_Schroeder,dark,Gerhard_Schroeder,True,0.066582091152668
./data/processed/test/Gerhard_Schroeder/Gerhard_Schroeder_0046.jpg,Gerhard_Schroeder,bright,Gerhard_Schroeder,True,0.06656464189291
./data/processed/test/Gerhard_Schroeder/Gerhard_Schroeder_0057.jpg,Gerhard_Schroeder,original,Gerhard_Schroeder,True,0.06563840061426163
./data/processed/test/Gerhard_Schroeder/Gerhard_Schroeder_0057.jpg,Gerhard_Schroeder,mask_eyes,Gerhard_Schroeder,True,0.06396260112524033
./data/processed/test/Gerhard_Schroeder/Gerhard_Schroeder_0057.jpg,Gerhard_Schroeder,mask_nose,Gerhard_Schroeder,True,0.05832141637802124
./data/processed/test/Gerhard_Schroeder/Gerhard_Schroeder_0057.jpg,Gerhard_Schroeder,mask_mouth,Gerhard_Schroeder,True,0.06524655222892761
./data/processed/test/Gerhard_Schroeder/Gerhard_Schroeder_0057.jpg,Gerhard_Schroeder,mask_face_oval,Arnold_Schwarzenegger,False,0.01022899616509676
./data/processed/test/Gerhard_Schroeder/Gerhard_Schroeder_0057.jpg,Gerhard_Schroeder,mask_outside_face,Gerhard_Schroeder,True,0.061420124024152756
./data/processed/test/Gerhard_Schroeder/Gerhard_Schroeder_0057.jpg,Gerhard_Schroeder,dark,Gerhard_Schroeder,True,0.06608571112155914
./data/processed/test/Gerhard_Schroeder/Gerhard_Schroeder_0057.jpg,Gerhard_Schroeder,bright,Gerhard_Schroeder,True,0.06341032683849335
./data/processed/test/Gerhard_Schroeder/Gerhard_Schroeder_0065.jpg,Gerhard_Schroeder,original,Gerhard_Schroeder,True,0.0666668638586998
./data/processed/test/Gerhard_Schroeder/Gerhard_Schroeder_0065.jpg,Gerhard_Schroeder,mask_eyes,Gerhard_Schroeder,True,0.0666593462228775
./data/processed/test/Gerhard_Schroeder/Gerhard_Schroeder_0065.jpg,Gerhard_Schroeder,mask_nose,Gerhard_Schroeder,True,0.0665055587887764
./data/processed/test/Gerhard_Schroeder/Gerhard_Schroeder_0065.jpg,Gerhard_Schroeder,mask_mouth,Gerhard_Schroeder,True,0.06661033630371094
./data/processed/test/Gerhard_Schroeder/Gerhard_Schroeder_0065.jpg,Gerhard_Schroeder,mask_face_oval,Gerhard_Schroeder,True,0.010248218663036823
./data/processed/test/Gerhard_Schroeder/Gerhard_Schroeder_0065.jpg,Gerhard_Schroeder,mask_outside_face,Gerhard_Schroeder,True,0.0657832995057106
./data/processed/test/Gerhard_Schroeder/Gerhard_Schroeder_0065.jpg,Gerhard_Schroeder,dark,Gerhard_Schroeder,True,0.06663148105144501
./data/processed/test/Gerhard_Schroeder/Gerhard_Schroeder_0065.jpg,Gerhard_Schroeder,bright,Gerhard_Schroeder,True,0.06643795967102051
./data/processed/test/Gerhard_Schroeder/Gerhard_Schroeder_0069.jpg,Gerhard_Schroeder,original,Gerhard_Schroeder,True,0.06526084989309311
./data/processed/test/Gerhard_Schroeder/Gerhard_Schroeder_0069.jpg,Gerhard_Schroeder,mask_eyes,Gerhard_Schroeder,True,0.06542709469795227
./data/processed/test/Gerhard_Schroeder/Gerhard_Schroeder_0069.jpg,Gerhard_Schroeder,mask_nose,Gerhard_Schroeder,True,0.05929208919405937
./data/processed/test/Gerhard_Schroeder/Gerhard_Schroeder_0069.jpg,Gerhard_Schroeder,mask_mouth,Gerhard_Schroeder,True,0.06480590254068375
./data/processed/test/Gerhard_Schroeder/Gerhard_Schroeder_0069.jpg,Gerhard_Schroeder,mask_face_oval,Hugo_Chavez,False,0.012724327854812145
./data/processed/test/Gerhard_Schroeder/Gerhard_Schroeder_0069.jpg,Gerhard_Schroeder,mask_outside_face,Gerhard_Schroeder,True,0.019349776208400726
./data/processed/test/Gerhard_Schroeder/Gerhard_Schroeder_0069.jpg,Gerhard_Schroeder,dark,Gerhard_Schroeder,True,0.06474825739860535
./data/processed/test/Gerhard_Schroeder/Gerhard_Schroeder_0069.jpg,Gerhard_Schroeder,bright,Gerhard_Schroeder,True,0.06494881957769394
./data/processed/test/Gerhard_Schroeder/Gerhard_Schroeder_0071.jpg,Gerhard_Schroeder,original,Gerhard_Schroeder,True,0.06460704654455185
./data/processed/test/Gerhard_Schroeder/Gerhard_Schroeder_0071.jpg,Gerhard_Schroeder,mask_eyes,Gerhard_Schroeder,True,0.06532804667949677
./data/processed/test/Gerhard_Schroeder/Gerhard_Schroeder_0071.jpg,Gerhard_Schroeder,mask_nose,Gerhard_Schroeder,True,0.053920432925224304
./data/processed/test/Gerhard_Schroeder/Gerhard_Schroeder_0071.jpg,Gerhard_Schroeder,mask_mouth,Gerhard_Schroeder,True,0.06183156371116638
./data/processed/test/Gerhard_Schroeder/Gerhard_Schroeder_0071.jpg,Gerhard_Schroeder,mask_face_oval,Hugo_Chavez,False,0.011078127659857273
./data/processed/test/Gerhard_Schroeder/Gerhard_Schroeder_0071.jpg,Gerhard_Schroeder,mask_outside_face,Jacques_Chirac,False,0.015606477856636047
./data/processed/test/Gerhard_Schroeder/Gerhard_Schroeder_0071.jpg,Gerhard_Schroeder,dark,Gerhard_Schroeder,True,0.062234461307525635
./data/processed/test/Gerhard_Schroeder/Gerhard_Schroeder_0071.jpg,Gerhard_Schroeder,bright,Gerhard_Schroeder,True,0.0651741698384285
./data/processed/test/Gerhard_Schroeder/Gerhard_Schroeder_0073.jpg,Gerhard_Schroeder,original,Gerhard_Schroeder,True,0.02596321702003479
./data/processed/test/Gerhard_Schroeder/Gerhard_Schroeder_0073.jpg,Gerhard_Schroeder,mask_eyes,Gerhard_Schroeder,True,0.025681890547275543
./data/processed/test/Gerhard_Schroeder/Gerhard_Schroeder_0073.jpg,Gerhard_Schroeder,mask_nose,Gerhard_Schroeder,True,0.02825329639017582
./data/processed/test/Gerhard_Schroeder/Gerhard_Schroeder_0073.jpg,Gerhard_Schroeder,mask_mouth,Gerhard_Schroeder,True,0.028485571965575218
./data/processed/test/Gerhard_Schroeder/Gerhard_Schroeder_0073.jpg,Gerhard_Schroeder,mask_face_oval,Gerhard_Schroeder,True,0.031597670167684555
./data/processed/test/Gerhard_Schroeder/Gerhard_Schroeder_0073.jpg,Gerhard_Schroeder,mask_outside_face,Colin_Powell,False,0.009708385914564133
./data/processed/test/Gerhard_Schroeder/Gerhard_Schroeder_0073.jpg,Gerhard_Schroeder,dark,Gerhard_Schroeder,True,0.02161208540201187
./data/processed/test/Gerhard_Schroeder/Gerhard_Schroeder_0073.jpg,Gerhard_Schroeder,bright,Gerhard_Schroeder,True,0.02745627984404564
./data/processed/test/Gerhard_Schroeder/Gerhard_Schroeder_0079.jpg,Gerhard_Schroeder,original,Gerhard_Schroeder,True,0.06637325137853622
./data/processed/test/Gerhard_Schroeder/Gerhard_Schroeder_0079.jpg,Gerhard_Schroeder,mask_eyes,Gerhard_Schroeder,True,0.0663580670952797
./data/processed/test/Gerhard_Schroeder/Gerhard_Schroeder_0079.jpg,Gerhard_Schroeder,mask_nose,Gerhard_Schroeder,True,0.06609717011451721
./data/processed/test/Gerhard_Schroeder/Gerhard_Schroeder_0079.jpg,Gerhard_Schroeder,mask_mouth,Gerhard_Schroeder,True,0.06637396663427353
./data/processed/test/Gerhard_Schroeder/Gerhard_Schroeder_0079.jpg,Gerhard_Schroeder,mask_face_oval,Arnold_Schwarzenegger,False,0.011533349752426147
./data/processed/test/Gerhard_Schroeder/Gerhard_Schroeder_0079.jpg,Gerhard_Schroeder,mask_outside_face,Gerhard_Schroeder,True,0.06611776351928711
./data/processed/test/Gerhard_Schroeder/Gerhard_Schroeder_0079.jpg,Gerhard_Schroeder,dark,Gerhard_Schroeder,True,0.06641948968172073
./data/processed/test/Gerhard_Schroeder/Gerhard_Schroeder_0079.jpg,Gerhard_Schroeder,bright,Gerhard_Schroeder,True,0.06635040044784546
./data/processed/test/Gerhard_Schroeder/Gerhard_Schroeder_0080.jpg,Gerhard_Schroeder,original,Gerhard_Schroeder,True,0.06631044298410416
./data/processed/test/Gerhard_Schroeder/Gerhard_Schroeder_0080.jpg,Gerhard_Schroeder,mask_eyes,Gerhard_Schroeder,True,0.06631885468959808
./data/processed/test/Gerhard_Schroeder/Gerhard_Schroeder_0080.jpg,Gerhard_Schroeder,mask_nose,Gerhard_Schroeder,True,0.06615559756755829
./data/processed/test/Gerhard_Schroeder/Gerhard_Schroeder_0080.jpg,Gerhard_Schroeder,mask_mouth,Gerhard_Schroeder,True,0.0663122683763504
./data/processed/test/Gerhard_Schroeder/Gerhard_Schroeder_0080.jpg,Gerhard_Schroeder,mask_face_oval,Gerhard_Schroeder,True,0.010753139853477478
./data/processed/test/Gerhard_Schroeder/Gerhard_Schroeder_0080.jpg,Gerhard_Schroeder,mask_outside_face,Gerhard_Schroeder,True,0.06578127294778824
./data/processed/test/Gerhard_Schroeder/Gerhard_Schroeder_0080.jpg,Gerhard_Schroeder,dark,Gerhard_Schroeder,True,0.06634388864040375
./data/processed/test/Gerhard_Schroeder/Gerhard_Schroeder_0080.jpg,Gerhard_Schroeder,bright,Gerhard_Schroeder,True,0.06633345782756805
./data/processed/test/Gerhard_Schroeder/Gerhard_Schroeder_0081.jpg,Gerhard_Schroeder,original,Gerhard_Schroeder,True,0.06650878489017487
./data/processed/test/Gerhard_Schroeder/Gerhard_Schroeder_0081.jpg,Gerhard_Schroeder,mask_eyes,Gerhard_Schroeder,True,0.06648791581392288
./data/processed/test/Gerhard_Schroeder/Gerhard_Schroeder_0081.jpg,Gerhard_Schroeder,mask_nose,Gerhard_Schroeder,True,0.06638921052217484
./data/processed/test/Gerhard_Schroeder/Gerhard_Schroeder_0081.jpg,Gerhard_Schroeder,mask_mouth,Gerhard_Schroeder,True,0.0665665790438652
./data/processed/test/Gerhard_Schroeder/Gerhard_Schroeder_0081.jpg,Gerhard_Schroeder,mask_face_oval,Gerhard_Schroeder,True,0.011569855734705925
./data/processed/test/Gerhard_Schroeder/Gerhard_Schroeder_0081.jpg,Gerhard_Schroeder,mask_outside_face,Gerhard_Schroeder,True,0.06509390473365784
./data/processed/test/Gerhard_Schroeder/Gerhard_Schroeder_0081.jpg,Gerhard_Schroeder,dark,Gerhard_Schroeder,True,0.0665595754981041
./data/processed/test/Gerhard_Schroeder/Gerhard_Schroeder_0081.jpg,Gerhard_Schroeder,bright,Gerhard_Schroeder,True,0.06647800654172897
./data/processed/test/Gerhard_Schroeder/Gerhard_Schroeder_0082.jpg,Gerhard_Schroeder,original,Gerhard_Schroeder,True,0.06636069715023041
./data/processed/test/Gerhard_Schroeder/Gerhard_Schroeder_0082.jpg,Gerhard_Schroeder,mask_eyes,Gerhard_Schroeder,True,0.0663493424654007
./data/processed/test/Gerhard_Schroeder/Gerhard_Schroeder_0082.jpg,Gerhard_Schroeder,mask_nose,Gerhard_Schroeder,True,0.06632734835147858
./data/processed/test/Gerhard_Schroeder/Gerhard_Schroeder_0082.jpg,Gerhard_Schroeder,mask_mouth,Gerhard_Schroeder,True,0.06641382724046707
./data/processed/test/Gerhard_Schroeder/Gerhard_Schroeder_0082.jpg,Gerhard_Schroeder,mask_face_oval,Hugo_Chavez,False,0.011833813972771168
./data/processed/test/Gerhard_Schroeder/Gerhard_Schroeder_0082.jpg,Gerhard_Schroeder,mask_outside_face,Gerhard_Schroeder,True,0.06379731744527817
./data/processed/test/Gerhard_Schroeder/Gerhard_Schroeder_0082.jpg,Gerhard_Schroeder,dark,Gerhard_Schroeder,True,0.06626395136117935
./data/processed/test/Gerhard_Schroeder/Gerhard_Schroeder_0082.jpg,Gerhard_Schroeder,bright,Gerhard_Schroeder,True,0.0663536861538887
./data/processed/test/Gerhard_Schroeder/Gerhard_Schroeder_0085.jpg,Gerhard_Schroeder,original,Gerhard_Schroeder,True,0.06663106381893158
./data/processed/test/Gerhard_Schroeder/Gerhard_Schroeder_0085.jpg,Gerhard_Schroeder,mask_eyes,Gerhard_Schroeder,True,0.06666780263185501
./data/processed/test/Gerhard_Schroeder/Gerhard_Schroeder_0085.jpg,Gerhard_Schroeder,mask_nose,Gerhard_Schroeder,True,0.06653505563735962
./data/processed/test/Gerhard_Schroeder/Gerhard_Schroeder_0085.jpg,Gerhard_Schroeder,mask_mouth,Gerhard_Schroeder,True,0.06664127856492996
./data/processed/test/Gerhard_Schroeder/Gerhard_Schroeder_0085.jpg,Gerhard_Schroeder,mask_face_oval,Jose_Maria_Aznar,False,0.010455421172082424
./data/processed/test/Gerhard_Schroeder/Gerhard_Schroeder_0085.jpg,Gerhard_Schroeder,mask_outside_face,Gerhard_Schroeder,True,0.06496783345937729
./data/processed/test/Gerhard_Schroeder/Gerhard_Schroeder_0085.jpg,Gerhard_Schroeder,dark,Gerhard_Schroeder,True,0.06662467867136002
./data/processed/test/Gerhard_Schroeder/Gerhard_Schroeder_0085.jpg,Gerhard_Schroeder,bright,Gerhard_Schroeder,True,0.06660282611846924
./data/processed/test/Gerhard_Schroeder/Gerhard_Schroeder_0097.jpg,Gerhard_Schroeder,original,Gerhard_Schroeder,True,0.0664840117096901
./data/processed/test/Gerhard_Schroeder/Gerhard_Schroeder_0097.jpg,Gerhard_Schroeder,mask_eyes,Gerhard_Schroeder,True,0.06649970263242722
./data/processed/test/Gerhard_Schroeder/Gerhard_Schroeder_0097.jpg,Gerhard_Schroeder,mask_nose,Gerhard_Schroeder,True,0.0663110613822937
./data/processed/test/Gerhard_Schroeder/Gerhard_Schroeder_0097.jpg,Gerhard_Schroeder,mask_mouth,Gerhard_Schroeder,True,0.06654896587133408
./data/processed/test/Gerhard_Schroeder/Gerhard_Schroeder_0097.jpg,Gerhard_Schroeder,mask_face_oval,Arnold_Schwarzenegger,False,0.012271041050553322
./data/processed/test/Gerhard_Schroeder/Gerhard_Schroeder_0097.jpg,Gerhard_Schroeder,mask_outside_face,Gerhard_Schroeder,True,0.05682995170354843
./data/processed/test/Gerhard_Schroeder/Gerhard_Schroeder_0097.jpg,Gerhard_Schroeder,dark,Gerhard_Schroeder,True,0.06643621623516083
./data/processed/test/Gerhard_Schroeder/Gerhard_Schroeder_0097.jpg,Gerhard_Schroeder,bright,Gerhard_Schroeder,True,0.06646204739809036
./data/processed/test/Gerhard_Schroeder/Gerhard_Schroeder_0108.jpg,Gerhard_Schroeder,original,Gerhard_Schroeder,True,0.06490984559059143
./data/processed/test/Gerhard_Schroeder/Gerhard_Schroeder_0108.jpg,Gerhard_Schroeder,mask_eyes,Gerhard_Schroeder,True,0.06539567559957504
./data/processed/test/Gerhard_Schroeder/Gerhard_Schroeder_0108.jpg,Gerhard_Schroeder,mask_nose,Gerhard_Schroeder,True,0.06391442567110062
./data/processed/test/Gerhard_Schroeder/Gerhard_Schroeder_0108.jpg,Gerhard_Schroeder,mask_mouth,Gerhard_Schroeder,True,0.06396766006946564
./data/processed/test/Gerhard_Schroeder/Gerhard_Schroeder_0108.jpg,Gerhard_Schroeder,mask_face_oval,Michael_Schumacher,False,0.01050657033920288
./data/processed/test/Gerhard_Schroeder/Gerhard_Schroeder_0108.jpg,Gerhard_Schroeder,mask_outside_face,Gerhard_Schroeder,True,0.04882447421550751
./data/processed/test/Gerhard_Schroeder/Gerhard_Schroeder_0108.jpg,Gerhard_Schroeder,dark,Gerhard_Schroeder,True,0.0654376819729805
./data/processed/test/Gerhard_Schroeder/Gerhard_Schroeder_0108.jpg,Gerhard_Schroeder,bright,Gerhard_Schroeder,True,0.0652773380279541
./data/processed/test/Gloria_Macapagal_Arroyo/Gloria_Macapagal_Arroyo_0005.jpg,Gloria_Macapagal_Arroyo,original,Gloria_Macapagal_Arroyo,True,0.028384534642100334
./data/processed/test/Gloria_Macapagal_Arroyo/Gloria_Macapagal_Arroyo_0005.jpg,Gloria_Macapagal_Arroyo,mask_eyes,Winona_Ryder,False,0.010695000179111958
./data/processed/test/Gloria_Macapagal_Arroyo/Gloria_Macapagal_Arroyo_0005.jpg,Gloria_Macapagal_Arroyo,mask_nose,Gloria_Macapagal_Arroyo,True,0.02758362889289856
./data/processed/test/Gloria_Macapagal_Arroyo/Gloria_Macapagal_Arroyo_0005.jpg,Gloria_Macapagal_Arroyo,mask_mouth,Gloria_Macapagal_Arroyo,True,0.02764027938246727
./data/processed/test/Gloria_Macapagal_Arroyo/Gloria_Macapagal_Arroyo_0005.jpg,Gloria_Macapagal_Arroyo,mask_face_oval,Hugo_Chavez,False,0.01212019007652998
./data/processed/test/Gloria_Macapagal_Arroyo/Gloria_Macapagal_Arroyo_0005.jpg,Gloria_Macapagal_Arroyo,mask_outside_face,Gloria_Macapagal_Arroyo,True,0.016569919884204865
./data/processed/test/Gloria_Macapagal_Arroyo/Gloria_Macapagal_Arroyo_0005.jpg,Gloria_Macapagal_Arroyo,dark,Gloria_Macapagal_Arroyo,True,0.027681538835167885
./data/processed/test/Gloria_Macapagal_Arroyo/Gloria_Macapagal_Arroyo_0005.jpg,Gloria_Macapagal_Arroyo,bright,Gloria_Macapagal_Arroyo,True,0.02810254879295826
./data/processed/test/Gloria_Macapagal_Arroyo/Gloria_Macapagal_Arroyo_0009.jpg,Gloria_Macapagal_Arroyo,original,Gloria_Macapagal_Arroyo,True,0.029578087851405144
./data/processed/test/Gloria_Macapagal_Arroyo/Gloria_Macapagal_Arroyo_0009.jpg,Gloria_Macapagal_Arroyo,mask_eyes,Gloria_Macapagal_Arroyo,True,0.029550056904554367
./data/processed/test/Gloria_Macapagal_Arroyo/Gloria_Macapagal_Arroyo_0009.jpg,Gloria_Macapagal_Arroyo,mask_nose,Gloria_Macapagal_Arroyo,True,0.029265161603689194
./data/processed/test/Gloria_Macapagal_Arroyo/Gloria_Macapagal_Arroyo_0009.jpg,Gloria_Macapagal_Arroyo,mask_mouth,Gloria_Macapagal_Arroyo,True,0.029578492045402527
./data/processed/test/Gloria_Macapagal_Arroyo/Gloria_Macapagal_Arroyo_0009.jpg,Gloria_Macapagal_Arroyo,mask_face_oval,Jiang_Zemin,False,0.0104007413610816
./data/processed/test/Gloria_Macapagal_Arroyo/Gloria_Macapagal_Arroyo_0009.jpg,Gloria_Macapagal_Arroyo,mask_outside_face,Gloria_Macapagal_Arroyo,True,0.02703975699841976
./data/processed/test/Gloria_Macapagal_Arroyo/Gloria_Macapagal_Arroyo_0009.jpg,Gloria_Macapagal_Arroyo,dark,Gloria_Macapagal_Arroyo,True,0.029481060802936554
./data/processed/test/Gloria_Macapagal_Arroyo/Gloria_Macapagal_Arroyo_0009.jpg,Gloria_Macapagal_Arroyo,bright,Gloria_Macapagal_Arroyo,True,0.029518339782953262
./data/processed/test/Gloria_Macapagal_Arroyo/Gloria_Macapagal_Arroyo_0013.jpg,Gloria_Macapagal_Arroyo,original,Gloria_Macapagal_Arroyo,True,0.029387932270765305
./data/processed/test/Gloria_Macapagal_Arroyo/Gloria_Macapagal_Arroyo_0013.jpg,Gloria_Macapagal_Arroyo,mask_eyes,Gloria_Macapagal_Arroyo,True,0.027947621420025826
./data/processed/test/Gloria_Macapagal_Arroyo/Gloria_Macapagal_Arroyo_0013.jpg,Gloria_Macapagal_Arroyo,mask_nose,Gloria_Macapagal_Arroyo,True,0.029349587857723236
./data/processed/test/Gloria_Macapagal_Arroyo/Gloria_Macapagal_Arroyo_0013.jpg,Gloria_Macapagal_Arroyo,mask_mouth,Gloria_Macapagal_Arroyo,True,0.029267683625221252
./data/processed/test/Gloria_Macapagal_Arroyo/Gloria_Macapagal_Arroyo_0013.jpg,Gloria_Macapagal_Arroyo,mask_face_oval,Hugo_Chavez,False,0.011251919902861118
./data/processed/test/Gloria_Macapagal_Arroyo/Gloria_Macapagal_Arroyo_0013.jpg,Gloria_Macapagal_Arroyo,mask_outside_face,Gloria_Macapagal_Arroyo,True,0.020695438608527184
./data/processed/test/Gloria_Macapagal_Arroyo/Gloria_Macapagal_Arroyo_0013.jpg,Gloria_Macapagal_Arroyo,dark,Gloria_Macapagal_Arroyo,True,0.029174890369176865
./data/processed/test/Gloria_Macapagal_Arroyo/Gloria_Macapagal_Arroyo_0013.jpg,Gloria_Macapagal_Arroyo,bright,Gloria_Macapagal_Arroyo,True,0.029400935396552086
./data/processed/test/Gloria_Macapagal_Arroyo/Gloria_Macapagal_Arroyo_0025.jpg,Gloria_Macapagal_Arroyo,original,Gloria_Macapagal_Arroyo,True,0.029442671686410904
./data/processed/test/Gloria_Macapagal_Arroyo/Gloria_Macapagal_Arroyo_0025.jpg,Gloria_Macapagal_Arroyo,mask_eyes,Gloria_Macapagal_Arroyo,True,0.027255352586507797
./data/processed/test/Gloria_Macapagal_Arroyo/Gloria_Macapagal_Arroyo_0025.jpg,Gloria_Macapagal_Arroyo,mask_nose,Gloria_Macapagal_Arroyo,True,0.0290042906999588
./data/processed/test/Gloria_Macapagal_Arroyo/Gloria_Macapagal_Arroyo_0025.jpg,Gloria_Macapagal_Arroyo,mask_mouth,Gloria_Macapagal_Arroyo,True,0.029432866722345352
./data/processed/test/Gloria_Macapagal_Arroyo/Gloria_Macapagal_Arroyo_0025.jpg,Gloria_Macapagal_Arroyo,mask_face_oval,Jiang_Zemin,False,0.009949013590812683
./data/processed/test/Gloria_Macapagal_Arroyo/Gloria_Macapagal_Arroyo_0025.jpg,Gloria_Macapagal_Arroyo,mask_outside_face,Gloria_Macapagal_Arroyo,True,0.025757135823369026
./data/processed/test/Gloria_Macapagal_Arroyo/Gloria_Macapagal_Arroyo_0025.jpg,Gloria_Macapagal_Arroyo,dark,Gloria_Macapagal_Arroyo,True,0.029456377029418945
./data/processed/test/Gloria_Macapagal_Arroyo/Gloria_Macapagal_Arroyo_0025.jpg,Gloria_Macapagal_Arroyo,bright,Gloria_Macapagal_Arroyo,True,0.029403530061244965
./data/processed/test/Gloria_Macapagal_Arroyo/Gloria_Macapagal_Arroyo_0026.jpg,Gloria_Macapagal_Arroyo,original,Gloria_Macapagal_Arroyo,True,0.029554955661296844
./data/processed/test/Gloria_Macapagal_Arroyo/Gloria_Macapagal_Arroyo_0026.jpg,Gloria_Macapagal_Arroyo,mask_eyes,Gloria_Macapagal_Arroyo,True,0.028894644230604172
./data/processed/test/Gloria_Macapagal_Arroyo/Gloria_Macapagal_Arroyo_0026.jpg,Gloria_Macapagal_Arroyo,mask_nose,Gloria_Macapagal_Arroyo,True,0.02942940965294838
./data/processed/test/Gloria_Macapagal_Arroyo/Gloria_Macapagal_Arroyo_0026.jpg,Gloria_Macapagal_Arroyo,mask_mouth,Gloria_Macapagal_Arroyo,True,0.029548339545726776
./data/processed/test/Gloria_Macapagal_Arroyo/Gloria_Macapagal_Arroyo_0026.jpg,Gloria_Macapagal_Arroyo,mask_face_oval,Ariel_Sharon,False,0.010655593127012253
./data/processed/test/Gloria_Macapagal_Arroyo/Gloria_Macapagal_Arroyo_0026.jpg,Gloria_Macapagal_Arroyo,mask_outside_face,Gloria_Macapagal_Arroyo,True,0.028376299887895584
./data/processed/test/Gloria_Macapagal_Arroyo/Gloria_Macapagal_Arroyo_0026.jpg,Gloria_Macapagal_Arroyo,dark,Gloria_Macapagal_Arroyo,True,0.02949373796582222
./data/processed/test/Gloria_Macapagal_Arroyo/Gloria_Macapagal_Arroyo_0026.jpg,Gloria_Macapagal_Arroyo,bright,Gloria_Macapagal_Arroyo,True,0.02948780544102192
./data/processed/test/Gloria_Macapagal_Arroyo/Gloria_Macapagal_Arroyo_0035.jpg,Gloria_Macapagal_Arroyo,original,Gloria_Macapagal_Arroyo,True,0.027488509193062782
./data/processed/test/Gloria_Macapagal_Arroyo/Gloria_Macapagal_Arroyo_0035.jpg,Gloria_Macapagal_Arroyo,mask_eyes,Gloria_Macapagal_Arroyo,True,0.021386995911598206
./data/processed/test/Gloria_Macapagal_Arroyo/Gloria_Macapagal_Arroyo_0035.jpg,Gloria_Macapagal_Arroyo,mask_nose,Gloria_Macapagal_Arroyo,True,0.02322527952492237
./data/processed/test/Gloria_Macapagal_Arroyo/Gloria_Macapagal_Arroyo_0035.jpg,Gloria_Macapagal_Arroyo,mask_mouth,Gloria_Macapagal_Arroyo,True,0.025539018213748932
./data/processed/test/Gloria_Macapagal_Arroyo/Gloria_Macapagal_Arroyo_0035.jpg,Gloria_Macapagal_Arroyo,mask_face_oval,Jiang_Zemin,False,0.009979313239455223
./data/processed/test/Gloria_Macapagal_Arroyo/Gloria_Macapagal_Arroyo_0035.jpg,Gloria_Macapagal_Arroyo,mask_outside_face,Gloria_Macapagal_Arroyo,True,0.014578639529645443
./data/processed/test/Gloria_Macapagal_Arroyo/Gloria_Macapagal_Arroyo_0035.jpg,Gloria_Macapagal_Arroyo,dark,Gloria_Macapagal_Arroyo,True,0.027314119040966034
./data/processed/test/Gloria_Macapagal_Arroyo/Gloria_Macapagal_Arroyo_0035.jpg,Gloria_Macapagal_Arroyo,bright,Gloria_Macapagal_Arroyo,True,0.027283910661935806
./data/processed/test/Gloria_Macapagal_Arroyo/Gloria_Macapagal_Arroyo_0037.jpg,Gloria_Macapagal_Arroyo,original,Gloria_Macapagal_Arroyo,True,0.028921479359269142
./data/processed/test/Gloria_Macapagal_Arroyo/Gloria_Macapagal_Arroyo_0037.jpg,Gloria_Macapagal_Arroyo,mask_eyes,Gloria_Macapagal_Arroyo,True,0.0267037246376276
./data/processed/test/Gloria_Macapagal_Arroyo/Gloria_Macapagal_Arroyo_0037.jpg,Gloria_Macapagal_Arroyo,mask_nose,Gloria_Macapagal_Arroyo,True,0.02820758707821369
./data/processed/test/Gloria_Macapagal_Arroyo/Gloria_Macapagal_Arroyo_0037.jpg,Gloria_Macapagal_Arroyo,mask_mouth,Gloria_Macapagal_Arroyo,True,0.02862275205552578
./data/processed/test/Gloria_Macapagal_Arroyo/Gloria_Macapagal_Arroyo_0037.jpg,Gloria_Macapagal_Arroyo,mask_face_oval,Jiang_Zemin,False,0.010351796634495258
./data/processed/test/Gloria_Macapagal_Arroyo/Gloria_Macapagal_Arroyo_0037.jpg,Gloria_Macapagal_Arroyo,mask_outside_face,Gloria_Macapagal_Arroyo,True,0.015532252378761768
./data/processed/test/Gloria_Macapagal_Arroyo/Gloria_Macapagal_Arroyo_0037.jpg,Gloria_Macapagal_Arroyo,dark,Gloria_Macapagal_Arroyo,True,0.028465794399380684
./data/processed/test/Gloria_Macapagal_Arroyo/Gloria_Macapagal_Arroyo_0037.jpg,Gloria_Macapagal_Arroyo,bright,Gloria_Macapagal_Arroyo,True,0.028051335364580154
./data/processed/test/Gloria_Macapagal_Arroyo/Gloria_Macapagal_Arroyo_0038.jpg,Gloria_Macapagal_Arroyo,original,Gloria_Macapagal_Arroyo,True,0.029695145785808563
./data/processed/test/Gloria_Macapagal_Arroyo/Gloria_Macapagal_Arroyo_0038.jpg,Gloria_Macapagal_Arroyo,mask_eyes,Gloria_Macapagal_Arroyo,True,0.029562687501311302
./data/processed/test/Gloria_Macapagal_Arroyo/Gloria_Macapagal_Arroyo_0038.jpg,Gloria_Macapagal_Arroyo,mask_nose,Gloria_Macapagal_Arroyo,True,0.02965979091823101
./data/processed/test/Gloria_Macapagal_Arroyo/Gloria_Macapagal_Arroyo_0038.jpg,Gloria_Macapagal_Arroyo,mask_mouth,Gloria_Macapagal_Arroyo,True,0.0296977236866951
./data/processed/test/Gloria_Macapagal_Arroyo/Gloria_Macapagal_Arroyo_0038.jpg,Gloria_Macapagal_Arroyo,mask_face_oval,Arnold_Schwarzenegger,False,0.009957184083759785
./data/processed/test/Gloria_Macapagal_Arroyo/Gloria_Macapagal_Arroyo_0038.jpg,Gloria_Macapagal_Arroyo,mask_outside_face,Gloria_Macapagal_Arroyo,True,0.025417067110538483
./data/processed/test/Gloria_Macapagal_Arroyo/Gloria_Macapagal_Arroyo_0038.jpg,Gloria_Macapagal_Arroyo,dark,Gloria_Macapagal_Arroyo,True,0.029704978689551353
./data/processed/test/Gloria_Macapagal_Arroyo/Gloria_Macapagal_Arroyo_0038.jpg,Gloria_Macapagal_Arroyo,bright,Gloria_Macapagal_Arroyo,True,0.0296749509871006
./data/processed/test/Gloria_Macapagal_Arroyo/Gloria_Macapagal_Arroyo_0041.jpg,Gloria_Macapagal_Arroyo,original,Gloria_Macapagal_Arroyo,True,0.02959693968296051
./data/processed/test/Gloria_Macapagal_Arroyo/Gloria_Macapagal_Arroyo_0041.jpg,Gloria_Macapagal_Arroyo,mask_eyes,Gloria_Macapagal_Arroyo,True,0.029436051845550537
./data/processed/test/Gloria_Macapagal_Arroyo/Gloria_Macapagal_Arroyo_0041.jpg,Gloria_Macapagal_Arroyo,mask_nose,Gloria_Macapagal_Arroyo,True,0.029531968757510185
./data/processed/test/Gloria_Macapagal_Arroyo/Gloria_Macapagal_Arroyo_0041.jpg,Gloria_Macapagal_Arroyo,mask_mouth,Gloria_Macapagal_Arroyo,True,0.02959587052464485
./data/processed/test/Gloria_Macapagal_Arroyo/Gloria_Macapagal_Arroyo_0041.jpg,Gloria_Macapagal_Arroyo,mask_face_oval,Alejandro_Toledo,False,0.01029982604086399
./data/processed/test/Gloria_Macapagal_Arroyo/Gloria_Macapagal_Arroyo_0041.jpg,Gloria_Macapagal_Arroyo,mask_outside_face,Gloria_Macapagal_Arroyo,True,0.025558587163686752
./data/processed/test/Gloria_Macapagal_Arroyo/Gloria_Macapagal_Arroyo_0041.jpg,Gloria_Macapagal_Arroyo,dark,Gloria_Macapagal_Arroyo,True,0.029579410329461098
./data/processed/test/Gloria_Macapagal_Arroyo/Gloria_Macapagal_Arroyo_0041.jpg,Gloria_Macapagal_Arroyo,bright,Gloria_Macapagal_Arroyo,True,0.029589923098683357
./data/processed/test/Gonzalo_Sanchez_de_Lozada/Gonzalo_Sanchez_de_Lozada_0001.jpg,Gonzalo_Sanchez_de_Lozada,original,Carlos_Menem,False,0.011920055374503136
./data/processed/test/Gonzalo_Sanchez_de_Lozada/Gonzalo_Sanchez_de_Lozada_0001.jpg,Gonzalo_Sanchez_de_Lozada,mask_eyes,Carlos_Menem,False,0.01170435082167387
./data/processed/test/Gonzalo_Sanchez_de_Lozada/Gonzalo_Sanchez_de_Lozada_0001.jpg,Gonzalo_Sanchez_de_Lozada,mask_nose,Andre_Agassi,False,0.011138089001178741
./data/processed/test/Gonzalo_Sanchez_de_Lozada/Gonzalo_Sanchez_de_Lozada_0001.jpg,Gonzalo_Sanchez_de_Lozada,mask_mouth,Carlos_Menem,False,0.01148496475070715
./data/processed/test/Gonzalo_Sanchez_de_Lozada/Gonzalo_Sanchez_de_Lozada_0001.jpg,Gonzalo_Sanchez_de_Lozada,mask_face_oval,Michael_Schumacher,False,0.009466606192290783
./data/processed/test/Gonzalo_Sanchez_de_Lozada/Gonzalo_Sanchez_de_Lozada_0001.jpg,Gonzalo_Sanchez_de_Lozada,mask_outside_face,Carlos_Menem,False,0.011962471529841423
./data/processed/test/Gonzalo_Sanchez_de_Lozada/Gonzalo_Sanchez_de_Lozada_0001.jpg,Gonzalo_Sanchez_de_Lozada,dark,Carlos_Menem,False,0.011598586104810238
./data/processed/test/Gonzalo_Sanchez_de_Lozada/Gonzalo_Sanchez_de_Lozada_0001.jpg,Gonzalo_Sanchez_de_Lozada,bright,Carlos_Menem,False,0.011731206439435482
./data/processed/test/Gonzalo_Sanchez_de_Lozada/Gonzalo_Sanchez_de_Lozada_0010.jpg,Gonzalo_Sanchez_de_Lozada,original,Carlos_Menem,False,0.014073328115046024
./data/processed/test/Gonzalo_Sanchez_de_Lozada/Gonzalo_Sanchez_de_Lozada_0010.jpg,Gonzalo_Sanchez_de_Lozada,mask_eyes,Carlos_Menem,False,0.013879941776394844
./data/processed/test/Gonzalo_Sanchez_de_Lozada/Gonzalo_Sanchez_de_Lozada_0010.jpg,Gonzalo_Sanchez_de_Lozada,mask_nose,Carlos_Menem,False,0.013991261832416058
./data/processed/test/Gonzalo_Sanchez_de_Lozada/Gonzalo_Sanchez_de_Lozada_0010.jpg,Gonzalo_Sanchez_de_Lozada,mask_mouth,Carlos_Menem,False,0.014202523976564407
./data/processed/test/Gonzalo_Sanchez_de_Lozada/Gonzalo_Sanchez_de_Lozada_0010.jpg,Gonzalo_Sanchez_de_Lozada,mask_face_oval,Hugo_Chavez,False,0.01118569727987051
./data/processed/test/Gonzalo_Sanchez_de_Lozada/Gonzalo_Sanchez_de_Lozada_0010.jpg,Gonzalo_Sanchez_de_Lozada,mask_outside_face,Carlos_Menem,False,0.014956883154809475
./data/processed/test/Gonzalo_Sanchez_de_Lozada/Gonzalo_Sanchez_de_Lozada_0010.jpg,Gonzalo_Sanchez_de_Lozada,dark,Carlos_Menem,False,0.014494450762867928
./data/processed/test/Gonzalo_Sanchez_de_Lozada/Gonzalo_Sanchez_de_Lozada_0010.jpg,Gonzalo_Sanchez_de_Lozada,bright,Carlos_Menem,False,0.013998609036207199
./data/processed/test/Gonzalo_Sanchez_de_Lozada/Gonzalo_Sanchez_de_Lozada_0011.jpg,Gonzalo_Sanchez_de_Lozada,original,Gonzalo_Sanchez_de_Lozada,True,0.011358523741364479
./data/processed/test/Gonzalo_Sanchez_de_Lozada/Gonzalo_Sanchez_de_Lozada_0011.jpg,Gonzalo_Sanchez_de_Lozada,mask_eyes,Atal_Bihari_Vajpayee,False,0.01274456363171339
./data/processed/test/Gonzalo_Sanchez_de_Lozada/Gonzalo_Sanchez_de_Lozada_0011.jpg,Gonzalo_Sanchez_de_Lozada,mask_nose,Vladimir_Putin,False,0.015706010162830353
./data/processed/test/Gonzalo_Sanchez_de_Lozada/Gonzalo_Sanchez_de_Lozada_0011.jpg,Gonzalo_Sanchez_de_Lozada,mask_mouth,Gonzalo_Sanchez_de_Lozada,True,0.011362545192241669
./data/processed/test/Gonzalo_Sanchez_de_Lozada/Gonzalo_Sanchez_de_Lozada_0011.jpg,Gonzalo_Sanchez_de_Lozada,mask_face_oval,Hugo_Chavez,False,0.010823415592312813
./data/processed/test/Gonzalo_Sanchez_de_Lozada/Gonzalo_Sanchez_de_Lozada_0011.jpg,Gonzalo_Sanchez_de_Lozada,mask_outside_face,Gonzalo_Sanchez_de_Lozada,True,0.010020524263381958
./data/processed/test/Gonzalo_Sanchez_de_Lozada/Gonzalo_Sanchez_de_Lozada_0011.jpg,Gonzalo_Sanchez_de_Lozada,dark,Gonzalo_Sanchez_de_Lozada,True,0.011412366293370724
./data/processed/test/Gonzalo_Sanchez_de_Lozada/Gonzalo_Sanchez_de_Lozada_0011.jpg,Gonzalo_Sanchez_de_Lozada,bright,Gonzalo_Sanchez_de_Lozada,True,0.01085965521633625
./data/processed/test/Gordon_Brown/Gordon_Brown_0001.jpg,Gordon_Brown,original,Gordon_Brown,True,0.012987582013010979
./data/processed/test/Gordon_Brown/Gordon_Brown_0001.jpg,Gordon_Brown,mask_eyes,Gordon_Brown,True,0.012851116247475147
./data/processed/test/Gordon_Brown/Gordon_Brown_0001.jpg,Gordon_Brown,mask_nose,Gordon_Brown,True,0.01288614422082901
./data/processed/test/Gordon_Brown/Gordon_Brown_0001.jpg,Gordon_Brown,mask_mouth,Gordon_Brown,True,0.012945922091603279
./data/processed/test/Gordon_Brown/Gordon_Brown_0001.jpg,Gordon_Brown,mask_face_oval,Jiang_Zemin,False,0.009747532196342945
./data/processed/test/Gordon_Brown/Gordon_Brown_0001.jpg,Gordon_Brown,mask_outside_face,Saddam_Hussein,False,0.010175209492444992
./data/processed/test/Gordon_Brown/Gordon_Brown_0001.jpg,Gordon_Brown,dark,Gordon_Brown,True,0.012920519337058067
./data/processed/test/Gordon_Brown/Gordon_Brown_0001.jpg,Gordon_Brown,bright,Gordon_Brown,True,0.012918065302073956
./data/processed/test/Gordon_Brown/Gordon_Brown_0010.jpg,Gordon_Brown,original,Gordon_Brown,True,0.013135968707501888
./data/processed/test/Gordon_Brown/Gordon_Brown_0010.jpg,Gordon_Brown,mask_eyes,Gordon_Brown,True,0.013105414807796478
./data/processed/test/Gordon_Brown/Gordon_Brown_0010.jpg,Gordon_Brown,mask_nose,Gordon_Brown,True,0.013041377998888493
./data/processed/test/Gordon_Brown/Gordon_Brown_0010.jpg,Gordon_Brown,mask_mouth,Gordon_Brown,True,0.013121167197823524
./data/processed/test/Gordon_Brown/Gordon_Brown_0010.jpg,Gordon_Brown,mask_face_oval,George_Robertson,False,0.009089554660022259
./data/processed/test/Gordon_Brown/Gordon_Brown_0010.jpg,Gordon_Brown,mask_outside_face,Saddam_Hussein,False,0.01054168026894331
./data/processed/test/Gordon_Brown/Gordon_Brown_0010.jpg,Gordon_Brown,dark,Gordon_Brown,True,0.01306371483951807
./data/processed/test/Gordon_Brown/Gordon_Brown_0010.jpg,Gordon_Brown,bright,Gordon_Brown,True,0.012907147407531738
./data/processed/test/Gordon_Brown/Gordon_Brown_0012.jpg,Gordon_Brown,original,Gordon_Brown,True,0.012832961976528168
./data/processed/test/Gordon_Brown/Gordon_Brown_0012.jpg,Gordon_Brown,mask_eyes,Gordon_Brown,True,0.012771010398864746
./data/processed/test/Gordon_Brown/Gordon_Brown_0012.jpg,Gordon_Brown,mask_nose,Gordon_Brown,True,0.012569330632686615
./data/processed/test/Gordon_Brown/Gordon_Brown_0012.jpg,Gordon_Brown,mask_mouth,Gordon_Brown,True,0.012830411083996296
./data/processed/test/Gordon_Brown/Gordon_Brown_0012.jpg,Gordon_Brown,mask_face_oval,Gerhard_Schroeder,False,0.01008955854922533
./data/processed/test/Gordon_Brown/Gordon_Brown_0012.jpg,Gordon_Brown,mask_outside_face,Gordon_Brown,True,0.010213742963969707
./data/processed/test/Gordon_Brown/Gordon_Brown_0012.jpg,Gordon_Brown,dark,Gordon_Brown,True,0.012656249105930328
./data/processed/test/Gordon_Brown/Gordon_Brown_0012.jpg,Gordon_Brown,bright,Gordon_Brown,True,0.012554943561553955
./data/processed/test/Gray_Davis/Gray_Davis_0001.jpg,Gray_Davis,original,Gray_Davis,True,0.020010901615023613
./data/processed/test/Gray_Davis/Gray_Davis_0001.jpg,Gray_Davis,mask_eyes,Gray_Davis,True,0.01910434663295746
./data/processed/test/Gray_Davis/Gray_Davis_0001.jpg,Gray_Davis,mask_nose,Gray_Davis,True,0.019564777612686157
./data/processed/test/Gray_Davis/Gray_Davis_0001.jpg,Gray_Davis,mask_mouth,Gray_Davis,True,0.019911080598831177
./data/processed/test/Gray_Davis/Gray_Davis_0001.jpg,Gray_Davis,mask_face_oval,Jiang_Zemin,False,0.010240276344120502
./data/processed/test/Gray_Davis/Gray_Davis_0001.jpg,Gray_Davis,mask_outside_face,Gray_Davis,True,0.018066206946969032
./data/processed/test/Gray_Davis/Gray_Davis_0001.jpg,Gray_Davis,dark,Gray_Davis,True,0.019689977169036865
./data/processed/test/Gray_Davis/Gray_Davis_0001.jpg,Gray_Davis,bright,Gray_Davis,True,0.020097678527235985
./data/processed/test/Gray_Davis/Gray_Davis_0009.jpg,Gray_Davis,original,Gray_Davis,True,0.019639423117041588
./data/processed/test/Gray_Davis/Gray_Davis_0009.jpg,Gray_Davis,mask_eyes,Gray_Davis,True,0.018665511161088943
./data/processed/test/Gray_Davis/Gray_Davis_0009.jpg,Gray_Davis,mask_nose,Gray_Davis,True,0.018655985593795776
./data/processed/test/Gray_Davis/Gray_Davis_0009.jpg,Gray_Davis,mask_mouth,Gray_Davis,True,0.01973574236035347
./data/processed/test/Gray_Davis/Gray_Davis_0009.jpg,Gray_Davis,mask_face_oval,Recep_Tayyip_Erdogan,False,0.00966364610940218
./data/processed/test/Gray_Davis/Gray_Davis_0009.jpg,Gray_Davis,mask_outside_face,Gray_Davis,True,0.016728654503822327
./data/processed/test/Gray_Davis/Gray_Davis_0009.jpg,Gray_Davis,dark,Gray_Davis,True,0.019007189199328423
./data/processed/test/Gray_Davis/Gray_Davis_0009.jpg,Gray_Davis,bright,Gray_Davis,True,0.02009335532784462
./data/processed/test/Gray_Davis/Gray_Davis_0010.jpg,Gray_Davis,original,Gray_Davis,True,0.02042851783335209
./data/processed/test/Gray_Davis/Gray_Davis_0010.jpg,Gray_Davis,mask_eyes,Gray_Davis,True,0.018174193799495697
./data/processed/test/Gray_Davis/Gray_Davis_0010.jpg,Gray_Davis,mask_nose,Gray_Davis,True,0.02015800215303898
./data/processed/test/Gray_Davis/Gray_Davis_0010.jpg,Gray_Davis,mask_mouth,Gray_Davis,True,0.020439963787794113
./data/processed/test/Gray_Davis/Gray_Davis_0010.jpg,Gray_Davis,mask_face_oval,Lance_Armstrong,False,0.010626303032040596
./data/processed/test/Gray_Davis/Gray_Davis_0010.jpg,Gray_Davis,mask_outside_face,Gray_Davis,True,0.019505910575389862
./data/processed/test/Gray_Davis/Gray_Davis_0010.jpg,Gray_Davis,dark,Gray_Davis,True,0.020440610125660896
./data/processed/test/Gray_Davis/Gray_Davis_0010.jpg,Gray_Davis,bright,Gray_Davis,True,0.020449386909604073
./data/processed/test/Gray_Davis/Gray_Davis_0012.jpg,Gray_Davis,original,Gray_Davis,True,0.01966467685997486
./data/processed/test/Gray_Davis/Gray_Davis_0012.jpg,Gray_Davis,mask_eyes,Gray_Davis,True,0.01906888745725155
./data/processed/test/Gray_Davis/Gray_Davis_0012.jpg,Gray_Davis,mask_nose,Gray_Davis,True,0.020202577114105225
./data/processed/test/Gray_Davis/Gray_Davis_0012.jpg,Gray_Davis,mask_mouth,Gray_Davis,True,0.019497310742735863
./data/processed/test/Gray_Davis/Gray_Davis_0012.jpg,Gray_Davis,mask_face_oval,Jiang_Zemin,False,0.009509042836725712
./data/processed/test/Gray_Davis/Gray_Davis_0012.jpg,Gray_Davis,mask_outside_face,Gerhard_Schroeder,False,0.01954275369644165
./data/processed/test/Gray_Davis/Gray_Davis_0012.jpg,Gray_Davis,dark,Gray_Davis,True,0.01784408465027809
./data/processed/test/Gray_Davis/Gray_Davis_0012.jpg,Gray_Davis,bright,Gray_Davis,True,0.019687699154019356
./data/processed/test/Gray_Davis/Gray_Davis_0017.jpg,Gray_Davis,original,Gray_Davis,True,0.020439589396119118
./data/processed/test/Gray_Davis/Gray_Davis_0017.jpg,Gray_Davis,mask_eyes,Gray_Davis,True,0.02007605880498886
./data/processed/test/Gray_Davis/Gray_Davis_0017.jpg,Gray_Davis,mask_nose,Gray_Davis,True,0.020403938367962837
./data/processed/test/Gray_Davis/Gray_Davis_0017.jpg,Gray_Davis,mask_mouth,Gray_Davis,True,0.02027633972465992
./data/processed/test/Gray_Davis/Gray_Davis_0017.jpg,Gray_Davis,mask_face_oval,Recep_Tayyip_Erdogan,False,0.00919098500162363
./data/processed/test/Gray_Davis/Gray_Davis_0017.jpg,Gray_Davis,mask_outside_face,Gray_Davis,True,0.015809062868356705
./data/processed/test/Gray_Davis/Gray_Davis_0017.jpg,Gray_Davis,dark,Gray_Davis,True,0.02004515752196312
./data/processed/test/Gray_Davis/Gray_Davis_0017.jpg,Gray_Davis,bright,Gray_Davis,True,0.020474065095186234
./data/processed/test/Gray_Davis/Gray_Davis_0025.jpg,Gray_Davis,original,Gray_Davis,True,0.018887465819716454
./data/processed/test/Gray_Davis/Gray_Davis_0025.jpg,Gray_Davis,mask_eyes,Gray_Davis,True,0.016021667048335075
./data/processed/test/Gray_Davis/Gray_Davis_0025.jpg,Gray_Davis,mask_nose,Gray_Davis,True,0.018283629789948463
./data/processed/test/Gray_Davis/Gray_Davis_0025.jpg,Gray_Davis,mask_mouth,Gray_Davis,True,0.01817336119711399
./data/processed/test/Gray_Davis/Gray_Davis_0025.jpg,Gray_Davis,mask_face_oval,Hugo_Chavez,False,0.010203779675066471
./data/processed/test/Gray_Davis/Gray_Davis_0025.jpg,Gray_Davis,mask_outside_face,Gray_Davis,True,0.013577588833868504
./data/processed/test/Gray_Davis/Gray_Davis_0025.jpg,Gray_Davis,dark,Gray_Davis,True,0.016810812056064606
./data/processed/test/Gray_Davis/Gray_Davis_0025.jpg,Gray_Davis,bright,Gray_Davis,True,0.019609246402978897
./data/processed/test/Guillermo_Coria/Guillermo_Coria_0009.jpg,Guillermo_Coria,original,Guillermo_Coria,True,0.022433960810303688
./data/processed/test/Guillermo_Coria/Guillermo_Coria_0009.jpg,Guillermo_Coria,mask_eyes,Guillermo_Coria,True,0.022161420434713364
./data/processed/test/Guillermo_Coria/Guillermo_Coria_0009.jpg,Guillermo_Coria,mask_nose,Guillermo_Coria,True,0.02196779102087021
./data/processed/test/Guillermo_Coria/Guillermo_Coria_0009.jpg,Guillermo_Coria,mask_mouth,Guillermo_Coria,True,0.022173583507537842
./data/processed/test/Guillermo_Coria/Guillermo_Coria_0009.jpg,Guillermo_Coria,mask_face_oval,John_Kerry,False,0.010238434188067913
./data/processed/test/Guillermo_Coria/Guillermo_Coria_0009.jpg,Guillermo_Coria,mask_outside_face,Guillermo_Coria,True,0.021624751389026642
./data/processed/test/Guillermo_Coria/Guillermo_Coria_0009.jpg,Guillermo_Coria,dark,Guillermo_Coria,True,0.022422676905989647
./data/processed/test/Guillermo_Coria/Guillermo_Coria_0009.jpg,Guillermo_Coria,bright,Guillermo_Coria,True,0.022350182756781578
./data/processed/test/Guillermo_Coria/Guillermo_Coria_0010.jpg,Guillermo_Coria,original,Guillermo_Coria,True,0.02212405949831009
./data/processed/test/Guillermo_Coria/Guillermo_Coria_0010.jpg,Guillermo_Coria,mask_eyes,Guillermo_Coria,True,0.020619763061404228
./data/processed/test/Guillermo_Coria/Guillermo_Coria_0010.jpg,Guillermo_Coria,mask_nose,Guillermo_Coria,True,0.020670879632234573
./data/processed/test/Guillermo_Coria/Guillermo_Coria_0010.jpg,Guillermo_Coria,mask_mouth,Guillermo_Coria,True,0.022146884351968765
./data/processed/test/Guillermo_Coria/Guillermo_Coria_0010.jpg,Guillermo_Coria,mask_face_oval,Jose_Maria_Aznar,False,0.010121222585439682
./data/processed/test/Guillermo_Coria/Guillermo_Coria_0010.jpg,Guillermo_Coria,mask_outside_face,Guillermo_Coria,True,0.016391603276133537
./data/processed/test/Guillermo_Coria/Guillermo_Coria_0010.jpg,Guillermo_Coria,dark,Guillermo_Coria,True,0.02191423438489437
./data/processed/test/Guillermo_Coria/Guillermo_Coria_0010.jpg,Guillermo_Coria,bright,Guillermo_Coria,True,0.022101005539298058
./data/processed/test/Guillermo_Coria/Guillermo_Coria_0016.jpg,Guillermo_Coria,original,Guillermo_Coria,True,0.022507010027766228
./data/processed/test/Guillermo_Coria/Guillermo_Coria_0016.jpg,Guillermo_Coria,mask_eyes,Guillermo_Coria,True,0.02235591411590576
./data/processed/test/Guillermo_Coria/Guillermo_Coria_0016.jpg,Guillermo_Coria,mask_nose,Guillermo_Coria,True,0.02226443961262703
./data/processed/test/Guillermo_Coria/Guillermo_Coria_0016.jpg,Guillermo_Coria,mask_mouth,Guillermo_Coria,True,0.02249227836728096
./data/processed/test/Guillermo_Coria/Guillermo_Coria_0016.jpg,Guillermo_Coria,mask_face_oval,Michael_Schumacher,False,0.009656624868512154
./data/processed/test/Guillermo_Coria/Guillermo_Coria_0016.jpg,Guillermo_Coria,mask_outside_face,Guillermo_Coria,True,0.019140010699629784
./data/processed/test/Guillermo_Coria/Guillermo_Coria_0016.jpg,Guillermo_Coria,dark,Guillermo_Coria,True,0.02251775935292244
./data/processed/test/Guillermo_Coria/Guillermo_Coria_0016.jpg,Guillermo_Coria,bright,Guillermo_Coria,True,0.02242271974682808
./data/processed/test/Guillermo_Coria/Guillermo_Coria_0018.jpg,Guillermo_Coria,original,Guillermo_Coria,True,0.022313622757792473
./data/processed/test/Guillermo_Coria/Guillermo_Coria_0018.jpg,Guillermo_Coria,mask_eyes,Guillermo_Coria,True,0.015944616869091988
./data/processed/test/Guillermo_Coria/Guillermo_Coria_0018.jpg,Guillermo_Coria,mask_nose,Guillermo_Coria,True,0.021741515025496483
./data/processed/test/Guillermo_Coria/Guillermo_Coria_0018.jpg,Guillermo_Coria,mask_mouth,Guillermo_Coria,True,0.022356564179062843
./data/processed/test/Guillermo_Coria/Guillermo_Coria_0018.jpg,Guillermo_Coria,mask_face_oval,Gerhard_Schroeder,False,0.009795336052775383
./data/processed/test/Guillermo_Coria/Guillermo_Coria_0018.jpg,Guillermo_Coria,mask_outside_face,Guillermo_Coria,True,0.021751221269369125
./data/processed/test/Guillermo_Coria/Guillermo_Coria_0018.jpg,Guillermo_Coria,dark,Guillermo_Coria,True,0.022315004840493202
./data/processed/test/Guillermo_Coria/Guillermo_Coria_0018.jpg,Guillermo_Coria,bright,Guillermo_Coria,True,0.02220621332526207
./data/processed/test/Guillermo_Coria/Guillermo_Coria_0024.jpg,Guillermo_Coria,original,Guillermo_Coria,True,0.022094685584306717
./data/processed/test/Guillermo_Coria/Guillermo_Coria_0024.jpg,Guillermo_Coria,mask_eyes,Guillermo_Coria,True,0.020677143707871437
./data/processed/test/Guillermo_Coria/Guillermo_Coria_0024.jpg,Guillermo_Coria,mask_nose,Guillermo_Coria,True,0.01996993087232113
./data/processed/test/Guillermo_Coria/Guillermo_Coria_0024.jpg,Guillermo_Coria,mask_mouth,Guillermo_Coria,True,0.022142507135868073
./data/processed/test/Guillermo_Coria/Guillermo_Coria_0024.jpg,Guillermo_Coria,mask_face_oval,Hugo_Chavez,False,0.009231279604136944
./data/processed/test/Guillermo_Coria/Guillermo_Coria_0024.jpg,Guillermo_Coria,mask_outside_face,Guillermo_Coria,True,0.017191216349601746
./data/processed/test/Guillermo_Coria/Guillermo_Coria_0024.jpg,Guillermo_Coria,dark,Guillermo_Coria,True,0.022198688238859177
./data/processed/test/Guillermo_Coria/Guillermo_Coria_0024.jpg,Guillermo_Coria,bright,Guillermo_Coria,True,0.022005729377269745
./data/processed/test/Guillermo_Coria/Guillermo_Coria_0028.jpg,Guillermo_Coria,original,Guillermo_Coria,True,0.021759845316410065
./data/processed/test/Guillermo_Coria/Guillermo_Coria_0028.jpg,Guillermo_Coria,mask_eyes,Guillermo_Coria,True,0.018362872302532196
./data/processed/test/Guillermo_Coria/Guillermo_Coria_0028.jpg,Guillermo_Coria,mask_nose,Guillermo_Coria,True,0.02050406113266945
./data/processed/test/Guillermo_Coria/Guillermo_Coria_0028.jpg,Guillermo_Coria,mask_mouth,Guillermo_Coria,True,0.021829742938280106
./data/processed/test/Guillermo_Coria/Guillermo_Coria_0028.jpg,Guillermo_Coria,mask_face_oval,Arnold_Schwarzenegger,False,0.010197771713137627
./data/processed/test/Guillermo_Coria/Guillermo_Coria_0028.jpg,Guillermo_Coria,mask_outside_face,Guillermo_Coria,True,0.02057376503944397
./data/processed/test/Guillermo_Coria/Guillermo_Coria_0028.jpg,Guillermo_Coria,dark,Guillermo_Coria,True,0.021711723878979683
./data/processed/test/Guillermo_Coria/Guillermo_Coria_0028.jpg,Guillermo_Coria,bright,Guillermo_Coria,True,0.02192949689924717
./data/processed/test/Halle_Berry/Halle_Berry_0001.jpg,Halle_Berry,original,Halle_Berry,True,0.012833558022975922
./data/processed/test/Halle_Berry/Halle_Berry_0001.jpg,Halle_Berry,mask_eyes,Halle_Berry,True,0.011104131117463112
./data/processed/test/Halle_Berry/Halle_Berry_0001.jpg,Halle_Berry,mask_nose,Halle_Berry,True,0.011818274855613708
./data/processed/test/Halle_Berry/Halle_Berry_0001.jpg,Halle_Berry,mask_mouth,Halle_Berry,True,0.012868308462202549
./data/processed/test/Halle_Berry/Halle_Berry_0001.jpg,Halle_Berry,mask_face_oval,Hugo_Chavez,False,0.010347360745072365
./data/processed/test/Halle_Berry/Halle_Berry_0001.jpg,Halle_Berry,mask_outside_face,Halle_Berry,True,0.012301336973905563
./data/processed/test/Halle_Berry/Halle_Berry_0001.jpg,Halle_Berry,dark,Halle_Berry,True,0.012925169430673122
./data/processed/test/Halle_Berry/Halle_Berry_0001.jpg,Halle_Berry,bright,Halle_Berry,True,0.0121297687292099
./data/processed/test/Halle_Berry/Halle_Berry_0002.jpg,Halle_Berry,original,Halle_Berry,True,0.01186627522110939
./data/processed/test/Halle_Berry/Halle_Berry_0002.jpg,Halle_Berry,mask_eyes,Angelina_Jolie,False,0.010936054401099682
./data/processed/test/Halle_Berry/Halle_Berry_0002.jpg,Halle_Berry,mask_nose,Halle_Berry,True,0.011262801475822926
./data/processed/test/Halle_Berry/Halle_Berry_0002.jpg,Halle_Berry,mask_mouth,Halle_Berry,True,0.011603804305195808
./data/processed/test/Halle_Berry/Halle_Berry_0002.jpg,Halle_Berry,mask_face_oval,Alejandro_Toledo,False,0.010984960943460464
./data/processed/test/Halle_Berry/Halle_Berry_0002.jpg,Halle_Berry,mask_outside_face,Halle_Berry,True,0.011675363406538963
./data/processed/test/Halle_Berry/Halle_Berry_0002.jpg,Halle_Berry,dark,Halle_Berry,True,0.012111554853618145
./data/processed/test/Halle_Berry/Halle_Berry_0002.jpg,Halle_Berry,bright,Halle_Berry,True,0.011514727026224136
./data/processed/test/Halle_Berry/Halle_Berry_0006.jpg,Halle_Berry,original,Halle_Berry,True,0.013597767800092697
./data/processed/test/Halle_Berry/Halle_Berry_0006.jpg,Halle_Berry,mask_eyes,Halle_Berry,True,0.01316452119499445
./data/processed/test/Halle_Berry/Halle_Berry_0006.jpg,Halle_Berry,mask_nose,Halle_Berry,True,0.013250093907117844
./data/processed/test/Halle_Berry/Halle_Berry_0006.jpg,Halle_Berry,mask_mouth,Halle_Berry,True,0.013506842777132988
./data/processed/test/Halle_Berry/Halle_Berry_0006.jpg,Halle_Berry,mask_face_oval,Alejandro_Toledo,False,0.010662739165127277
./data/processed/test/Halle_Berry/Halle_Berry_0006.jpg,Halle_Berry,mask_outside_face,Halle_Berry,True,0.01251226756721735
./data/processed/test/Halle_Berry/Halle_Berry_0006.jpg,Halle_Berry,dark,Halle_Berry,True,0.013616376556456089
./data/processed/test/Halle_Berry/Halle_Berry_0006.jpg,Halle_Berry,bright,Halle_Berry,True,0.013444391079246998
./data/processed/test/Halle_Berry/Halle_Berry_0015.jpg,Halle_Berry,original,Angelina_Jolie,False,0.012238954193890095
./data/processed/test/Halle_Berry/Halle_Berry_0015.jpg,Halle_Berry,mask_eyes,Angelina_Jolie,False,0.012317945249378681
./data/processed/test/Halle_Berry/Halle_Berry_0015.jpg,Halle_Berry,mask_nose,Angelina_Jolie,False,0.0128471152856946
./data/processed/test/Halle_Berry/Halle_Berry_0015.jpg,Halle_Berry,mask_mouth,Jennifer_Aniston,False,0.0125630684196949
./data/processed/test/Halle_Berry/Halle_Berry_0015.jpg,Halle_Berry,mask_face_oval,Hugo_Chavez,False,0.009914588183164597
./data/processed/test/Halle_Berry/Halle_Berry_0015.jpg,Halle_Berry,mask_outside_face,Halle_Berry,True,0.010849352926015854
./data/processed/test/Halle_Berry/Halle_Berry_0015.jpg,Halle_Berry,dark,Jennifer_Aniston,False,0.012264241464436054
./data/processed/test/Halle_Berry/Halle_Berry_0015.jpg,Halle_Berry,bright,Angelina_Jolie,False,0.012627031654119492
./data/processed/test/Hamid_Karzai/Hamid_Karzai_0001.jpg,Hamid_Karzai,original,Hamid_Karzai,True,0.015212934464216232
./data/processed/test/Hamid_Karzai/Hamid_Karzai_0001.jpg,Hamid_Karzai,mask_eyes,Hamid_Karzai,True,0.015573541633784771
./data/processed/test/Hamid_Karzai/Hamid_Karzai_0001.jpg,Hamid_Karzai,mask_nose,Hamid_Karzai,True,0.013870610855519772
./data/processed/test/Hamid_Karzai/Hamid_Karzai_0001.jpg,Hamid_Karzai,mask_mouth,Hamid_Karzai,True,0.013912077993154526
./data/processed/test/Hamid_Karzai/Hamid_Karzai_0001.jpg,Hamid_Karzai,mask_face_oval,Hugo_Chavez,False,0.010968117974698544
./data/processed/test/Hamid_Karzai/Hamid_Karzai_0001.jpg,Hamid_Karzai,mask_outside_face,Hamid_Karzai,True,0.016499049961566925
./data/processed/test/Hamid_Karzai/Hamid_Karzai_0001.jpg,Hamid_Karzai,dark,Hamid_Karzai,True,0.013652285560965538
./data/processed/test/Hamid_Karzai/Hamid_Karzai_0001.jpg,Hamid_Karzai,bright,Hamid_Karzai,True,0.016818109899759293
./data/processed/test/Hamid_Karzai/Hamid_Karzai_0002.jpg,Hamid_Karzai,original,Hamid_Karzai,True,0.01865364983677864
./data/processed/test/Hamid_Karzai/Hamid_Karzai_0002.jpg,Hamid_Karzai,mask_eyes,Hamid_Karzai,True,0.018593985587358475
./data/processed/test/Hamid_Karzai/Hamid_Karzai_0002.jpg,Hamid_Karzai,mask_nose,Hamid_Karzai,True,0.018530946224927902
./data/processed/test/Hamid_Karzai/Hamid_Karzai_0002.jpg,Hamid_Karzai,mask_mouth,Hamid_Karzai,True,0.018424857407808304
./data/processed/test/Hamid_Karzai/Hamid_Karzai_0002.jpg,Hamid_Karzai,mask_face_oval,Michael_Schumacher,False,0.010829376988112926
./data/processed/test/Hamid_Karzai/Hamid_Karzai_0002.jpg,Hamid_Karzai,mask_outside_face,Hamid_Karzai,True,0.01837424747645855
./data/processed/test/Hamid_Karzai/Hamid_Karzai_0002.jpg,Hamid_Karzai,dark,Hamid_Karzai,True,0.018596509471535683
./data/processed/test/Hamid_Karzai/Hamid_Karzai_0002.jpg,Hamid_Karzai,bright,Hamid_Karzai,True,0.018662072718143463
./data/processed/test/Hamid_Karzai/Hamid_Karzai_0009.jpg,Hamid_Karzai,original,Hamid_Karzai,True,0.018348317593336105
./data/processed/test/Hamid_Karzai/Hamid_Karzai_0009.jpg,Hamid_Karzai,mask_eyes,Hamid_Karzai,True,0.018264682963490486
./data/processed/test/Hamid_Karzai/Hamid_Karzai_0009.jpg,Hamid_Karzai,mask_nose,Hamid_Karzai,True,0.017873451113700867
./data/processed/test/Hamid_Karzai/Hamid_Karzai_0009.jpg,Hamid_Karzai,mask_mouth,Hamid_Karzai,True,0.01783180609345436
./data/processed/test/Hamid_Karzai/Hamid_Karzai_0009.jpg,Hamid_Karzai,mask_face_oval,Hugo_Chavez,False,0.011915544979274273
./data/processed/test/Hamid_Karzai/Hamid_Karzai_0009.jpg,Hamid_Karzai,mask_outside_face,Hamid_Karzai,True,0.017850324511528015
./data/processed/test/Hamid_Karzai/Hamid_Karzai_0009.jpg,Hamid_Karzai,dark,Hamid_Karzai,True,0.017821693792939186
./data/processed/test/Hamid_Karzai/Hamid_Karzai_0009.jpg,Hamid_Karzai,bright,Hamid_Karzai,True,0.01567845232784748
./data/processed/test/Hamid_Karzai/Hamid_Karzai_0014.jpg,Hamid_Karzai,original,Hamid_Karzai,True,0.01792941428720951
./data/processed/test/Hamid_Karzai/Hamid_Karzai_0014.jpg,Hamid_Karzai,mask_eyes,Hamid_Karzai,True,0.01784229278564453
./data/processed/test/Hamid_Karzai/Hamid_Karzai_0014.jpg,Hamid_Karzai,mask_nose,Hamid_Karzai,True,0.01688760705292225
./data/processed/test/Hamid_Karzai/Hamid_Karzai_0014.jpg,Hamid_Karzai,mask_mouth,Hamid_Karzai,True,0.017028475180268288
./data/processed/test/Hamid_Karzai/Hamid_Karzai_0014.jpg,Hamid_Karzai,mask_face_oval,Hugo_Chavez,False,0.011317175813019276
./data/processed/test/Hamid_Karzai/Hamid_Karzai_0014.jpg,Hamid_Karzai,mask_outside_face,Hamid_Karzai,True,0.017706986516714096
./data/processed/test/Hamid_Karzai/Hamid_Karzai_0014.jpg,Hamid_Karzai,dark,Hamid_Karzai,True,0.016743628308176994
./data/processed/test/Hamid_Karzai/Hamid_Karzai_0014.jpg,Hamid_Karzai,bright,Hamid_Karzai,True,0.014776225201785564
./data/processed/test/Hamid_Karzai/Hamid_Karzai_0016.jpg,Hamid_Karzai,original,Hamid_Karzai,True,0.018606090918183327
./data/processed/test/Hamid_Karzai/Hamid_Karzai_0016.jpg,Hamid_Karzai,mask_eyes,Hamid_Karzai,True,0.01854148507118225
./data/processed/test/Hamid_Karzai/Hamid_Karzai_0016.jpg,Hamid_Karzai,mask_nose,Hamid_Karzai,True,0.01838664896786213
./data/processed/test/Hamid_Karzai/Hamid_Karzai_0016.jpg,Hamid_Karzai,mask_mouth,Hamid_Karzai,True,0.018633848056197166
./data/processed/test/Hamid_Karzai/Hamid_Karzai_0016.jpg,Hamid_Karzai,mask_face_oval,Michael_Schumacher,False,0.010679909028112888
./data/processed/test/Hamid_Karzai/Hamid_Karzai_0016.jpg,Hamid_Karzai,mask_outside_face,Hamid_Karzai,True,0.018342114984989166
./data/processed/test/Hamid_Karzai/Hamid_Karzai_0016.jpg,Hamid_Karzai,dark,Hamid_Karzai,True,0.018444273620843887
./data/processed/test/Hamid_Karzai/Hamid_Karzai_0016.jpg,Hamid_Karzai,bright,Hamid_Karzai,True,0.01853017322719097
./data/processed/test/Hans_Blix/Hans_Blix_0005.jpg,Hans_Blix,original,Hans_Blix,True,0.02938581071794033
./data/processed/test/Hans_Blix/Hans_Blix_0005.jpg,Hans_Blix,mask_eyes,Hans_Blix,True,0.029407937079668045
./data/processed/test/Hans_Blix/Hans_Blix_0005.jpg,Hans_Blix,mask_nose,Hans_Blix,True,0.02917414903640747
./data/processed/test/Hans_Blix/Hans_Blix_0005.jpg,Hans_Blix,mask_mouth,Hans_Blix,True,0.029349593445658684
./data/processed/test/Hans_Blix/Hans_Blix_0005.jpg,Hans_Blix,mask_face_oval,Jiang_Zemin,False,0.010461270809173584
./data/processed/test/Hans_Blix/Hans_Blix_0005.jpg,Hans_Blix,mask_outside_face,Hans_Blix,True,0.029202545061707497
./data/processed/test/Hans_Blix/Hans_Blix_0005.jpg,Hans_Blix,dark,Hans_Blix,True,0.02934950776398182
./data/processed/test/Hans_Blix/Hans_Blix_0005.jpg,Hans_Blix,bright,Hans_Blix,True,0.029241075739264488
./data/processed/test/Hans_Blix/Hans_Blix_0007.jpg,Hans_Blix,original,Hans_Blix,True,0.02917952463030815
./data/processed/test/Hans_Blix/Hans_Blix_0007.jpg,Hans_Blix,mask_eyes,Hans_Blix,True,0.02916841395199299
./data/processed/test/Hans_Blix/Hans_Blix_0007.jpg,Hans_Blix,mask_nose,Hans_Blix,True,0.027206696569919586
./data/processed/test/Hans_Blix/Hans_Blix_0007.jpg,Hans_Blix,mask_mouth,Hans_Blix,True,0.029113000258803368
./data/processed/test/Hans_Blix/Hans_Blix_0007.jpg,Hans_Blix,mask_face_oval,Michael_Schumacher,False,0.010257572866976261
./data/processed/test/Hans_Blix/Hans_Blix_0007.jpg,Hans_Blix,mask_outside_face,Hans_Blix,True,0.028971783816814423
./data/processed/test/Hans_Blix/Hans_Blix_0007.jpg,Hans_Blix,dark,Hans_Blix,True,0.029195846989750862
./data/processed/test/Hans_Blix/Hans_Blix_0007.jpg,Hans_Blix,bright,Hans_Blix,True,0.029183873906731606
./data/processed/test/Hans_Blix/Hans_Blix_0014.jpg,Hans_Blix,original,Hans_Blix,True,0.02938784658908844
./data/processed/test/Hans_Blix/Hans_Blix_0014.jpg,Hans_Blix,mask_eyes,Hans_Blix,True,0.0293850339949131
./data/processed/test/Hans_Blix/Hans_Blix_0014.jpg,Hans_Blix,mask_nose,Hans_Blix,True,0.029017915949225426
./data/processed/test/Hans_Blix/Hans_Blix_0014.jpg,Hans_Blix,mask_mouth,Hans_Blix,True,0.02938256226480007
./data/processed/test/Hans_Blix/Hans_Blix_0014.jpg,Hans_Blix,mask_face_oval,Jiang_Zemin,False,0.011306568048894405
./data/processed/test/Hans_Blix/Hans_Blix_0014.jpg,Hans_Blix,mask_outside_face,Hans_Blix,True,0.029239175841212273
./data/processed/test/Hans_Blix/Hans_Blix_0014.jpg,Hans_Blix,dark,Hans_Blix,True,0.02939843200147152
./data/processed/test/Hans_Blix/Hans_Blix_0014.jpg,Hans_Blix,bright,Hans_Blix,True,0.029331834986805916
./data/processed/test/Hans_Blix/Hans_Blix_0027.jpg,Hans_Blix,original,Hans_Blix,True,0.029254771769046783
./data/processed/test/Hans_Blix/Hans_Blix_0027.jpg,Hans_Blix,mask_eyes,Hans_Blix,True,0.029285788536071777
./data/processed/test/Hans_Blix/Hans_Blix_0027.jpg,Hans_Blix,mask_nose,Hans_Blix,True,0.025484731420874596
./data/processed/test/Hans_Blix/Hans_Blix_0027.jpg,Hans_Blix,mask_mouth,Hans_Blix,True,0.029289793223142624
./data/processed/test/Hans_Blix/Hans_Blix_0027.jpg,Hans_Blix,mask_face_oval,Michael_Schumacher,False,0.010408005677163601
./data/processed/test/Hans_Blix/Hans_Blix_0027.jpg,Hans_Blix,mask_outside_face,Hans_Blix,True,0.02933541126549244
./data/processed/test/Hans_Blix/Hans_Blix_0027.jpg,Hans_Blix,dark,Hans_Blix,True,0.029358984902501106
./data/processed/test/Hans_Blix/Hans_Blix_0027.jpg,Hans_Blix,bright,Hans_Blix,True,0.029289541766047478
./data/processed/test/Hans_Blix/Hans_Blix_0028.jpg,Hans_Blix,original,Hans_Blix,True,0.02932322397828102
./data/processed/test/Hans_Blix/Hans_Blix_0028.jpg,Hans_Blix,mask_eyes,Hans_Blix,True,0.029263930395245552
./data/processed/test/Hans_Blix/Hans_Blix_0028.jpg,Hans_Blix,mask_nose,Hans_Blix,True,0.028212374076247215
./data/processed/test/Hans_Blix/Hans_Blix_0028.jpg,Hans_Blix,mask_mouth,Hans_Blix,True,0.02933056838810444
./data/processed/test/Hans_Blix/Hans_Blix_0028.jpg,Hans_Blix,mask_face_oval,Jiang_Zemin,False,0.009781473316252232
./data/processed/test/Hans_Blix/Hans_Blix_0028.jpg,Hans_Blix,mask_outside_face,Hans_Blix,True,0.028604697436094284
./data/processed/test/Hans_Blix/Hans_Blix_0028.jpg,Hans_Blix,dark,Hans_Blix,True,0.02932150661945343
./data/processed/test/Hans_Blix/Hans_Blix_0028.jpg,Hans_Blix,bright,Hans_Blix,True,0.029115736484527588
./data/processed/test/Hans_Blix/Hans_Blix_0031.jpg,Hans_Blix,original,Hans_Blix,True,0.02916763722896576
./data/processed/test/Hans_Blix/Hans_Blix_0031.jpg,Hans_Blix,mask_eyes,Hans_Blix,True,0.0289264265447855
./data/processed/test/Hans_Blix/Hans_Blix_0031.jpg,Hans_Blix,mask_nose,Hans_Blix,True,0.022097941488027573
./data/processed/test/Hans_Blix/Hans_Blix_0031.jpg,Hans_Blix,mask_mouth,Hans_Blix,True,0.029060691595077515
./data/processed/test/Hans_Blix/Hans_Blix_0031.jpg,Hans_Blix,mask_face_oval,Hugo_Chavez,False,0.010994520969688892
./data/processed/test/Hans_Blix/Hans_Blix_0031.jpg,Hans_Blix,mask_outside_face,Hans_Blix,True,0.028932727873325348
./data/processed/test/Hans_Blix/Hans_Blix_0031.jpg,Hans_Blix,dark,Hans_Blix,True,0.029200084507465363
./data/processed/test/Hans_Blix/Hans_Blix_0031.jpg,Hans_Blix,bright,Hans_Blix,True,0.029139090329408646
./data/processed/test/Hans_Blix/Hans_Blix_0034.jpg,Hans_Blix,original,Hans_Blix,True,0.02937348000705242
./data/processed/test/Hans_Blix/Hans_Blix_0034.jpg,Hans_Blix,mask_eyes,Hans_Blix,True,0.02937290444970131
./data/processed/test/Hans_Blix/Hans_Blix_0034.jpg,Hans_Blix,mask_nose,Hans_Blix,True,0.02873552218079567
./data/processed/test/Hans_Blix/Hans_Blix_0034.jpg,Hans_Blix,mask_mouth,Hans_Blix,True,0.029140716418623924
./data/processed/test/Hans_Blix/Hans_Blix_0034.jpg,Hans_Blix,mask_face_oval,Michael_Schumacher,False,0.010402264073491096
./data/processed/test/Hans_Blix/Hans_Blix_0034.jpg,Hans_Blix,mask_outside_face,Hans_Blix,True,0.028522485867142677
./data/processed/test/Hans_Blix/Hans_Blix_0034.jpg,Hans_Blix,dark,Hans_Blix,True,0.02880888245999813
./data/processed/test/Hans_Blix/Hans_Blix_0034.jpg,Hans_Blix,bright,Hans_Blix,True,0.02882172167301178
./data/processed/test/Hans_Blix/Hans_Blix_0037.jpg,Hans_Blix,original,Hans_Blix,True,0.02906438335776329
./data/processed/test/Hans_Blix/Hans_Blix_0037.jpg,Hans_Blix,mask_eyes,Hans_Blix,True,0.028420912101864815
./data/processed/test/Hans_Blix/Hans_Blix_0037.jpg,Hans_Blix,mask_nose,Hans_Blix,True,0.022509530186653137
./data/processed/test/Hans_Blix/Hans_Blix_0037.jpg,Hans_Blix,mask_mouth,Hans_Blix,True,0.029009293764829636
./data/processed/test/Hans_Blix/Hans_Blix_0037.jpg,Hans_Blix,mask_face_oval,Hugo_Chavez,False,0.0111243249848485
./data/processed/test/Hans_Blix/Hans_Blix_0037.jpg,Hans_Blix,mask_outside_face,Hans_Blix,True,0.026910018175840378
./data/processed/test/Hans_Blix/Hans_Blix_0037.jpg,Hans_Blix,dark,Hans_Blix,True,0.029232067987322807
./data/processed/test/Hans_Blix/Hans_Blix_0037.jpg,Hans_Blix,bright,Hans_Blix,True,0.02889964170753956
./data/processed/test/Harrison_Ford/Harrison_Ford_0001.jpg,Harrison_Ford,original,Vicente_Fox,False,0.011331411078572273
./data/processed/test/Harrison_Ford/Harrison_Ford_0001.jpg,Harrison_Ford,mask_eyes,Vicente_Fox,False,0.01138032041490078
./data/processed/test/Harrison_Ford/Harrison_Ford_0001.jpg,Harrison_Ford,mask_nose,Vicente_Fox,False,0.010521689429879189
./data/processed/test/Harrison_Ford/Harrison_Ford_0001.jpg,Harrison_Ford,mask_mouth,Vicente_Fox,False,0.011565973982214928
./data/processed/test/Harrison_Ford/Harrison_Ford_0001.jpg,Harrison_Ford,mask_face_oval,Michael_Schumacher,False,0.009300614707171917
./data/processed/test/Harrison_Ford/Harrison_Ford_0001.jpg,Harrison_Ford,mask_outside_face,David_Beckham,False,0.011541171930730343
./data/processed/test/Harrison_Ford/Harrison_Ford_0001.jpg,Harrison_Ford,dark,Harrison_Ford,True,0.011020736768841743
./data/processed/test/Harrison_Ford/Harrison_Ford_0001.jpg,Harrison_Ford,bright,Vicente_Fox,False,0.0110181774944067
./data/processed/test/Harrison_Ford/Harrison_Ford_0010.jpg,Harrison_Ford,original,Gerhard_Schroeder,False,0.01121535338461399
./data/processed/test/Harrison_Ford/Harrison_Ford_0010.jpg,Harrison_Ford,mask_eyes,Gerhard_Schroeder,False,0.01560208760201931
./data/processed/test/Harrison_Ford/Harrison_Ford_0010.jpg,Harrison_Ford,mask_nose,Tim_Henman,False,0.01146257109940052
./data/processed/test/Harrison_Ford/Harrison_Ford_0010.jpg,Harrison_Ford,mask_mouth,Tim_Henman,False,0.010406512767076492
./data/processed/test/Harrison_Ford/Harrison_Ford_0010.jpg,Harrison_Ford,mask_face_oval,Tony_Blair,False,0.013146338984370232
./data/processed/test/Harrison_Ford/Harrison_Ford_0010.jpg,Harrison_Ford,mask_outside_face,Recep_Tayyip_Erdogan,False,0.009659457951784134
./data/processed/test/Harrison_Ford/Harrison_Ford_0010.jpg,Harrison_Ford,dark,David_Nalbandian,False,0.010884037241339684
./data/processed/test/Harrison_Ford/Harrison_Ford_0010.jpg,Harrison_Ford,bright,Gerhard_Schroeder,False,0.012842202559113503
./data/processed/test/Harrison_Ford/Harrison_Ford_0011.jpg,Harrison_Ford,original,Gerhard_Schroeder,False,0.014306824654340744
./data/processed/test/Harrison_Ford/Harrison_Ford_0011.jpg,Harrison_Ford,mask_eyes,Gerhard_Schroeder,False,0.01611478254199028
./data/processed/test/Harrison_Ford/Harrison_Ford_0011.jpg,Harrison_Ford,mask_nose,Gerhard_Schroeder,False,0.013327430002391338
./data/processed/test/Harrison_Ford/Harrison_Ford_0011.jpg,Harrison_Ford,mask_mouth,Harrison_Ford,True,0.011768379248678684
./data/processed/test/Harrison_Ford/Harrison_Ford_0011.jpg,Harrison_Ford,mask_face_oval,Tony_Blair,False,0.011821526102721691
./data/processed/test/Harrison_Ford/Harrison_Ford_0011.jpg,Harrison_Ford,mask_outside_face,Gerhard_Schroeder,False,0.012465047650039196
./data/processed/test/Harrison_Ford/Harrison_Ford_0011.jpg,Harrison_Ford,dark,Gerhard_Schroeder,False,0.014414261095225811
./data/processed/test/Harrison_Ford/Harrison_Ford_0011.jpg,Harrison_Ford,bright,Gerhard_Schroeder,False,0.015148907899856567
./data/processed/test/Hillary_Clinton/Hillary_Clinton_0001.jpg,Hillary_Clinton,original,Tony_Blair,False,0.013298374600708485
./data/processed/test/Hillary_Clinton/Hillary_Clinton_0001.jpg,Hillary_Clinton,mask_eyes,Tony_Blair,False,0.013150960206985474
./data/processed/test/Hillary_Clinton/Hillary_Clinton_0001.jpg,Hillary_Clinton,mask_nose,Tony_Blair,False,0.012917837128043175
./data/processed/test/Hillary_Clinton/Hillary_Clinton_0001.jpg,Hillary_Clinton,mask_mouth,Tony_Blair,False,0.013376886025071144
./data/processed/test/Hillary_Clinton/Hillary_Clinton_0001.jpg,Hillary_Clinton,mask_face_oval,Michael_Schumacher,False,0.009814959019422531
./data/processed/test/Hillary_Clinton/Hillary_Clinton_0001.jpg,Hillary_Clinton,mask_outside_face,Hillary_Clinton,True,0.011308007873594761
./data/processed/test/Hillary_Clinton/Hillary_Clinton_0001.jpg,Hillary_Clinton,dark,Tony_Blair,False,0.013403724879026413
./data/processed/test/Hillary_Clinton/Hillary_Clinton_0001.jpg,Hillary_Clinton,bright,Tony_Blair,False,0.014423605054616928
./data/processed/test/Hillary_Clinton/Hillary_Clinton_0010.jpg,Hillary_Clinton,original,Hillary_Clinton,True,0.012981890700757504
./data/processed/test/Hillary_Clinton/Hillary_Clinton_0010.jpg,Hillary_Clinton,mask_eyes,Hillary_Clinton,True,0.012810491025447845
./data/processed/test/Hillary_Clinton/Hillary_Clinton_0010.jpg,Hillary_Clinton,mask_nose,Hillary_Clinton,True,0.012479353696107864
./data/processed/test/Hillary_Clinton/Hillary_Clinton_0010.jpg,Hillary_Clinton,mask_mouth,Hillary_Clinton,True,0.012794017791748047
./data/processed/test/Hillary_Clinton/Hillary_Clinton_0010.jpg,Hillary_Clinton,mask_face_oval,Michael_Schumacher,False,0.009668044745922089
./data/processed/test/Hillary_Clinton/Hillary_Clinton_0010.jpg,Hillary_Clinton,mask_outside_face,Jennifer_Lopez,False,0.012084273621439934
./data/processed/test/Hillary_Clinton/Hillary_Clinton_0010.jpg,Hillary_Clinton,dark,Hillary_Clinton,True,0.012463950552046299
./data/processed/test/Hillary_Clinton/Hillary_Clinton_0010.jpg,Hillary_Clinton,bright,Hillary_Clinton,True,0.013007481582462788
./data/processed/test/Hillary_Clinton/Hillary_Clinton_0012.jpg,Hillary_Clinton,original,Tony_Blair,False,0.014957594685256481
./data/processed/test/Hillary_Clinton/Hillary_Clinton_0012.jpg,Hillary_Clinton,mask_eyes,Tony_Blair,False,0.015824519097805023
./data/processed/test/Hillary_Clinton/Hillary_Clinton_0012.jpg,Hillary_Clinton,mask_nose,Tony_Blair,False,0.012910264544188976
./data/processed/test/Hillary_Clinton/Hillary_Clinton_0012.jpg,Hillary_Clinton,mask_mouth,Tony_Blair,False,0.014143272303044796
./data/processed/test/Hillary_Clinton/Hillary_Clinton_0012.jpg,Hillary_Clinton,mask_face_oval,Jiang_Zemin,False,0.009181421250104904
./data/processed/test/Hillary_Clinton/Hillary_Clinton_0012.jpg,Hillary_Clinton,mask_outside_face,Jennifer_Lopez,False,0.010577830485999584
./data/processed/test/Hillary_Clinton/Hillary_Clinton_0012.jpg,Hillary_Clinton,dark,Tony_Blair,False,0.015487736091017723
./data/processed/test/Hillary_Clinton/Hillary_Clinton_0012.jpg,Hillary_Clinton,bright,Tony_Blair,False,0.015680372714996338
./data/processed/test/Howard_Dean/Howard_Dean_0001.jpg,Howard_Dean,original,Howard_Dean,True,0.011498047970235348
./data/processed/test/Howard_Dean/Howard_Dean_0001.jpg,Howard_Dean,mask_eyes,Howard_Dean,True,0.011354397051036358
./data/processed/test/Howard_Dean/Howard_Dean_0001.jpg,Howard_Dean,mask_nose,Vicente_Fox,False,0.012467077933251858
./data/processed/test/Howard_Dean/Howard_Dean_0001.jpg,Howard_Dean,mask_mouth,Howard_Dean,True,0.011571593582630157
./data/processed/test/Howard_Dean/Howard_Dean_0001.jpg,Howard_Dean,mask_face_oval,Lance_Armstrong,False,0.009687299840152264
./data/processed/test/Howard_Dean/Howard_Dean_0001.jpg,Howard_Dean,mask_outside_face,Howard_Dean,True,0.010178275406360626
./data/processed/test/Howard_Dean/Howard_Dean_0001.jpg,Howard_Dean,dark,Howard_Dean,True,0.011512307450175285
./data/processed/test/Howard_Dean/Howard_Dean_0001.jpg,Howard_Dean,bright,Howard_Dean,True,0.01119638979434967
./data/processed/test/Howard_Dean/Howard_Dean_0010.jpg,Howard_Dean,original,Howard_Dean,True,0.011407434940338135
./data/processed/test/Howard_Dean/Howard_Dean_0010.jpg,Howard_Dean,mask_eyes,Howard_Dean,True,0.011444021947681904
./data/processed/test/Howard_Dean/Howard_Dean_0010.jpg,Howard_Dean,mask_nose,Howard_Dean,True,0.01093613263219595
./data/processed/test/Howard_Dean/Howard_Dean_0010.jpg,Howard_Dean,mask_mouth,Howard_Dean,True,0.011180437169969082
./data/processed/test/Howard_Dean/Howard_Dean_0010.jpg,Howard_Dean,mask_face_oval,Michael_Schumacher,False,0.008834266103804111
./data/processed/test/Howard_Dean/Howard_Dean_0010.jpg,Howard_Dean,mask_outside_face,Howard_Dean,True,0.010069957934319973
./data/processed/test/Howard_Dean/Howard_Dean_0010.jpg,Howard_Dean,dark,Howard_Dean,True,0.011127248406410217
./data/processed/test/Howard_Dean/Howard_Dean_0010.jpg,Howard_Dean,bright,Howard_Dean,True,0.011569753289222717
./data/processed/test/Howard_Dean/Howard_Dean_0011.jpg,Howard_Dean,original,Howard_Dean,True,0.011031349189579487
./data/processed/test/Howard_Dean/Howard_Dean_0011.jpg,Howard_Dean,mask_eyes,Howard_Dean,True,0.011150719597935677
./data/processed/test/Howard_Dean/Howard_Dean_0011.jpg,Howard_Dean,mask_nose,Vicente_Fox,False,0.010825942270457745
./data/processed/test/Howard_Dean/Howard_Dean_0011.jpg,Howard_Dean,mask_mouth,Howard_Dean,True,0.01101767085492611
./data/processed/test/Howard_Dean/Howard_Dean_0011.jpg,Howard_Dean,mask_face_oval,Michael_Schumacher,False,0.009310528635978699
./data/processed/test/Howard_Dean/Howard_Dean_0011.jpg,Howard_Dean,mask_outside_face,Howard_Dean,True,0.010202428326010704
./data/processed/test/Howard_Dean/Howard_Dean_0011.jpg,Howard_Dean,dark,Howard_Dean,True,0.011142969131469727
./data/processed/test/Howard_Dean/Howard_Dean_0011.jpg,Howard_Dean,bright,Howard_Dean,True,0.010696139186620712
./data/processed/test/Hu_Jintao/Hu_Jintao_0001.jpg,Hu_Jintao,original,Hu_Jintao,True,0.016130434349179268
./data/processed/test/Hu_Jintao/Hu_Jintao_0001.jpg,Hu_Jintao,mask_eyes,Hu_Jintao,True,0.016038421541452408
./data/processed/test/Hu_Jintao/Hu_Jintao_0001.jpg,Hu_Jintao,mask_nose,Hu_Jintao,True,0.01592293009161949
./data/processed/test/Hu_Jintao/Hu_Jintao_0001.jpg,Hu_Jintao,mask_mouth,Hu_Jintao,True,0.0161578431725502
./data/processed/test/Hu_Jintao/Hu_Jintao_0001.jpg,Hu_Jintao,mask_face_oval,Arnold_Schwarzenegger,False,0.01225013192743063
./data/processed/test/Hu_Jintao/Hu_Jintao_0001.jpg,Hu_Jintao,mask_outside_face,Hu_Jintao,True,0.013230102136731148
./data/processed/test/Hu_Jintao/Hu_Jintao_0001.jpg,Hu_Jintao,dark,Hu_Jintao,True,0.01606146991252899
./data/processed/test/Hu_Jintao/Hu_Jintao_0001.jpg,Hu_Jintao,bright,Hu_Jintao,True,0.015820246189832687
./data/processed/test/Hu_Jintao/Hu_Jintao_0010.jpg,Hu_Jintao,original,Hu_Jintao,True,0.015904387459158897
./data/processed/test/Hu_Jintao/Hu_Jintao_0010.jpg,Hu_Jintao,mask_eyes,Hu_Jintao,True,0.015340263955295086
./data/processed/test/Hu_Jintao/Hu_Jintao_0010.jpg,Hu_Jintao,mask_nose,Hu_Jintao,True,0.015463355928659439
./data/processed/test/Hu_Jintao/Hu_Jintao_0010.jpg,Hu_Jintao,mask_mouth,Hu_Jintao,True,0.01589343324303627
./data/processed/test/Hu_Jintao/Hu_Jintao_0010.jpg,Hu_Jintao,mask_face_oval,Gerhard_Schroeder,False,0.014329226687550545
./data/processed/test/Hu_Jintao/Hu_Jintao_0010.jpg,Hu_Jintao,mask_outside_face,Hu_Jintao,True,0.012866271659731865
./data/processed/test/Hu_Jintao/Hu_Jintao_0010.jpg,Hu_Jintao,dark,Hu_Jintao,True,0.01597903110086918
./data/processed/test/Hu_Jintao/Hu_Jintao_0010.jpg,Hu_Jintao,bright,Hu_Jintao,True,0.015860343351960182
./data/processed/test/Hu_Jintao/Hu_Jintao_0012.jpg,Hu_Jintao,original,Hu_Jintao,True,0.015634939074516296
./data/processed/test/Hu_Jintao/Hu_Jintao_0012.jpg,Hu_Jintao,mask_eyes,Hu_Jintao,True,0.015113533474504948
./data/processed/test/Hu_Jintao/Hu_Jintao_0012.jpg,Hu_Jintao,mask_nose,Hu_Jintao,True,0.014680237509310246
./data/processed/test/Hu_Jintao/Hu_Jintao_0012.jpg,Hu_Jintao,mask_mouth,Hu_Jintao,True,0.015642058104276657
./data/processed/test/Hu_Jintao/Hu_Jintao_0012.jpg,Hu_Jintao,mask_face_oval,Jose_Maria_Aznar,False,0.01137545146048069
./data/processed/test/Hu_Jintao/Hu_Jintao_0012.jpg,Hu_Jintao,mask_outside_face,John_Howard,False,0.012810716405510902
./data/processed/test/Hu_Jintao/Hu_Jintao_0012.jpg,Hu_Jintao,dark,Hu_Jintao,True,0.015223625116050243
./data/processed/test/Hu_Jintao/Hu_Jintao_0012.jpg,Hu_Jintao,bright,Hu_Jintao,True,0.014539690688252449
./data/processed/test/Hugo_Chavez/Hugo_Chavez_0001.jpg,Hugo_Chavez,original,Hugo_Chavez,True,0.048200108110904694
./data/processed/test/Hugo_Chavez/Hugo_Chavez_0001.jpg,Hugo_Chavez,mask_eyes,Hugo_Chavez,True,0.047485899180173874
./data/processed/test/Hugo_Chavez/Hugo_Chavez_0001.jpg,Hugo_Chavez,mask_nose,Hugo_Chavez,True,0.047951988875865936
./data/processed/test/Hugo_Chavez/Hugo_Chavez_0001.jpg,Hugo_Chavez,mask_mouth,Hugo_Chavez,True,0.0481402762234211
./data/processed/test/Hugo_Chavez/Hugo_Chavez_0001.jpg,Hugo_Chavez,mask_face_oval,Arnold_Schwarzenegger,False,0.012674235738813877
./data/processed/test/Hugo_Chavez/Hugo_Chavez_0001.jpg,Hugo_Chavez,mask_outside_face,Hugo_Chavez,True,0.03194696456193924
./data/processed/test/Hugo_Chavez/Hugo_Chavez_0001.jpg,Hugo_Chavez,dark,Hugo_Chavez,True,0.04808170348405838
./data/processed/test/Hugo_Chavez/Hugo_Chavez_0001.jpg,Hugo_Chavez,bright,Hugo_Chavez,True,0.048066575080156326
./data/processed/test/Hugo_Chavez/Hugo_Chavez_0005.jpg,Hugo_Chavez,original,Hugo_Chavez,True,0.048108529299497604
./data/processed/test/Hugo_Chavez/Hugo_Chavez_0005.jpg,Hugo_Chavez,mask_eyes,Hugo_Chavez,True,0.04724293202161789
./data/processed/test/Hugo_Chavez/Hugo_Chavez_0005.jpg,Hugo_Chavez,mask_nose,Hugo_Chavez,True,0.04720533266663551
./data/processed/test/Hugo_Chavez/Hugo_Chavez_0005.jpg,Hugo_Chavez,mask_mouth,Hugo_Chavez,True,0.04808095842599869
./data/processed/test/Hugo_Chavez/Hugo_Chavez_0005.jpg,Hugo_Chavez,mask_face_oval,Hugo_Chavez,True,0.012847493402659893
./data/processed/test/Hugo_Chavez/Hugo_Chavez_0005.jpg,Hugo_Chavez,mask_outside_face,Hugo_Chavez,True,0.029262414202094078
./data/processed/test/Hugo_Chavez/Hugo_Chavez_0005.jpg,Hugo_Chavez,dark,Hugo_Chavez,True,0.04802423343062401
./data/processed/test/Hugo_Chavez/Hugo_Chavez_0005.jpg,Hugo_Chavez,bright,Hugo_Chavez,True,0.04777323082089424
./data/processed/test/Hugo_Chavez/Hugo_Chavez_0006.jpg,Hugo_Chavez,original,Hugo_Chavez,True,0.048149436712265015
./data/processed/test/Hugo_Chavez/Hugo_Chavez_0006.jpg,Hugo_Chavez,mask_eyes,Hugo_Chavez,True,0.047975897789001465
./data/processed/test/Hugo_Chavez/Hugo_Chavez_0006.jpg,Hugo_Chavez,mask_nose,Hugo_Chavez,True,0.047977548092603683
./data/processed/test/Hugo_Chavez/Hugo_Chavez_0006.jpg,Hugo_Chavez,mask_mouth,Hugo_Chavez,True,0.04814149811863899
./data/processed/test/Hugo_Chavez/Hugo_Chavez_0006.jpg,Hugo_Chavez,mask_face_oval,Arnold_Schwarzenegger,False,0.011188048869371414
./data/processed/test/Hugo_Chavez/Hugo_Chavez_0006.jpg,Hugo_Chavez,mask_outside_face,Hugo_Chavez,True,0.046215105801820755
./data/processed/test/Hugo_Chavez/Hugo_Chavez_0006.jpg,Hugo_Chavez,dark,Hugo_Chavez,True,0.048183951526880264
./data/processed/test/Hugo_Chavez/Hugo_Chavez_0006.jpg,Hugo_Chavez,bright,Hugo_Chavez,True,0.047935567796230316
./data/processed/test/Hugo_Chavez/Hugo_Chavez_0010.jpg,Hugo_Chavez,original,Hugo_Chavez,True,0.048154305666685104
./data/processed/test/Hugo_Chavez/Hugo_Chavez_0010.jpg,Hugo_Chavez,mask_eyes,Hugo_Chavez,True,0.047022946178913116
./data/processed/test/Hugo_Chavez/Hugo_Chavez_0010.jpg,Hugo_Chavez,mask_nose,Hugo_Chavez,True,0.047440651804208755
./data/processed/test/Hugo_Chavez/Hugo_Chavez_0010.jpg,Hugo_Chavez,mask_mouth,Hugo_Chavez,True,0.04795243963599205
./data/processed/test/Hugo_Chavez/Hugo_Chavez_0010.jpg,Hugo_Chavez,mask_face_oval,Hugo_Chavez,True,0.011116635985672474
./data/processed/test/Hugo_Chavez/Hugo_Chavez_0010.jpg,Hugo_Chavez,mask_outside_face,Hugo_Chavez,True,0.0435761921107769
./data/processed/test/Hugo_Chavez/Hugo_Chavez_0010.jpg,Hugo_Chavez,dark,Hugo_Chavez,True,0.04811751842498779
./data/processed/test/Hugo_Chavez/Hugo_Chavez_0010.jpg,Hugo_Chavez,bright,Hugo_Chavez,True,0.047875870019197464
./data/processed/test/Hugo_Chavez/Hugo_Chavez_0011.jpg,Hugo_Chavez,original,Hugo_Chavez,True,0.04834664240479469
./data/processed/test/Hugo_Chavez/Hugo_Chavez_0011.jpg,Hugo_Chavez,mask_eyes,Hugo_Chavez,True,0.046845693141222
./data/processed/test/Hugo_Chavez/Hugo_Chavez_0011.jpg,Hugo_Chavez,mask_nose,Hugo_Chavez,True,0.04790684953331947
./data/processed/test/Hugo_Chavez/Hugo_Chavez_0011.jpg,Hugo_Chavez,mask_mouth,Hugo_Chavez,True,0.04844564571976662
./data/processed/test/Hugo_Chavez/Hugo_Chavez_0011.jpg,Hugo_Chavez,mask_face_oval,Hugo_Chavez,True,0.01702040433883667
./data/processed/test/Hugo_Chavez/Hugo_Chavez_0011.jpg,Hugo_Chavez,mask_outside_face,Hugo_Chavez,True,0.02154930680990219
./data/processed/test/Hugo_Chavez/Hugo_Chavez_0011.jpg,Hugo_Chavez,dark,Hugo_Chavez,True,0.04826871678233147
./data/processed/test/Hugo_Chavez/Hugo_Chavez_0011.jpg,Hugo_Chavez,bright,Hugo_Chavez,True,0.04829845577478409
./data/processed/test/Hugo_Chavez/Hugo_Chavez_0013.jpg,Hugo_Chavez,original,Hugo_Chavez,True,0.034224286675453186
./data/processed/test/Hugo_Chavez/Hugo_Chavez_0013.jpg,Hugo_Chavez,mask_eyes,Hugo_Chavez,True,0.02619832195341587
./data/processed/test/Hugo_Chavez/Hugo_Chavez_0013.jpg,Hugo_Chavez,mask_nose,Hugo_Chavez,True,0.02293224446475506
./data/processed/test/Hugo_Chavez/Hugo_Chavez_0013.jpg,Hugo_Chavez,mask_mouth,Hugo_Chavez,True,0.03144766762852669
./data/processed/test/Hugo_Chavez/Hugo_Chavez_0013.jpg,Hugo_Chavez,mask_face_oval,Arnold_Schwarzenegger,False,0.011256609112024307
./data/processed/test/Hugo_Chavez/Hugo_Chavez_0013.jpg,Hugo_Chavez,mask_outside_face,Colin_Powell,False,0.019991375505924225
./data/processed/test/Hugo_Chavez/Hugo_Chavez_0013.jpg,Hugo_Chavez,dark,Hugo_Chavez,True,0.04370903596282005
./data/processed/test/Hugo_Chavez/Hugo_Chavez_0013.jpg,Hugo_Chavez,bright,Hugo_Chavez,True,0.02860395796597004
./data/processed/test/Hugo_Chavez/Hugo_Chavez_0019.jpg,Hugo_Chavez,original,Hugo_Chavez,True,0.04816838353872299
./data/processed/test/Hugo_Chavez/Hugo_Chavez_0019.jpg,Hugo_Chavez,mask_eyes,Hugo_Chavez,True,0.044705960899591446
./data/processed/test/Hugo_Chavez/Hugo_Chavez_0019.jpg,Hugo_Chavez,mask_nose,Hugo_Chavez,True,0.04703870788216591
./data/processed/test/Hugo_Chavez/Hugo_Chavez_0019.jpg,Hugo_Chavez,mask_mouth,Hugo_Chavez,True,0.047386832535266876
./data/processed/test/Hugo_Chavez/Hugo_Chavez_0019.jpg,Hugo_Chavez,mask_face_oval,Gerhard_Schroeder,False,0.013021379709243774
./data/processed/test/Hugo_Chavez/Hugo_Chavez_0019.jpg,Hugo_Chavez,mask_outside_face,Hugo_Chavez,True,0.03003816120326519
./data/processed/test/Hugo_Chavez/Hugo_Chavez_0019.jpg,Hugo_Chavez,dark,Hugo_Chavez,True,0.0481848418712616
./data/processed/test/Hugo_Chavez/Hugo_Chavez_0019.jpg,Hugo_Chavez,bright,Hugo_Chavez,True,0.04817229509353638
./data/processed/test/Hugo_Chavez/Hugo_Chavez_0023.jpg,Hugo_Chavez,original,Hugo_Chavez,True,0.04824475944042206
./data/processed/test/Hugo_Chavez/Hugo_Chavez_0023.jpg,Hugo_Chavez,mask_eyes,Hugo_Chavez,True,0.046891022473573685
./data/processed/test/Hugo_Chavez/Hugo_Chavez_0023.jpg,Hugo_Chavez,mask_nose,Hugo_Chavez,True,0.04810485243797302
./data/processed/test/Hugo_Chavez/Hugo_Chavez_0023.jpg,Hugo_Chavez,mask_mouth,Hugo_Chavez,True,0.04815274849534035
./data/processed/test/Hugo_Chavez/Hugo_Chavez_0023.jpg,Hugo_Chavez,mask_face_oval,Hugo_Chavez,True,0.014313542284071445
./data/processed/test/Hugo_Chavez/Hugo_Chavez_0023.jpg,Hugo_Chavez,mask_outside_face,Hugo_Chavez,True,0.039323367178440094
./data/processed/test/Hugo_Chavez/Hugo_Chavez_0023.jpg,Hugo_Chavez,dark,Hugo_Chavez,True,0.0481560043990612
./data/processed/test/Hugo_Chavez/Hugo_Chavez_0023.jpg,Hugo_Chavez,bright,Hugo_Chavez,True,0.04818651080131531
./data/processed/test/Hugo_Chavez/Hugo_Chavez_0032.jpg,Hugo_Chavez,original,Hugo_Chavez,True,0.04815433546900749
./data/processed/test/Hugo_Chavez/Hugo_Chavez_0032.jpg,Hugo_Chavez,mask_eyes,Hugo_Chavez,True,0.04797806963324547
./data/processed/test/Hugo_Chavez/Hugo_Chavez_0032.jpg,Hugo_Chavez,mask_nose,Hugo_Chavez,True,0.04582180082798004
./data/processed/test/Hugo_Chavez/Hugo_Chavez_0032.jpg,Hugo_Chavez,mask_mouth,Hugo_Chavez,True,0.04802539944648743
./data/processed/test/Hugo_Chavez/Hugo_Chavez_0032.jpg,Hugo_Chavez,mask_face_oval,Arnold_Schwarzenegger,False,0.01136308629065752
./data/processed/test/Hugo_Chavez/Hugo_Chavez_0032.jpg,Hugo_Chavez,mask_outside_face,Hugo_Chavez,True,0.04613122344017029
./data/processed/test/Hugo_Chavez/Hugo_Chavez_0032.jpg,Hugo_Chavez,dark,Hugo_Chavez,True,0.048109620809555054
./data/processed/test/Hugo_Chavez/Hugo_Chavez_0032.jpg,Hugo_Chavez,bright,Hugo_Chavez,True,0.048040345311164856
./data/processed/test/Hugo_Chavez/Hugo_Chavez_0034.jpg,Hugo_Chavez,original,Hugo_Chavez,True,0.048142436891794205
./data/processed/test/Hugo_Chavez/Hugo_Chavez_0034.jpg,Hugo_Chavez,mask_eyes,Hugo_Chavez,True,0.042866162955760956
./data/processed/test/Hugo_Chavez/Hugo_Chavez_0034.jpg,Hugo_Chavez,mask_nose,Hugo_Chavez,True,0.047127075493335724
./data/processed/test/Hugo_Chavez/Hugo_Chavez_0034.jpg,Hugo_Chavez,mask_mouth,Hugo_Chavez,True,0.047626279294490814
./data/processed/test/Hugo_Chavez/Hugo_Chavez_0034.jpg,Hugo_Chavez,mask_face_oval,Arnold_Schwarzenegger,False,0.010507902130484581
./data/processed/test/Hugo_Chavez/Hugo_Chavez_0034.jpg,Hugo_Chavez,mask_outside_face,Hugo_Chavez,True,0.03587023913860321
./data/processed/test/Hugo_Chavez/Hugo_Chavez_0034.jpg,Hugo_Chavez,dark,Hugo_Chavez,True,0.04799744486808777
./data/processed/test/Hugo_Chavez/Hugo_Chavez_0034.jpg,Hugo_Chavez,bright,Hugo_Chavez,True,0.048079341650009155
./data/processed/test/Hugo_Chavez/Hugo_Chavez_0047.jpg,Hugo_Chavez,original,Hugo_Chavez,True,0.0481184720993042
./data/processed/test/Hugo_Chavez/Hugo_Chavez_0047.jpg,Hugo_Chavez,mask_eyes,Hugo_Chavez,True,0.04732358083128929
./data/processed/test/Hugo_Chavez/Hugo_Chavez_0047.jpg,Hugo_Chavez,mask_nose,Hugo_Chavez,True,0.046723805367946625
./data/processed/test/Hugo_Chavez/Hugo_Chavez_0047.jpg,Hugo_Chavez,mask_mouth,Hugo_Chavez,True,0.047901976853609085
./data/processed/test/Hugo_Chavez/Hugo_Chavez_0047.jpg,Hugo_Chavez,mask_face_oval,Hugo_Chavez,True,0.009954947978258133
./data/processed/test/Hugo_Chavez/Hugo_Chavez_0047.jpg,Hugo_Chavez,mask_outside_face,Hugo_Chavez,True,0.04150625318288803
./data/processed/test/Hugo_Chavez/Hugo_Chavez_0047.jpg,Hugo_Chavez,dark,Hugo_Chavez,True,0.04787460342049599
./data/processed/test/Hugo_Chavez/Hugo_Chavez_0047.jpg,Hugo_Chavez,bright,Hugo_Chavez,True,0.04803409427404404
./data/processed/test/Hugo_Chavez/Hugo_Chavez_0050.jpg,Hugo_Chavez,original,Hugo_Chavez,True,0.048190947622060776
./data/processed/test/Hugo_Chavez/Hugo_Chavez_0050.jpg,Hugo_Chavez,mask_eyes,Hugo_Chavez,True,0.047505225986242294
./data/processed/test/Hugo_Chavez/Hugo_Chavez_0050.jpg,Hugo_Chavez,mask_nose,Hugo_Chavez,True,0.047592151910066605
./data/processed/test/Hugo_Chavez/Hugo_Chavez_0050.jpg,Hugo_Chavez,mask_mouth,Hugo_Chavez,True,0.0482155904173851
./data/processed/test/Hugo_Chavez/Hugo_Chavez_0050.jpg,Hugo_Chavez,mask_face_oval,Arnold_Schwarzenegger,False,0.012881011702120304
./data/processed/test/Hugo_Chavez/Hugo_Chavez_0050.jpg,Hugo_Chavez,mask_outside_face,Hugo_Chavez,True,0.04367630183696747
./data/processed/test/Hugo_Chavez/Hugo_Chavez_0050.jpg,Hugo_Chavez,dark,Hugo_Chavez,True,0.04805620387196541
./data/processed/test/Hugo_Chavez/Hugo_Chavez_0050.jpg,Hugo_Chavez,bright,Hugo_Chavez,True,0.04798761382699013
./data/processed/test/Hugo_Chavez/Hugo_Chavez_0054.jpg,Hugo_Chavez,original,Hugo_Chavez,True,0.048214178532361984
./data/processed/test/Hugo_Chavez/Hugo_Chavez_0054.jpg,Hugo_Chavez,mask_eyes,Hugo_Chavez,True,0.04733257740736008
./data/processed/test/Hugo_Chavez/Hugo_Chavez_0054.jpg,Hugo_Chavez,mask_nose,Hugo_Chavez,True,0.04732646048069
./data/processed/test/Hugo_Chavez/Hugo_Chavez_0054.jpg,Hugo_Chavez,mask_mouth,Hugo_Chavez,True,0.048168838024139404
./data/processed/test/Hugo_Chavez/Hugo_Chavez_0054.jpg,Hugo_Chavez,mask_face_oval,Hugo_Chavez,True,0.016660159453749657
./data/processed/test/Hugo_Chavez/Hugo_Chavez_0054.jpg,Hugo_Chavez,mask_outside_face,Hugo_Chavez,True,0.04443778842687607
./data/processed/test/Hugo_Chavez/Hugo_Chavez_0054.jpg,Hugo_Chavez,dark,Hugo_Chavez,True,0.04828772321343422
./data/processed/test/Hugo_Chavez/Hugo_Chavez_0054.jpg,Hugo_Chavez,bright,Hugo_Chavez,True,0.04813554883003235
./data/processed/test/Hugo_Chavez/Hugo_Chavez_0056.jpg,Hugo_Chavez,original,Hugo_Chavez,True,0.0481269434094429
./data/processed/test/Hugo_Chavez/Hugo_Chavez_0056.jpg,Hugo_Chavez,mask_eyes,Hugo_Chavez,True,0.04757409915328026
./data/processed/test/Hugo_Chavez/Hugo_Chavez_0056.jpg,Hugo_Chavez,mask_nose,Hugo_Chavez,True,0.04780910164117813
./data/processed/test/Hugo_Chavez/Hugo_Chavez_0056.jpg,Hugo_Chavez,mask_mouth,Hugo_Chavez,True,0.047968436032533646
./data/processed/test/Hugo_Chavez/Hugo_Chavez_0056.jpg,Hugo_Chavez,mask_face_oval,Arnold_Schwarzenegger,False,0.011324914172291756
./data/processed/test/Hugo_Chavez/Hugo_Chavez_0056.jpg,Hugo_Chavez,mask_outside_face,Hugo_Chavez,True,0.04576313495635986
./data/processed/test/Hugo_Chavez/Hugo_Chavez_0056.jpg,Hugo_Chavez,dark,Hugo_Chavez,True,0.04818183183670044
./data/processed/test/Hugo_Chavez/Hugo_Chavez_0056.jpg,Hugo_Chavez,bright,Hugo_Chavez,True,0.04802374541759491
./data/processed/test/Hugo_Chavez/Hugo_Chavez_0062.jpg,Hugo_Chavez,original,Hugo_Chavez,True,0.04829944297671318
./data/processed/test/Hugo_Chavez/Hugo_Chavez_0062.jpg,Hugo_Chavez,mask_eyes,Hugo_Chavez,True,0.04756947234272957
./data/processed/test/Hugo_Chavez/Hugo_Chavez_0062.jpg,Hugo_Chavez,mask_nose,Hugo_Chavez,True,0.04813152179121971
./data/processed/test/Hugo_Chavez/Hugo_Chavez_0062.jpg,Hugo_Chavez,mask_mouth,Hugo_Chavez,True,0.04817971959710121
./data/processed/test/Hugo_Chavez/Hugo_Chavez_0062.jpg,Hugo_Chavez,mask_face_oval,Hugo_Chavez,True,0.017782574519515038
./data/processed/test/Hugo_Chavez/Hugo_Chavez_0062.jpg,Hugo_Chavez,mask_outside_face,Hugo_Chavez,True,0.029237456619739532
./data/processed/test/Hugo_Chavez/Hugo_Chavez_0062.jpg,Hugo_Chavez,dark,Hugo_Chavez,True,0.048218682408332825
./data/processed/test/Hugo_Chavez/Hugo_Chavez_0062.jpg,Hugo_Chavez,bright,Hugo_Chavez,True,0.04828178137540817
./data/processed/test/Ian_Thorpe/Ian_Thorpe_0002.jpg,Ian_Thorpe,original,Ian_Thorpe,True,0.010101974941790104
./data/processed/test/Ian_Thorpe/Ian_Thorpe_0002.jpg,Ian_Thorpe,mask_eyes,Ian_Thorpe,True,0.009634621441364288
./data/processed/test/Ian_Thorpe/Ian_Thorpe_0002.jpg,Ian_Thorpe,mask_nose,Ian_Thorpe,True,0.01006879098713398
./data/processed/test/Ian_Thorpe/Ian_Thorpe_0002.jpg,Ian_Thorpe,mask_mouth,Lleyton_Hewitt,False,0.01005313266068697
./data/processed/test/Ian_Thorpe/Ian_Thorpe_0002.jpg,Ian_Thorpe,mask_face_oval,Gerhard_Schroeder,False,0.010703066363930702
./data/processed/test/Ian_Thorpe/Ian_Thorpe_0002.jpg,Ian_Thorpe,mask_outside_face,Tiger_Woods,False,0.009928357787430286
./data/processed/test/Ian_Thorpe/Ian_Thorpe_0002.jpg,Ian_Thorpe,dark,David_Beckham,False,0.010320100001990795
./data/processed/test/Ian_Thorpe/Ian_Thorpe_0002.jpg,Ian_Thorpe,bright,Ian_Thorpe,True,0.010030772536993027
./data/processed/test/Ian_Thorpe/Ian_Thorpe_0009.jpg,Ian_Thorpe,original,Lleyton_Hewitt,False,0.01127263531088829
./data/processed/test/Ian_Thorpe/Ian_Thorpe_0009.jpg,Ian_Thorpe,mask_eyes,Lleyton_Hewitt,False,0.011818400584161282
./data/processed/test/Ian_Thorpe/Ian_Thorpe_0009.jpg,Ian_Thorpe,mask_nose,Lleyton_Hewitt,False,0.011539382860064507
./data/processed/test/Ian_Thorpe/Ian_Thorpe_0009.jpg,Ian_Thorpe,mask_mouth,Lleyton_Hewitt,False,0.011367850936949253
./data/processed/test/Ian_Thorpe/Ian_Thorpe_0009.jpg,Ian_Thorpe,mask_face_oval,Jose_Maria_Aznar,False,0.010565012693405151
./data/processed/test/Ian_Thorpe/Ian_Thorpe_0009.jpg,Ian_Thorpe,mask_outside_face,Lleyton_Hewitt,False,0.011236277408897877
./data/processed/test/Ian_Thorpe/Ian_Thorpe_0009.jpg,Ian_Thorpe,dark,Lleyton_Hewitt,False,0.011574151925742626
./data/processed/test/Ian_Thorpe/Ian_Thorpe_0009.jpg,Ian_Thorpe,bright,Amelie_Mauresmo,False,0.010621389374136925
./data/processed/test/Igor_Ivanov/Igor_Ivanov_0001.jpg,Igor_Ivanov,original,Igor_Ivanov,True,0.011688848957419395
./data/processed/test/Igor_Ivanov/Igor_Ivanov_0001.jpg,Igor_Ivanov,mask_eyes,Igor_Ivanov,True,0.010955313220620155
./data/processed/test/Igor_Ivanov/Igor_Ivanov_0001.jpg,Igor_Ivanov,mask_nose,Ariel_Sharon,False,0.014510327018797398
./data/processed/test/Igor_Ivanov/Igor_Ivanov_0001.jpg,Igor_Ivanov,mask_mouth,Ariel_Sharon,False,0.012707313522696495
./data/processed/test/Igor_Ivanov/Igor_Ivanov_0001.jpg,Igor_Ivanov,mask_face_oval,Alejandro_Toledo,False,0.009589795023202896
./data/processed/test/Igor_Ivanov/Igor_Ivanov_0001.jpg,Igor_Ivanov,mask_outside_face,Ariel_Sharon,False,0.014707664959132671
./data/processed/test/Igor_Ivanov/Igor_Ivanov_0001.jpg,Igor_Ivanov,dark,Igor_Ivanov,True,0.011684071272611618
./data/processed/test/Igor_Ivanov/Igor_Ivanov_0001.jpg,Igor_Ivanov,bright,Igor_Ivanov,True,0.01227246131747961
./data/processed/test/Igor_Ivanov/Igor_Ivanov_0002.jpg,Igor_Ivanov,original,Igor_Ivanov,True,0.014778995886445045
./data/processed/test/Igor_Ivanov/Igor_Ivanov_0002.jpg,Igor_Ivanov,mask_eyes,Igor_Ivanov,True,0.014173435978591442
./data/processed/test/Igor_Ivanov/Igor_Ivanov_0002.jpg,Igor_Ivanov,mask_nose,Igor_Ivanov,True,0.014406111091375351
./data/processed/test/Igor_Ivanov/Igor_Ivanov_0002.jpg,Igor_Ivanov,mask_mouth,Igor_Ivanov,True,0.014331589452922344
./data/processed/test/Igor_Ivanov/Igor_Ivanov_0002.jpg,Igor_Ivanov,mask_face_oval,Michael_Schumacher,False,0.010527122765779495
./data/processed/test/Igor_Ivanov/Igor_Ivanov_0002.jpg,Igor_Ivanov,mask_outside_face,Igor_Ivanov,True,0.012582442723214626
./data/processed/test/Igor_Ivanov/Igor_Ivanov_0002.jpg,Igor_Ivanov,dark,Igor_Ivanov,True,0.014849335886538029
./data/processed/test/Igor_Ivanov/Igor_Ivanov_0002.jpg,Igor_Ivanov,bright,Igor_Ivanov,True,0.014677909202873707
./data/processed/test/Igor_Ivanov/Igor_Ivanov_0016.jpg,Igor_Ivanov,original,Igor_Ivanov,True,0.014896911568939686
./data/processed/test/Igor_Ivanov/Igor_Ivanov_0016.jpg,Igor_Ivanov,mask_eyes,Igor_Ivanov,True,0.014240060932934284
./data/processed/test/Igor_Ivanov/Igor_Ivanov_0016.jpg,Igor_Ivanov,mask_nose,Igor_Ivanov,True,0.014515138231217861
./data/processed/test/Igor_Ivanov/Igor_Ivanov_0016.jpg,Igor_Ivanov,mask_mouth,Igor_Ivanov,True,0.014946160838007927
./data/processed/test/Igor_Ivanov/Igor_Ivanov_0016.jpg,Igor_Ivanov,mask_face_oval,Michael_Schumacher,False,0.011363161727786064
./data/processed/test/Igor_Ivanov/Igor_Ivanov_0016.jpg,Igor_Ivanov,mask_outside_face,Igor_Ivanov,True,0.012753583490848541
./data/processed/test/Igor_Ivanov/Igor_Ivanov_0016.jpg,Igor_Ivanov,dark,Igor_Ivanov,True,0.014856519177556038
./data/processed/test/Igor_Ivanov/Igor_Ivanov_0016.jpg,Igor_Ivanov,bright,Igor_Ivanov,True,0.014926060102880001
./data/processed/test/Igor_Ivanov/Igor_Ivanov_0018.jpg,Igor_Ivanov,original,Igor_Ivanov,True,0.014527611434459686
./data/processed/test/Igor_Ivanov/Igor_Ivanov_0018.jpg,Igor_Ivanov,mask_eyes,Igor_Ivanov,True,0.014040647074580193
./data/processed/test/Igor_Ivanov/Igor_Ivanov_0018.jpg,Igor_Ivanov,mask_nose,Igor_Ivanov,True,0.013697164133191109
./data/processed/test/Igor_Ivanov/Igor_Ivanov_0018.jpg,Igor_Ivanov,mask_mouth,Igor_Ivanov,True,0.014556054025888443
./data/processed/test/Igor_Ivanov/Igor_Ivanov_0018.jpg,Igor_Ivanov,mask_face_oval,Arnold_Schwarzenegger,False,0.01045763399451971
./data/processed/test/Igor_Ivanov/Igor_Ivanov_0018.jpg,Igor_Ivanov,mask_outside_face,Recep_Tayyip_Erdogan,False,0.013420680537819862
./data/processed/test/Igor_Ivanov/Igor_Ivanov_0018.jpg,Igor_Ivanov,dark,Igor_Ivanov,True,0.013679341413080692
./data/processed/test/Igor_Ivanov/Igor_Ivanov_0018.jpg,Igor_Ivanov,bright,Igor_Ivanov,True,0.013449854217469692
./data/processed/test/Jack_Straw/Jack_Straw_0001.jpg,Jack_Straw,original,Jack_Straw,True,0.021646149456501007
./data/processed/test/Jack_Straw/Jack_Straw_0001.jpg,Jack_Straw,mask_eyes,Jack_Straw,True,0.02157643251121044
./data/processed/test/Jack_Straw/Jack_Straw_0001.jpg,Jack_Straw,mask_nose,Jack_Straw,True,0.019818885251879692
./data/processed/test/Jack_Straw/Jack_Straw_0001.jpg,Jack_Straw,mask_mouth,Jack_Straw,True,0.021529002115130424
./data/processed/test/Jack_Straw/Jack_Straw_0001.jpg,Jack_Straw,mask_face_oval,Michael_Schumacher,False,0.009379430674016476
./data/processed/test/Jack_Straw/Jack_Straw_0001.jpg,Jack_Straw,mask_outside_face,Jack_Straw,True,0.014725963585078716
./data/processed/test/Jack_Straw/Jack_Straw_0001.jpg,Jack_Straw,dark,Jack_Straw,True,0.021478459239006042
./data/processed/test/Jack_Straw/Jack_Straw_0001.jpg,Jack_Straw,bright,Jack_Straw,True,0.021527811884880066
./data/processed/test/Jack_Straw/Jack_Straw_0009.jpg,Jack_Straw,original,Jack_Straw,True,0.021885182708501816
./data/processed/test/Jack_Straw/Jack_Straw_0009.jpg,Jack_Straw,mask_eyes,Jack_Straw,True,0.021893754601478577
./data/processed/test/Jack_Straw/Jack_Straw_0009.jpg,Jack_Straw,mask_nose,Jack_Straw,True,0.021442128345370293
./data/processed/test/Jack_Straw/Jack_Straw_0009.jpg,Jack_Straw,mask_mouth,Jack_Straw,True,0.02180648222565651
./data/processed/test/Jack_Straw/Jack_Straw_0009.jpg,Jack_Straw,mask_face_oval,Michael_Schumacher,False,0.009981309995055199
./data/processed/test/Jack_Straw/Jack_Straw_0009.jpg,Jack_Straw,mask_outside_face,Jack_Straw,True,0.016915669664740562
./data/processed/test/Jack_Straw/Jack_Straw_0009.jpg,Jack_Straw,dark,Jack_Straw,True,0.021788528189063072
./data/processed/test/Jack_Straw/Jack_Straw_0009.jpg,Jack_Straw,bright,Jack_Straw,True,0.02180694043636322
./data/processed/test/Jack_Straw/Jack_Straw_0010.jpg,Jack_Straw,original,Jack_Straw,True,0.021998900920152664
./data/processed/test/Jack_Straw/Jack_Straw_0010.jpg,Jack_Straw,mask_eyes,Jack_Straw,True,0.021945245563983917
./data/processed/test/Jack_Straw/Jack_Straw_0010.jpg,Jack_Straw,mask_nose,Jack_Straw,True,0.021537693217396736
./data/processed/test/Jack_Straw/Jack_Straw_0010.jpg,Jack_Straw,mask_mouth,Jack_Straw,True,0.02196265012025833
./data/processed/test/Jack_Straw/Jack_Straw_0010.jpg,Jack_Straw,mask_face_oval,Jiang_Zemin,False,0.009792615659534931
./data/processed/test/Jack_Straw/Jack_Straw_0010.jpg,Jack_Straw,mask_outside_face,Jack_Straw,True,0.01678912341594696
./data/processed/test/Jack_Straw/Jack_Straw_0010.jpg,Jack_Straw,dark,Jack_Straw,True,0.02195502072572708
./data/processed/test/Jack_Straw/Jack_Straw_0010.jpg,Jack_Straw,bright,Jack_Straw,True,0.021854760125279427
./data/processed/test/Jack_Straw/Jack_Straw_0013.jpg,Jack_Straw,original,Jack_Straw,True,0.021810343489050865
./data/processed/test/Jack_Straw/Jack_Straw_0013.jpg,Jack_Straw,mask_eyes,Jack_Straw,True,0.02180536836385727
./data/processed/test/Jack_Straw/Jack_Straw_0013.jpg,Jack_Straw,mask_nose,Jack_Straw,True,0.02122616581618786
./data/processed/test/Jack_Straw/Jack_Straw_0013.jpg,Jack_Straw,mask_mouth,Jack_Straw,True,0.021693943068385124
./data/processed/test/Jack_Straw/Jack_Straw_0013.jpg,Jack_Straw,mask_face_oval,Michael_Schumacher,False,0.010104953311383724
./data/processed/test/Jack_Straw/Jack_Straw_0013.jpg,Jack_Straw,mask_outside_face,Jack_Straw,True,0.012570521794259548
./data/processed/test/Jack_Straw/Jack_Straw_0013.jpg,Jack_Straw,dark,Jack_Straw,True,0.021747756749391556
./data/processed/test/Jack_Straw/Jack_Straw_0013.jpg,Jack_Straw,bright,Jack_Straw,True,0.021318530663847923
./data/processed/test/Jack_Straw/Jack_Straw_0022.jpg,Jack_Straw,original,Jack_Straw,True,0.02183983288705349
./data/processed/test/Jack_Straw/Jack_Straw_0022.jpg,Jack_Straw,mask_eyes,Jack_Straw,True,0.02185233123600483
./data/processed/test/Jack_Straw/Jack_Straw_0022.jpg,Jack_Straw,mask_nose,Jack_Straw,True,0.02031635493040085
./data/processed/test/Jack_Straw/Jack_Straw_0022.jpg,Jack_Straw,mask_mouth,Jack_Straw,True,0.021805917844176292
./data/processed/test/Jack_Straw/Jack_Straw_0022.jpg,Jack_Straw,mask_face_oval,Hugo_Chavez,False,0.010803855955600739
./data/processed/test/Jack_Straw/Jack_Straw_0022.jpg,Jack_Straw,mask_outside_face,Jack_Straw,True,0.013631033711135387
./data/processed/test/Jack_Straw/Jack_Straw_0022.jpg,Jack_Straw,dark,Jack_Straw,True,0.02171294204890728
./data/processed/test/Jack_Straw/Jack_Straw_0022.jpg,Jack_Straw,bright,Jack_Straw,True,0.020990004763007164
./data/processed/test/Jack_Straw/Jack_Straw_0026.jpg,Jack_Straw,original,Jack_Straw,True,0.021690424531698227
./data/processed/test/Jack_Straw/Jack_Straw_0026.jpg,Jack_Straw,mask_eyes,Jack_Straw,True,0.02162742242217064
./data/processed/test/Jack_Straw/Jack_Straw_0026.jpg,Jack_Straw,mask_nose,Jack_Straw,True,0.021024392917752266
./data/processed/test/Jack_Straw/Jack_Straw_0026.jpg,Jack_Straw,mask_mouth,Jack_Straw,True,0.021661045029759407
./data/processed/test/Jack_Straw/Jack_Straw_0026.jpg,Jack_Straw,mask_face_oval,Hugo_Chavez,False,0.011426620185375214
./data/processed/test/Jack_Straw/Jack_Straw_0026.jpg,Jack_Straw,mask_outside_face,Jack_Straw,True,0.014808588661253452
./data/processed/test/Jack_Straw/Jack_Straw_0026.jpg,Jack_Straw,dark,Jack_Straw,True,0.020880240947008133
./data/processed/test/Jack_Straw/Jack_Straw_0026.jpg,Jack_Straw,bright,Rudolph_Giuliani,False,0.011869777925312519
./data/processed/test/Jackie_Chan/Jackie_Chan_0001.jpg,Jackie_Chan,original,Jackie_Chan,True,0.011810362339019775
./data/processed/test/Jackie_Chan/Jackie_Chan_0001.jpg,Jackie_Chan,mask_eyes,Jackie_Chan,True,0.01155529823154211
./data/processed/test/Jackie_Chan/Jackie_Chan_0001.jpg,Jackie_Chan,mask_nose,Jackie_Chan,True,0.011494836769998074
./data/processed/test/Jackie_Chan/Jackie_Chan_0001.jpg,Jackie_Chan,mask_mouth,Jackie_Chan,True,0.011746438220143318
./data/processed/test/Jackie_Chan/Jackie_Chan_0001.jpg,Jackie_Chan,mask_face_oval,Jiang_Zemin,False,0.009317356161773205
./data/processed/test/Jackie_Chan/Jackie_Chan_0001.jpg,Jackie_Chan,mask_outside_face,Silvio_Berlusconi,False,0.01502662617713213
./data/processed/test/Jackie_Chan/Jackie_Chan_0001.jpg,Jackie_Chan,dark,Jackie_Chan,True,0.011655320413410664
./data/processed/test/Jackie_Chan/Jackie_Chan_0001.jpg,Jackie_Chan,bright,Jackie_Chan,True,0.011814969591796398
./data/processed/test/Jackie_Chan/Jackie_Chan_0010.jpg,Jackie_Chan,original,Jackie_Chan,True,0.011980163864791393
./data/processed/test/Jackie_Chan/Jackie_Chan_0010.jpg,Jackie_Chan,mask_eyes,Jackie_Chan,True,0.011909153312444687
./data/processed/test/Jackie_Chan/Jackie_Chan_0010.jpg,Jackie_Chan,mask_nose,Jackie_Chan,True,0.011691393330693245
./data/processed/test/Jackie_Chan/Jackie_Chan_0010.jpg,Jackie_Chan,mask_mouth,Jackie_Chan,True,0.011822071857750416
./data/processed/test/Jackie_Chan/Jackie_Chan_0010.jpg,Jackie_Chan,mask_face_oval,Arnold_Schwarzenegger,False,0.01072355080395937
./data/processed/test/Jackie_Chan/Jackie_Chan_0010.jpg,Jackie_Chan,mask_outside_face,Jackie_Chan,True,0.011654578149318695
./data/processed/test/Jackie_Chan/Jackie_Chan_0010.jpg,Jackie_Chan,dark,Jackie_Chan,True,0.01199173741042614
./data/processed/test/Jackie_Chan/Jackie_Chan_0010.jpg,Jackie_Chan,bright,Jackie_Chan,True,0.011957227252423763
./data/processed/test/Jackie_Chan/Jackie_Chan_0012.jpg,Jackie_Chan,original,Jackie_Chan,True,0.011878059245646
./data/processed/test/Jackie_Chan/Jackie_Chan_0012.jpg,Jackie_Chan,mask_eyes,Jackie_Chan,True,0.011621711775660515
./data/processed/test/Jackie_Chan/Jackie_Chan_0012.jpg,Jackie_Chan,mask_nose,Jackie_Chan,True,0.01115727424621582
./data/processed/test/Jackie_Chan/Jackie_Chan_0012.jpg,Jackie_Chan,mask_mouth,Jackie_Chan,True,0.011789887212216854
./data/processed/test/Jackie_Chan/Jackie_Chan_0012.jpg,Jackie_Chan,mask_face_oval,Alejandro_Toledo,False,0.010308634489774704
./data/processed/test/Jackie_Chan/Jackie_Chan_0012.jpg,Jackie_Chan,mask_outside_face,Jackie_Chan,True,0.011636410839855671
./data/processed/test/Jackie_Chan/Jackie_Chan_0012.jpg,Jackie_Chan,dark,Jackie_Chan,True,0.011752310208976269
./data/processed/test/Jackie_Chan/Jackie_Chan_0012.jpg,Jackie_Chan,bright,Jackie_Chan,True,0.011888482607901096
./data/processed/test/Jacques_Chirac/Jacques_Chirac_0004.jpg,Jacques_Chirac,original,Jacques_Chirac,True,0.032906413078308105
./data/processed/test/Jacques_Chirac/Jacques_Chirac_0004.jpg,Jacques_Chirac,mask_eyes,Jacques_Chirac,True,0.03281499072909355
./data/processed/test/Jacques_Chirac/Jacques_Chirac_0004.jpg,Jacques_Chirac,mask_nose,Jacques_Chirac,True,0.03295332193374634
./data/processed/test/Jacques_Chirac/Jacques_Chirac_0004.jpg,Jacques_Chirac,mask_mouth,Jacques_Chirac,True,0.032915323972702026
./data/processed/test/Jacques_Chirac/Jacques_Chirac_0004.jpg,Jacques_Chirac,mask_face_oval,Michael_Schumacher,False,0.011507086455821991
./data/processed/test/Jacques_Chirac/Jacques_Chirac_0004.jpg,Jacques_Chirac,mask_outside_face,Jacques_Chirac,True,0.03264254704117775
./data/processed/test/Jacques_Chirac/Jacques_Chirac_0004.jpg,Jacques_Chirac,dark,Jacques_Chirac,True,0.03294302523136139
./data/processed/test/Jacques_Chirac/Jacques_Chirac_0004.jpg,Jacques_Chirac,bright,Jacques_Chirac,True,0.03266625851392746
./data/processed/test/Jacques_Chirac/Jacques_Chirac_0006.jpg,Jacques_Chirac,original,Jacques_Chirac,True,0.026235319674015045
./data/processed/test/Jacques_Chirac/Jacques_Chirac_0006.jpg,Jacques_Chirac,mask_eyes,Jacques_Chirac,True,0.01253996230661869
./data/processed/test/Jacques_Chirac/Jacques_Chirac_0006.jpg,Jacques_Chirac,mask_nose,Jacques_Chirac,True,0.024817271158099174
./data/processed/test/Jacques_Chirac/Jacques_Chirac_0006.jpg,Jacques_Chirac,mask_mouth,Jacques_Chirac,True,0.0225035659968853
./data/processed/test/Jacques_Chirac/Jacques_Chirac_0006.jpg,Jacques_Chirac,mask_face_oval,Lance_Armstrong,False,0.009335707873106003
./data/processed/test/Jacques_Chirac/Jacques_Chirac_0006.jpg,Jacques_Chirac,mask_outside_face,Jacques_Chirac,True,0.010218966752290726
./data/processed/test/Jacques_Chirac/Jacques_Chirac_0006.jpg,Jacques_Chirac,dark,Jacques_Chirac,True,0.021933583542704582
./data/processed/test/Jacques_Chirac/Jacques_Chirac_0006.jpg,Jacques_Chirac,bright,Jacques_Chirac,True,0.024219946935772896
./data/processed/test/Jacques_Chirac/Jacques_Chirac_0013.jpg,Jacques_Chirac,original,Jacques_Chirac,True,0.02973855845630169
./data/processed/test/Jacques_Chirac/Jacques_Chirac_0013.jpg,Jacques_Chirac,mask_eyes,Jacques_Chirac,True,0.030359722673892975
./data/processed/test/Jacques_Chirac/Jacques_Chirac_0013.jpg,Jacques_Chirac,mask_nose,Jacques_Chirac,True,0.026883283630013466
./data/processed/test/Jacques_Chirac/Jacques_Chirac_0013.jpg,Jacques_Chirac,mask_mouth,Jacques_Chirac,True,0.03010433167219162
./data/processed/test/Jacques_Chirac/Jacques_Chirac_0013.jpg,Jacques_Chirac,mask_face_oval,Jiang_Zemin,False,0.010409521870315075
./data/processed/test/Jacques_Chirac/Jacques_Chirac_0013.jpg,Jacques_Chirac,mask_outside_face,Jacques_Chirac,True,0.030955610796809196
./data/processed/test/Jacques_Chirac/Jacques_Chirac_0013.jpg,Jacques_Chirac,dark,Jacques_Chirac,True,0.02992820180952549
./data/processed/test/Jacques_Chirac/Jacques_Chirac_0013.jpg,Jacques_Chirac,bright,Jacques_Chirac,True,0.030342813581228256
./data/processed/test/Jacques_Chirac/Jacques_Chirac_0014.jpg,Jacques_Chirac,original,Jacques_Chirac,True,0.033034682273864746
./data/processed/test/Jacques_Chirac/Jacques_Chirac_0014.jpg,Jacques_Chirac,mask_eyes,Jacques_Chirac,True,0.032850705087184906
./data/processed/test/Jacques_Chirac/Jacques_Chirac_0014.jpg,Jacques_Chirac,mask_nose,Jacques_Chirac,True,0.033027179539203644
./data/processed/test/Jacques_Chirac/Jacques_Chirac_0014.jpg,Jacques_Chirac,mask_mouth,Jacques_Chirac,True,0.03302359580993652
./data/processed/test/Jacques_Chirac/Jacques_Chirac_0014.jpg,Jacques_Chirac,mask_face_oval,Michael_Schumacher,False,0.010438685305416584
./data/processed/test/Jacques_Chirac/Jacques_Chirac_0014.jpg,Jacques_Chirac,mask_outside_face,Jacques_Chirac,True,0.03258590027689934
./data/processed/test/Jacques_Chirac/Jacques_Chirac_0014.jpg,Jacques_Chirac,dark,Jacques_Chirac,True,0.03304031118750572
./data/processed/test/Jacques_Chirac/Jacques_Chirac_0014.jpg,Jacques_Chirac,bright,Jacques_Chirac,True,0.033035073429346085
./data/processed/test/Jacques_Chirac/Jacques_Chirac_0018.jpg,Jacques_Chirac,original,Jacques_Chirac,True,0.032937318086624146
./data/processed/test/Jacques_Chirac/Jacques_Chirac_0018.jpg,Jacques_Chirac,mask_eyes,Jacques_Chirac,True,0.03282455727458
./data/processed/test/Jacques_Chirac/Jacques_Chirac_0018.jpg,Jacques_Chirac,mask_nose,Jacques_Chirac,True,0.033024583011865616
./data/processed/test/Jacques_Chirac/Jacques_Chirac_0018.jpg,Jacques_Chirac,mask_mouth,Jacques_Chirac,True,0.0328926257789135
./data/processed/test/Jacques_Chirac/Jacques_Chirac_0018.jpg,Jacques_Chirac,mask_face_oval,Michael_Schumacher,False,0.010370654053986073
./data/processed/test/Jacques_Chirac/Jacques_Chirac_0018.jpg,Jacques_Chirac,mask_outside_face,Jacques_Chirac,True,0.03205519914627075
./data/processed/test/Jacques_Chirac/Jacques_Chirac_0018.jpg,Jacques_Chirac,dark,Jacques_Chirac,True,0.03291049227118492
./data/processed/test/Jacques_Chirac/Jacques_Chirac_0018.jpg,Jacques_Chirac,bright,Jacques_Chirac,True,0.03298965096473694
./data/processed/test/Jacques_Chirac/Jacques_Chirac_0020.jpg,Jacques_Chirac,original,Jacques_Chirac,True,0.03297146037220955
./data/processed/test/Jacques_Chirac/Jacques_Chirac_0020.jpg,Jacques_Chirac,mask_eyes,Jacques_Chirac,True,0.03299500793218613
./data/processed/test/Jacques_Chirac/Jacques_Chirac_0020.jpg,Jacques_Chirac,mask_nose,Jacques_Chirac,True,0.032988291233778
./data/processed/test/Jacques_Chirac/Jacques_Chirac_0020.jpg,Jacques_Chirac,mask_mouth,Jacques_Chirac,True,0.03293813392519951
./data/processed/test/Jacques_Chirac/Jacques_Chirac_0020.jpg,Jacques_Chirac,mask_face_oval,Michael_Schumacher,False,0.011149766854941845
./data/processed/test/Jacques_Chirac/Jacques_Chirac_0020.jpg,Jacques_Chirac,mask_outside_face,Jacques_Chirac,True,0.032859284430742264
./data/processed/test/Jacques_Chirac/Jacques_Chirac_0020.jpg,Jacques_Chirac,dark,Jacques_Chirac,True,0.032931387424468994
./data/processed/test/Jacques_Chirac/Jacques_Chirac_0020.jpg,Jacques_Chirac,bright,Jacques_Chirac,True,0.032902639359235764
./data/processed/test/Jacques_Chirac/Jacques_Chirac_0033.jpg,Jacques_Chirac,original,Jacques_Chirac,True,0.032966576516628265
./data/processed/test/Jacques_Chirac/Jacques_Chirac_0033.jpg,Jacques_Chirac,mask_eyes,Jacques_Chirac,True,0.032917190343141556
./data/processed/test/Jacques_Chirac/Jacques_Chirac_0033.jpg,Jacques_Chirac,mask_nose,Jacques_Chirac,True,0.03301484137773514
./data/processed/test/Jacques_Chirac/Jacques_Chirac_0033.jpg,Jacques_Chirac,mask_mouth,Jacques_Chirac,True,0.03292961046099663
./data/processed/test/Jacques_Chirac/Jacques_Chirac_0033.jpg,Jacques_Chirac,mask_face_oval,Michael_Schumacher,False,0.01067136600613594
./data/processed/test/Jacques_Chirac/Jacques_Chirac_0033.jpg,Jacques_Chirac,mask_outside_face,Jacques_Chirac,True,0.03261483088135719
./data/processed/test/Jacques_Chirac/Jacques_Chirac_0033.jpg,Jacques_Chirac,dark,Jacques_Chirac,True,0.03300010785460472
./data/processed/test/Jacques_Chirac/Jacques_Chirac_0033.jpg,Jacques_Chirac,bright,Jacques_Chirac,True,0.03301127627491951
./data/processed/test/Jacques_Chirac/Jacques_Chirac_0042.jpg,Jacques_Chirac,original,Jacques_Chirac,True,0.032993536442518234
./data/processed/test/Jacques_Chirac/Jacques_Chirac_0042.jpg,Jacques_Chirac,mask_eyes,Jacques_Chirac,True,0.03298179432749748
./data/processed/test/Jacques_Chirac/Jacques_Chirac_0042.jpg,Jacques_Chirac,mask_nose,Jacques_Chirac,True,0.03298817574977875
./data/processed/test/Jacques_Chirac/Jacques_Chirac_0042.jpg,Jacques_Chirac,mask_mouth,Jacques_Chirac,True,0.03299025073647499
./data/processed/test/Jacques_Chirac/Jacques_Chirac_0042.jpg,Jacques_Chirac,mask_face_oval,Jiang_Zemin,False,0.011078229174017906
./data/processed/test/Jacques_Chirac/Jacques_Chirac_0042.jpg,Jacques_Chirac,mask_outside_face,Jacques_Chirac,True,0.03291987255215645
./data/processed/test/Jacques_Chirac/Jacques_Chirac_0042.jpg,Jacques_Chirac,dark,Jacques_Chirac,True,0.03299027308821678
./data/processed/test/Jacques_Chirac/Jacques_Chirac_0042.jpg,Jacques_Chirac,bright,Jacques_Chirac,True,0.032969579100608826
./data/processed/test/Jacques_Chirac/Jacques_Chirac_0044.jpg,Jacques_Chirac,original,Jacques_Chirac,True,0.03278649225831032
./data/processed/test/Jacques_Chirac/Jacques_Chirac_0044.jpg,Jacques_Chirac,mask_eyes,Jacques_Chirac,True,0.03272720053792
./data/processed/test/Jacques_Chirac/Jacques_Chirac_0044.jpg,Jacques_Chirac,mask_nose,Jacques_Chirac,True,0.03253478929400444
./data/processed/test/Jacques_Chirac/Jacques_Chirac_0044.jpg,Jacques_Chirac,mask_mouth,Jacques_Chirac,True,0.032795801758766174
./data/processed/test/Jacques_Chirac/Jacques_Chirac_0044.jpg,Jacques_Chirac,mask_face_oval,Hugo_Chavez,False,0.011495931074023247
./data/processed/test/Jacques_Chirac/Jacques_Chirac_0044.jpg,Jacques_Chirac,mask_outside_face,Jacques_Chirac,True,0.028502918779850006
./data/processed/test/Jacques_Chirac/Jacques_Chirac_0044.jpg,Jacques_Chirac,dark,Jacques_Chirac,True,0.03235375136137009
./data/processed/test/Jacques_Chirac/Jacques_Chirac_0044.jpg,Jacques_Chirac,bright,Jacques_Chirac,True,0.032659683376550674
./data/processed/test/Jacques_Chirac/Jacques_Chirac_0048.jpg,Jacques_Chirac,original,Jacques_Chirac,True,0.03105747140944004
./data/processed/test/Jacques_Chirac/Jacques_Chirac_0048.jpg,Jacques_Chirac,mask_eyes,Jacques_Chirac,True,0.028396472334861755
./data/processed/test/Jacques_Chirac/Jacques_Chirac_0048.jpg,Jacques_Chirac,mask_nose,Jacques_Chirac,True,0.027959665283560753
./data/processed/test/Jacques_Chirac/Jacques_Chirac_0048.jpg,Jacques_Chirac,mask_mouth,Jacques_Chirac,True,0.030627083033323288
./data/processed/test/Jacques_Chirac/Jacques_Chirac_0048.jpg,Jacques_Chirac,mask_face_oval,Hugo_Chavez,False,0.013180958107113838
./data/processed/test/Jacques_Chirac/Jacques_Chirac_0048.jpg,Jacques_Chirac,mask_outside_face,Jacques_Chirac,True,0.03023514896631241
./data/processed/test/Jacques_Chirac/Jacques_Chirac_0048.jpg,Jacques_Chirac,dark,Jacques_Chirac,True,0.03174903988838196
./data/processed/test/Jacques_Chirac/Jacques_Chirac_0048.jpg,Jacques_Chirac,bright,Jacques_Chirac,True,0.032007042318582535
./data/processed/test/Jacques_Chirac/Jacques_Chirac_0051.jpg,Jacques_Chirac,original,Jacques_Chirac,True,0.03310913220047951
./data/processed/test/Jacques_Chirac/Jacques_Chirac_0051.jpg,Jacques_Chirac,mask_eyes,Jacques_Chirac,True,0.033120326697826385
./data/processed/test/Jacques_Chirac/Jacques_Chirac_0051.jpg,Jacques_Chirac,mask_nose,Jacques_Chirac,True,0.033150460571050644
./data/processed/test/Jacques_Chirac/Jacques_Chirac_0051.jpg,Jacques_Chirac,mask_mouth,Jacques_Chirac,True,0.033108536154031754
./data/processed/test/Jacques_Chirac/Jacques_Chirac_0051.jpg,Jacques_Chirac,mask_face_oval,Hugo_Chavez,False,0.010765577666461468
./data/processed/test/Jacques_Chirac/Jacques_Chirac_0051.jpg,Jacques_Chirac,mask_outside_face,Jacques_Chirac,True,0.03284666687250137
./data/processed/test/Jacques_Chirac/Jacques_Chirac_0051.jpg,Jacques_Chirac,dark,Jacques_Chirac,True,0.033128783106803894
./data/processed/test/Jacques_Chirac/Jacques_Chirac_0051.jpg,Jacques_Chirac,bright,Jacques_Chirac,True,0.03308309614658356
./data/processed/test/Jacques_Rogge/Jacques_Rogge_0002.jpg,Jacques_Rogge,original,Jacques_Rogge,True,0.010553717613220215
./data/processed/test/Jacques_Rogge/Jacques_Rogge_0002.jpg,Jacques_Rogge,mask_eyes,Jacques_Rogge,True,0.009650169871747494
./data/processed/test/Jacques_Rogge/Jacques_Rogge_0002.jpg,Jacques_Rogge,mask_nose,Alejandro_Toledo,False,0.01281542144715786
./data/processed/test/Jacques_Rogge/Jacques_Rogge_0002.jpg,Jacques_Rogge,mask_mouth,Alejandro_Toledo,False,0.01091229822486639
./data/processed/test/Jacques_Rogge/Jacques_Rogge_0002.jpg,Jacques_Rogge,mask_face_oval,Michael_Schumacher,False,0.01059319730848074
./data/processed/test/Jacques_Rogge/Jacques_Rogge_0002.jpg,Jacques_Rogge,mask_outside_face,Igor_Ivanov,False,0.010376397520303726
./data/processed/test/Jacques_Rogge/Jacques_Rogge_0002.jpg,Jacques_Rogge,dark,Jacques_Rogge,True,0.010373633354902267
./data/processed/test/Jacques_Rogge/Jacques_Rogge_0002.jpg,Jacques_Rogge,bright,Jacques_Rogge,True,0.010603594593703747
./data/processed/test/Jacques_Rogge/Jacques_Rogge_0009.jpg,Jacques_Rogge,original,Howard_Dean,False,0.009807360358536243
./data/processed/test/Jacques_Rogge/Jacques_Rogge_0009.jpg,Jacques_Rogge,mask_eyes,Jeremy_Greenstock,False,0.01003209874033928
./data/processed/test/Jacques_Rogge/Jacques_Rogge_0009.jpg,Jacques_Rogge,mask_nose,Jeremy_Greenstock,False,0.01025332510471344
./data/processed/test/Jacques_Rogge/Jacques_Rogge_0009.jpg,Jacques_Rogge,mask_mouth,Jeremy_Greenstock,False,0.010119623504579067
./data/processed/test/Jacques_Rogge/Jacques_Rogge_0009.jpg,Jacques_Rogge,mask_face_oval,Lance_Armstrong,False,0.00992373563349247
./data/processed/test/Jacques_Rogge/Jacques_Rogge_0009.jpg,Jacques_Rogge,mask_outside_face,Andre_Agassi,False,0.010116144083440304
./data/processed/test/Jacques_Rogge/Jacques_Rogge_0009.jpg,Jacques_Rogge,dark,Howard_Dean,False,0.010089033283293247
./data/processed/test/Jacques_Rogge/Jacques_Rogge_0009.jpg,Jacques_Rogge,bright,Jeremy_Greenstock,False,0.009828254580497742
./data/processed/test/James_Blake/James_Blake_0001.jpg,James_Blake,original,James_Blake,True,0.011114352382719517
./data/processed/test/James_Blake/James_Blake_0001.jpg,James_Blake,mask_eyes,James_Blake,True,0.010328646749258041
./data/processed/test/James_Blake/James_Blake_0001.jpg,James_Blake,mask_nose,James_Blake,True,0.009968665428459644
./data/processed/test/James_Blake/James_Blake_0001.jpg,James_Blake,mask_mouth,James_Blake,True,0.010545050725340843
./data/processed/test/James_Blake/James_Blake_0001.jpg,James_Blake,mask_face_oval,Hugo_Chavez,False,0.01069034542888403
./data/processed/test/James_Blake/James_Blake_0001.jpg,James_Blake,mask_outside_face,James_Blake,True,0.01066888589411974
./data/processed/test/James_Blake/James_Blake_0001.jpg,James_Blake,dark,James_Blake,True,0.010898291133344173
./data/processed/test/James_Blake/James_Blake_0001.jpg,James_Blake,bright,James_Blake,True,0.011792408302426338
./data/processed/test/James_Blake/James_Blake_0010.jpg,James_Blake,original,James_Blake,True,0.011793232522904873
./data/processed/test/James_Blake/James_Blake_0010.jpg,James_Blake,mask_eyes,James_Blake,True,0.011856124736368656
./data/processed/test/James_Blake/James_Blake_0010.jpg,James_Blake,mask_nose,James_Blake,True,0.010614853352308273
./data/processed/test/James_Blake/James_Blake_0010.jpg,James_Blake,mask_mouth,Tiger_Woods,False,0.013926699757575989
./data/processed/test/James_Blake/James_Blake_0010.jpg,James_Blake,mask_face_oval,Jiang_Zemin,False,0.009337159804999828
./data/processed/test/James_Blake/James_Blake_0010.jpg,James_Blake,mask_outside_face,Tiger_Woods,False,0.01161362137645483
./data/processed/test/James_Blake/James_Blake_0010.jpg,James_Blake,dark,James_Blake,True,0.01109320018440485
./data/processed/test/James_Blake/James_Blake_0010.jpg,James_Blake,bright,James_Blake,True,0.011670075356960297
./data/processed/test/James_Blake/James_Blake_0012.jpg,James_Blake,original,James_Blake,True,0.012080571614205837
./data/processed/test/James_Blake/James_Blake_0012.jpg,James_Blake,mask_eyes,James_Blake,True,0.011804523877799511
./data/processed/test/James_Blake/James_Blake_0012.jpg,James_Blake,mask_nose,James_Blake,True,0.010860844515264034
./data/processed/test/James_Blake/James_Blake_0012.jpg,James_Blake,mask_mouth,Tiger_Woods,False,0.012269302271306515
./data/processed/test/James_Blake/James_Blake_0012.jpg,James_Blake,mask_face_oval,Michael_Schumacher,False,0.010976727120578289
./data/processed/test/James_Blake/James_Blake_0012.jpg,James_Blake,mask_outside_face,Tiger_Woods,False,0.0115268649533391
./data/processed/test/James_Blake/James_Blake_0012.jpg,James_Blake,dark,James_Blake,True,0.011701523326337337
./data/processed/test/James_Blake/James_Blake_0012.jpg,James_Blake,bright,James_Blake,True,0.012149986810982227
./data/processed/test/James_Kelly/James_Kelly_0001.jpg,James_Kelly,original,Tom_Daschle,False,0.014601298607885838
./data/processed/test/James_Kelly/James_Kelly_0001.jpg,James_Kelly,mask_eyes,Gerhard_Schroeder,False,0.018364036455750465
./data/processed/test/James_Kelly/James_Kelly_0001.jpg,James_Kelly,mask_nose,Gerhard_Schroeder,False,0.015645764768123627
./data/processed/test/James_Kelly/James_Kelly_0001.jpg,James_Kelly,mask_mouth,Gerhard_Schroeder,False,0.015464398078620434
./data/processed/test/James_Kelly/James_Kelly_0001.jpg,James_Kelly,mask_face_oval,Michael_Schumacher,False,0.009614172391593456
./data/processed/test/James_Kelly/James_Kelly_0001.jpg,James_Kelly,mask_outside_face,Tom_Daschle,False,0.013679558411240578
./data/processed/test/James_Kelly/James_Kelly_0001.jpg,James_Kelly,dark,Tom_Daschle,False,0.016693182289600372
./data/processed/test/James_Kelly/James_Kelly_0001.jpg,James_Kelly,bright,Tom_Daschle,False,0.018608493730425835
./data/processed/test/James_Kelly/James_Kelly_0006.jpg,James_Kelly,original,George_W_Bush,False,0.013141383416950703
./data/processed/test/James_Kelly/James_Kelly_0006.jpg,James_Kelly,mask_eyes,Gerhard_Schroeder,False,0.013417521491646767
./data/processed/test/James_Kelly/James_Kelly_0006.jpg,James_Kelly,mask_nose,George_W_Bush,False,0.016763735562562943
./data/processed/test/James_Kelly/James_Kelly_0006.jpg,James_Kelly,mask_mouth,George_W_Bush,False,0.012655734084546566
./data/processed/test/James_Kelly/James_Kelly_0006.jpg,James_Kelly,mask_face_oval,George_W_Bush,False,0.01216313149780035
./data/processed/test/James_Kelly/James_Kelly_0006.jpg,James_Kelly,mask_outside_face,Tom_Daschle,False,0.014294966123998165
./data/processed/test/James_Kelly/James_Kelly_0006.jpg,James_Kelly,dark,George_W_Bush,False,0.013726918026804924
./data/processed/test/James_Kelly/James_Kelly_0006.jpg,James_Kelly,bright,George_W_Bush,False,0.015431096777319908
./data/processed/test/James_Kelly/James_Kelly_0010.jpg,James_Kelly,original,Gerhard_Schroeder,False,0.0135538624599576
./data/processed/test/James_Kelly/James_Kelly_0010.jpg,James_Kelly,mask_eyes,Gerhard_Schroeder,False,0.01818617805838585
./data/processed/test/James_Kelly/James_Kelly_0010.jpg,James_Kelly,mask_nose,Gerhard_Schroeder,False,0.015258018858730793
./data/processed/test/James_Kelly/James_Kelly_0010.jpg,James_Kelly,mask_mouth,Gerhard_Schroeder,False,0.013056527823209763
./data/processed/test/James_Kelly/James_Kelly_0010.jpg,James_Kelly,mask_face_oval,Michael_Schumacher,False,0.010784710757434368
./data/processed/test/James_Kelly/James_Kelly_0010.jpg,James_Kelly,mask_outside_face,Gerhard_Schroeder,False,0.011144949123263359
./data/processed/test/James_Kelly/James_Kelly_0010.jpg,James_Kelly,dark,Gerhard_Schroeder,False,0.01357412151992321
./data/processed/test/James_Kelly/James_Kelly_0010.jpg,James_Kelly,bright,Gerhard_Schroeder,False,0.013913207687437534
./data/processed/test/Jason_Kidd/Jason_Kidd_0002.jpg,Jason_Kidd,original,Andre_Agassi,False,0.013262524269521236
./data/processed/test/Jason_Kidd/Jason_Kidd_0002.jpg,Jason_Kidd,mask_eyes,Andre_Agassi,False,0.014045394025743008
./data/processed/test/Jason_Kidd/Jason_Kidd_0002.jpg,Jason_Kidd,mask_nose,Andre_Agassi,False,0.013308684341609478
./data/processed/test/Jason_Kidd/Jason_Kidd_0002.jpg,Jason_Kidd,mask_mouth,Andre_Agassi,False,0.013322063721716404
./data/processed/test/Jason_Kidd/Jason_Kidd_0002.jpg,Jason_Kidd,mask_face_oval,Hugo_Chavez,False,0.011493518948554993
./data/processed/test/Jason_Kidd/Jason_Kidd_0002.jpg,Jason_Kidd,mask_outside_face,Andre_Agassi,False,0.01724976859986782
./data/processed/test/Jason_Kidd/Jason_Kidd_0002.jpg,Jason_Kidd,dark,Carlos_Moya,False,0.011550643481314182
./data/processed/test/Jason_Kidd/Jason_Kidd_0002.jpg,Jason_Kidd,bright,Andre_Agassi,False,0.014319431968033314
./data/processed/test/Jason_Kidd/Jason_Kidd_0009.jpg,Jason_Kidd,original,Andre_Agassi,False,0.011691594496369362
./data/processed/test/Jason_Kidd/Jason_Kidd_0009.jpg,Jason_Kidd,mask_eyes,Andre_Agassi,False,0.010170306079089642
./data/processed/test/Jason_Kidd/Jason_Kidd_0009.jpg,Jason_Kidd,mask_nose,Andre_Agassi,False,0.011902917176485062
./data/processed/test/Jason_Kidd/Jason_Kidd_0009.jpg,Jason_Kidd,mask_mouth,Andre_Agassi,False,0.012183181010186672
./data/processed/test/Jason_Kidd/Jason_Kidd_0009.jpg,Jason_Kidd,mask_face_oval,Hugo_Chavez,False,0.011782745830714703
./data/processed/test/Jason_Kidd/Jason_Kidd_0009.jpg,Jason_Kidd,mask_outside_face,Carlos_Moya,False,0.010064966976642609
./data/processed/test/Jason_Kidd/Jason_Kidd_0009.jpg,Jason_Kidd,dark,Andre_Agassi,False,0.01029976550489664
./data/processed/test/Jason_Kidd/Jason_Kidd_0009.jpg,Jason_Kidd,bright,Andre_Agassi,False,0.01255113910883665
./data/processed/test/Javier_Solana/Javier_Solana_0002.jpg,Javier_Solana,original,Javier_Solana,True,0.01106206513941288
./data/processed/test/Javier_Solana/Javier_Solana_0002.jpg,Javier_Solana,mask_eyes,Javier_Solana,True,0.010832156985998154
./data/processed/test/Javier_Solana/Javier_Solana_0002.jpg,Javier_Solana,mask_nose,Javier_Solana,True,0.010901062749326229
./data/processed/test/Javier_Solana/Javier_Solana_0002.jpg,Javier_Solana,mask_mouth,Hugo_Chavez,False,0.010919771157205105
./data/processed/test/Javier_Solana/Javier_Solana_0002.jpg,Javier_Solana,mask_face_oval,Michael_Schumacher,False,0.009763559326529503
./data/processed/test/Javier_Solana/Javier_Solana_0002.jpg,Javier_Solana,mask_outside_face,Hamid_Karzai,False,0.010303594172000885
./data/processed/test/Javier_Solana/Javier_Solana_0002.jpg,Javier_Solana,dark,Javier_Solana,True,0.010859423317015171
./data/processed/test/Javier_Solana/Javier_Solana_0002.jpg,Javier_Solana,bright,Javier_Solana,True,0.01080906018614769
./data/processed/test/Javier_Solana/Javier_Solana_0009.jpg,Javier_Solana,original,Arnold_Schwarzenegger,False,0.010829070582985878
./data/processed/test/Javier_Solana/Javier_Solana_0009.jpg,Javier_Solana,mask_eyes,Donald_Rumsfeld,False,0.011650022119283676
./data/processed/test/Javier_Solana/Javier_Solana_0009.jpg,Javier_Solana,mask_nose,Arnold_Schwarzenegger,False,0.011910115368664265
./data/processed/test/Javier_Solana/Javier_Solana_0009.jpg,Javier_Solana,mask_mouth,Donald_Rumsfeld,False,0.014503801241517067
./data/processed/test/Javier_Solana/Javier_Solana_0009.jpg,Javier_Solana,mask_face_oval,Hugo_Chavez,False,0.011629489250481129
./data/processed/test/Javier_Solana/Javier_Solana_0009.jpg,Javier_Solana,mask_outside_face,Hamid_Karzai,False,0.011330035515129566
./data/processed/test/Javier_Solana/Javier_Solana_0009.jpg,Javier_Solana,dark,Arnold_Schwarzenegger,False,0.013857636600732803
./data/processed/test/Javier_Solana/Javier_Solana_0009.jpg,Javier_Solana,bright,Arnold_Schwarzenegger,False,0.010812810622155666
./data/processed/test/Jean-David_Levitte/Jean-David_Levitte_0002.jpg,Jean-David_Levitte,original,Alejandro_Toledo,False,0.012141973711550236
./data/processed/test/Jean-David_Levitte/Jean-David_Levitte_0002.jpg,Jean-David_Levitte,mask_eyes,Gerhard_Schroeder,False,0.012522619217634201
./data/processed/test/Jean-David_Levitte/Jean-David_Levitte_0002.jpg,Jean-David_Levitte,mask_nose,Gerhard_Schroeder,False,0.011545064859092236
./data/processed/test/Jean-David_Levitte/Jean-David_Levitte_0002.jpg,Jean-David_Levitte,mask_mouth,Alejandro_Toledo,False,0.01175315398722887
./data/processed/test/Jean-David_Levitte/Jean-David_Levitte_0002.jpg,Jean-David_Levitte,mask_face_oval,Gerhard_Schroeder,False,0.012833774089813232
./data/processed/test/Jean-David_Levitte/Jean-David_Levitte_0002.jpg,Jean-David_Levitte,mask_outside_face,Ariel_Sharon,False,0.012544633820652962
./data/processed/test/Jean-David_Levitte/Jean-David_Levitte_0002.jpg,Jean-David_Levitte,dark,Alejandro_Toledo,False,0.011829650029540062
./data/processed/test/Jean-David_Levitte/Jean-David_Levitte_0002.jpg,Jean-David_Levitte,bright,Alejandro_Toledo,False,0.012604906223714352
./data/processed/test/Jean-David_Levitte/Jean-David_Levitte_0009.jpg,Jean-David_Levitte,original,Alejandro_Toledo,False,0.012773413211107254
./data/processed/test/Jean-David_Levitte/Jean-David_Levitte_0009.jpg,Jean-David_Levitte,mask_eyes,Alejandro_Toledo,False,0.011380026116967201
./data/processed/test/Jean-David_Levitte/Jean-David_Levitte_0009.jpg,Jean-David_Levitte,mask_nose,Alejandro_Toledo,False,0.016464311629533768
./data/processed/test/Jean-David_Levitte/Jean-David_Levitte_0009.jpg,Jean-David_Levitte,mask_mouth,Alejandro_Toledo,False,0.013012917712330818
./data/processed/test/Jean-David_Levitte/Jean-David_Levitte_0009.jpg,Jean-David_Levitte,mask_face_oval,Alejandro_Toledo,False,0.009764931164681911
./data/processed/test/Jean-David_Levitte/Jean-David_Levitte_0009.jpg,Jean-David_Levitte,mask_outside_face,Silvio_Berlusconi,False,0.009752767160534859
./data/processed/test/Jean-David_Levitte/Jean-David_Levitte_0009.jpg,Jean-David_Levitte,dark,Alejandro_Toledo,False,0.013868488371372223
./data/processed/test/Jean-David_Levitte/Jean-David_Levitte_0009.jpg,Jean-David_Levitte,bright,Alejandro_Toledo,False,0.011691346764564514
./data/processed/test/Jean_Charest/Jean_Charest_0001.jpg,Jean_Charest,original,Jean_Charest,True,0.014908893965184689
./data/processed/test/Jean_Charest/Jean_Charest_0001.jpg,Jean_Charest,mask_eyes,Jean_Charest,True,0.014204462058842182
./data/processed/test/Jean_Charest/Jean_Charest_0001.jpg,Jean_Charest,mask_nose,Jean_Charest,True,0.014173433184623718
./data/processed/test/Jean_Charest/Jean_Charest_0001.jpg,Jean_Charest,mask_mouth,Jean_Charest,True,0.014771105721592903
./data/processed/test/Jean_Charest/Jean_Charest_0001.jpg,Jean_Charest,mask_face_oval,Michael_Schumacher,False,0.010448663495481014
./data/processed/test/Jean_Charest/Jean_Charest_0001.jpg,Jean_Charest,mask_outside_face,Jean_Charest,True,0.013702505268156528
./data/processed/test/Jean_Charest/Jean_Charest_0001.jpg,Jean_Charest,dark,Jean_Charest,True,0.014800827950239182
./data/processed/test/Jean_Charest/Jean_Charest_0001.jpg,Jean_Charest,bright,Jean_Charest,True,0.014721148647367954
./data/processed/test/Jean_Charest/Jean_Charest_0002.jpg,Jean_Charest,original,Jean_Charest,True,0.014587323181331158
./data/processed/test/Jean_Charest/Jean_Charest_0002.jpg,Jean_Charest,mask_eyes,Jean_Charest,True,0.01337652187794447
./data/processed/test/Jean_Charest/Jean_Charest_0002.jpg,Jean_Charest,mask_nose,Jean_Charest,True,0.012477227486670017
./data/processed/test/Jean_Charest/Jean_Charest_0002.jpg,Jean_Charest,mask_mouth,Jean_Charest,True,0.01455471571534872
./data/processed/test/Jean_Charest/Jean_Charest_0002.jpg,Jean_Charest,mask_face_oval,Michael_Schumacher,False,0.009671706706285477
./data/processed/test/Jean_Charest/Jean_Charest_0002.jpg,Jean_Charest,mask_outside_face,Jean_Charest,True,0.012901305221021175
./data/processed/test/Jean_Charest/Jean_Charest_0002.jpg,Jean_Charest,dark,Jean_Charest,True,0.014531116001307964
./data/processed/test/Jean_Charest/Jean_Charest_0002.jpg,Jean_Charest,bright,Jean_Charest,True,0.014551681466400623
./data/processed/test/Jean_Charest/Jean_Charest_0006.jpg,Jean_Charest,original,Jean_Charest,True,0.015017783269286156
./data/processed/test/Jean_Charest/Jean_Charest_0006.jpg,Jean_Charest,mask_eyes,Jean_Charest,True,0.014920089393854141
./data/processed/test/Jean_Charest/Jean_Charest_0006.jpg,Jean_Charest,mask_nose,Jean_Charest,True,0.014573131687939167
./data/processed/test/Jean_Charest/Jean_Charest_0006.jpg,Jean_Charest,mask_mouth,Jean_Charest,True,0.014895552769303322
./data/processed/test/Jean_Charest/Jean_Charest_0006.jpg,Jean_Charest,mask_face_oval,Jiang_Zemin,False,0.009826197288930416
./data/processed/test/Jean_Charest/Jean_Charest_0006.jpg,Jean_Charest,mask_outside_face,Jean_Charest,True,0.014493468217551708
./data/processed/test/Jean_Charest/Jean_Charest_0006.jpg,Jean_Charest,dark,Jean_Charest,True,0.01483189407736063
./data/processed/test/Jean_Charest/Jean_Charest_0006.jpg,Jean_Charest,bright,Jean_Charest,True,0.014697978273034096
./data/processed/test/Jean_Charest/Jean_Charest_0016.jpg,Jean_Charest,original,Jean_Charest,True,0.01509801670908928
./data/processed/test/Jean_Charest/Jean_Charest_0016.jpg,Jean_Charest,mask_eyes,Jean_Charest,True,0.013996336609125137
./data/processed/test/Jean_Charest/Jean_Charest_0016.jpg,Jean_Charest,mask_nose,Jean_Charest,True,0.014892148785293102
./data/processed/test/Jean_Charest/Jean_Charest_0016.jpg,Jean_Charest,mask_mouth,Jean_Charest,True,0.014961954206228256
./data/processed/test/Jean_Charest/Jean_Charest_0016.jpg,Jean_Charest,mask_face_oval,Michael_Schumacher,False,0.009649474173784256
./data/processed/test/Jean_Charest/Jean_Charest_0016.jpg,Jean_Charest,mask_outside_face,Jean_Charest,True,0.014542728662490845
./data/processed/test/Jean_Charest/Jean_Charest_0016.jpg,Jean_Charest,dark,Jean_Charest,True,0.014912367798388004
./data/processed/test/Jean_Charest/Jean_Charest_0016.jpg,Jean_Charest,bright,Jean_Charest,True,0.015059377066791058
./data/processed/test/Jean_Chretien/Jean_Chretien_0006.jpg,Jean_Chretien,original,Jean_Chretien,True,0.03913278132677078
./data/processed/test/Jean_Chretien/Jean_Chretien_0006.jpg,Jean_Chretien,mask_eyes,Jean_Chretien,True,0.039147213101387024
./data/processed/test/Jean_Chretien/Jean_Chretien_0006.jpg,Jean_Chretien,mask_nose,Jean_Chretien,True,0.03911476582288742
./data/processed/test/Jean_Chretien/Jean_Chretien_0006.jpg,Jean_Chretien,mask_mouth,Jean_Chretien,True,0.039049603044986725
./data/processed/test/Jean_Chretien/Jean_Chretien_0006.jpg,Jean_Chretien,mask_face_oval,Jiang_Zemin,False,0.010495852679014206
./data/processed/test/Jean_Chretien/Jean_Chretien_0006.jpg,Jean_Chretien,mask_outside_face,Jean_Chretien,True,0.03882874548435211
./data/processed/test/Jean_Chretien/Jean_Chretien_0006.jpg,Jean_Chretien,dark,Jean_Chretien,True,0.039086464792490005
./data/processed/test/Jean_Chretien/Jean_Chretien_0006.jpg,Jean_Chretien,bright,Jean_Chretien,True,0.039076805114746094
./data/processed/test/Jean_Chretien/Jean_Chretien_0013.jpg,Jean_Chretien,original,Jean_Chretien,True,0.03904571384191513
./data/processed/test/Jean_Chretien/Jean_Chretien_0013.jpg,Jean_Chretien,mask_eyes,Jean_Chretien,True,0.038984473794698715
./data/processed/test/Jean_Chretien/Jean_Chretien_0013.jpg,Jean_Chretien,mask_nose,Jean_Chretien,True,0.039040256291627884
./data/processed/test/Jean_Chretien/Jean_Chretien_0013.jpg,Jean_Chretien,mask_mouth,Jean_Chretien,True,0.038936249911785126
./data/processed/test/Jean_Chretien/Jean_Chretien_0013.jpg,Jean_Chretien,mask_face_oval,Jiang_Zemin,False,0.010236776433885098
./data/processed/test/Jean_Chretien/Jean_Chretien_0013.jpg,Jean_Chretien,mask_outside_face,Jean_Chretien,True,0.0384012907743454
./data/processed/test/Jean_Chretien/Jean_Chretien_0013.jpg,Jean_Chretien,dark,Jean_Chretien,True,0.03911251574754715
./data/processed/test/Jean_Chretien/Jean_Chretien_0013.jpg,Jean_Chretien,bright,Jean_Chretien,True,0.03910665214061737
./data/processed/test/Jean_Chretien/Jean_Chretien_0014.jpg,Jean_Chretien,original,Jean_Chretien,True,0.039051927626132965
./data/processed/test/Jean_Chretien/Jean_Chretien_0014.jpg,Jean_Chretien,mask_eyes,Jean_Chretien,True,0.03888647258281708
./data/processed/test/Jean_Chretien/Jean_Chretien_0014.jpg,Jean_Chretien,mask_nose,Jean_Chretien,True,0.038455817848443985
./data/processed/test/Jean_Chretien/Jean_Chretien_0014.jpg,Jean_Chretien,mask_mouth,Jean_Chretien,True,0.038844164460897446
./data/processed/test/Jean_Chretien/Jean_Chretien_0014.jpg,Jean_Chretien,mask_face_oval,Jiang_Zemin,False,0.009830398485064507
./data/processed/test/Jean_Chretien/Jean_Chretien_0014.jpg,Jean_Chretien,mask_outside_face,Jean_Chretien,True,0.022972755134105682
./data/processed/test/Jean_Chretien/Jean_Chretien_0014.jpg,Jean_Chretien,dark,Jean_Chretien,True,0.03905903920531273
./data/processed/test/Jean_Chretien/Jean_Chretien_0014.jpg,Jean_Chretien,bright,Jean_Chretien,True,0.03902843967080116
./data/processed/test/Jean_Chretien/Jean_Chretien_0020.jpg,Jean_Chretien,original,Jean_Chretien,True,0.039070285856723785
./data/processed/test/Jean_Chretien/Jean_Chretien_0020.jpg,Jean_Chretien,mask_eyes,Jean_Chretien,True,0.03898681700229645
./data/processed/test/Jean_Chretien/Jean_Chretien_0020.jpg,Jean_Chretien,mask_nose,Jean_Chretien,True,0.03850630298256874
./data/processed/test/Jean_Chretien/Jean_Chretien_0020.jpg,Jean_Chretien,mask_mouth,Jean_Chretien,True,0.03815672546625137
./data/processed/test/Jean_Chretien/Jean_Chretien_0020.jpg,Jean_Chretien,mask_face_oval,Michael_Schumacher,False,0.010323990136384964
./data/processed/test/Jean_Chretien/Jean_Chretien_0020.jpg,Jean_Chretien,mask_outside_face,Jean_Chretien,True,0.03315410390496254
./data/processed/test/Jean_Chretien/Jean_Chretien_0020.jpg,Jean_Chretien,dark,Jean_Chretien,True,0.038873620331287384
./data/processed/test/Jean_Chretien/Jean_Chretien_0020.jpg,Jean_Chretien,bright,Jean_Chretien,True,0.03700464218854904
./data/processed/test/Jean_Chretien/Jean_Chretien_0027.jpg,Jean_Chretien,original,Jean_Chretien,True,0.03908664360642433
./data/processed/test/Jean_Chretien/Jean_Chretien_0027.jpg,Jean_Chretien,mask_eyes,Jean_Chretien,True,0.038991738110780716
./data/processed/test/Jean_Chretien/Jean_Chretien_0027.jpg,Jean_Chretien,mask_nose,Jean_Chretien,True,0.03869256004691124
./data/processed/test/Jean_Chretien/Jean_Chretien_0027.jpg,Jean_Chretien,mask_mouth,Jean_Chretien,True,0.038984231650829315
./data/processed/test/Jean_Chretien/Jean_Chretien_0027.jpg,Jean_Chretien,mask_face_oval,Michael_Schumacher,False,0.01022334210574627
./data/processed/test/Jean_Chretien/Jean_Chretien_0027.jpg,Jean_Chretien,mask_outside_face,Jean_Chretien,True,0.03814726322889328
./data/processed/test/Jean_Chretien/Jean_Chretien_0027.jpg,Jean_Chretien,dark,Jean_Chretien,True,0.039038680493831635
./data/processed/test/Jean_Chretien/Jean_Chretien_0027.jpg,Jean_Chretien,bright,Jean_Chretien,True,0.038606856018304825
./data/processed/test/Jean_Chretien/Jean_Chretien_0032.jpg,Jean_Chretien,original,Jean_Chretien,True,0.03911256790161133
./data/processed/test/Jean_Chretien/Jean_Chretien_0032.jpg,Jean_Chretien,mask_eyes,Jean_Chretien,True,0.039046503603458405
./data/processed/test/Jean_Chretien/Jean_Chretien_0032.jpg,Jean_Chretien,mask_nose,Jean_Chretien,True,0.03894433751702309
./data/processed/test/Jean_Chretien/Jean_Chretien_0032.jpg,Jean_Chretien,mask_mouth,Jean_Chretien,True,0.03901543840765953
./data/processed/test/Jean_Chretien/Jean_Chretien_0032.jpg,Jean_Chretien,mask_face_oval,Jiang_Zemin,False,0.010331413708627224
./data/processed/test/Jean_Chretien/Jean_Chretien_0032.jpg,Jean_Chretien,mask_outside_face,Jean_Chretien,True,0.03828950598835945
./data/processed/test/Jean_Chretien/Jean_Chretien_0032.jpg,Jean_Chretien,dark,Jean_Chretien,True,0.03907080367207527
./data/processed/test/Jean_Chretien/Jean_Chretien_0032.jpg,Jean_Chretien,bright,Jean_Chretien,True,0.03902949020266533
./data/processed/test/Jean_Chretien/Jean_Chretien_0033.jpg,Jean_Chretien,original,Jean_Chretien,True,0.03914615511894226
./data/processed/test/Jean_Chretien/Jean_Chretien_0033.jpg,Jean_Chretien,mask_eyes,Jean_Chretien,True,0.03905382379889488
./data/processed/test/Jean_Chretien/Jean_Chretien_0033.jpg,Jean_Chretien,mask_nose,Jean_Chretien,True,0.03878834471106529
./data/processed/test/Jean_Chretien/Jean_Chretien_0033.jpg,Jean_Chretien,mask_mouth,Jean_Chretien,True,0.038970690220594406
./data/processed/test/Jean_Chretien/Jean_Chretien_0033.jpg,Jean_Chretien,mask_face_oval,Jiang_Zemin,False,0.01077097188681364
./data/processed/test/Jean_Chretien/Jean_Chretien_0033.jpg,Jean_Chretien,mask_outside_face,Jean_Chretien,True,0.0380130298435688
./data/processed/test/Jean_Chretien/Jean_Chretien_0033.jpg,Jean_Chretien,dark,Jean_Chretien,True,0.039066411554813385
./data/processed/test/Jean_Chretien/Jean_Chretien_0033.jpg,Jean_Chretien,bright,Jean_Chretien,True,0.03765200078487396
./data/processed/test/Jean_Chretien/Jean_Chretien_0042.jpg,Jean_Chretien,original,Jean_Chretien,True,0.03922150656580925
./data/processed/test/Jean_Chretien/Jean_Chretien_0042.jpg,Jean_Chretien,mask_eyes,Jean_Chretien,True,0.03920533508062363
./data/processed/test/Jean_Chretien/Jean_Chretien_0042.jpg,Jean_Chretien,mask_nose,Jean_Chretien,True,0.03920169919729233
./data/processed/test/Jean_Chretien/Jean_Chretien_0042.jpg,Jean_Chretien,mask_mouth,Jean_Chretien,True,0.03906287997961044
./data/processed/test/Jean_Chretien/Jean_Chretien_0042.jpg,Jean_Chretien,mask_face_oval,Hugo_Chavez,False,0.010104245506227016
./data/processed/test/Jean_Chretien/Jean_Chretien_0042.jpg,Jean_Chretien,mask_outside_face,Jean_Chretien,True,0.03887048736214638
./data/processed/test/Jean_Chretien/Jean_Chretien_0042.jpg,Jean_Chretien,dark,Jean_Chretien,True,0.03919309750199318
./data/processed/test/Jean_Chretien/Jean_Chretien_0042.jpg,Jean_Chretien,bright,Jean_Chretien,True,0.039162471890449524
./data/processed/test/Jean_Chretien/Jean_Chretien_0044.jpg,Jean_Chretien,original,Jean_Chretien,True,0.03904153034090996
./data/processed/test/Jean_Chretien/Jean_Chretien_0044.jpg,Jean_Chretien,mask_eyes,Jean_Chretien,True,0.039046961814165115
./data/processed/test/Jean_Chretien/Jean_Chretien_0044.jpg,Jean_Chretien,mask_nose,Jean_Chretien,True,0.038676969707012177
./data/processed/test/Jean_Chretien/Jean_Chretien_0044.jpg,Jean_Chretien,mask_mouth,Jean_Chretien,True,0.03851786628365517
./data/processed/test/Jean_Chretien/Jean_Chretien_0044.jpg,Jean_Chretien,mask_face_oval,Jiang_Zemin,False,0.010191982612013817
./data/processed/test/Jean_Chretien/Jean_Chretien_0044.jpg,Jean_Chretien,mask_outside_face,Jean_Chretien,True,0.03538443520665169
./data/processed/test/Jean_Chretien/Jean_Chretien_0044.jpg,Jean_Chretien,dark,Jean_Chretien,True,0.0390109121799469
./data/processed/test/Jean_Chretien/Jean_Chretien_0044.jpg,Jean_Chretien,bright,Jean_Chretien,True,0.039009205996990204
./data/processed/test/Jean_Chretien/Jean_Chretien_0050.jpg,Jean_Chretien,original,Jean_Chretien,True,0.039027031511068344
./data/processed/test/Jean_Chretien/Jean_Chretien_0050.jpg,Jean_Chretien,mask_eyes,Jean_Chretien,True,0.03894522413611412
./data/processed/test/Jean_Chretien/Jean_Chretien_0050.jpg,Jean_Chretien,mask_nose,Jean_Chretien,True,0.038865845650434494
./data/processed/test/Jean_Chretien/Jean_Chretien_0050.jpg,Jean_Chretien,mask_mouth,Jean_Chretien,True,0.03900495916604996
./data/processed/test/Jean_Chretien/Jean_Chretien_0050.jpg,Jean_Chretien,mask_face_oval,Michael_Schumacher,False,0.010443105362355709
./data/processed/test/Jean_Chretien/Jean_Chretien_0050.jpg,Jean_Chretien,mask_outside_face,Jean_Chretien,True,0.03766576200723648
./data/processed/test/Jean_Chretien/Jean_Chretien_0050.jpg,Jean_Chretien,dark,Jean_Chretien,True,0.03878897428512573
./data/processed/test/Jean_Chretien/Jean_Chretien_0050.jpg,Jean_Chretien,bright,Jean_Chretien,True,0.03866049647331238
./data/processed/test/Jean_Chretien/Jean_Chretien_0053.jpg,Jean_Chretien,original,Jean_Chretien,True,0.03880659118294716
./data/processed/test/Jean_Chretien/Jean_Chretien_0053.jpg,Jean_Chretien,mask_eyes,Jean_Chretien,True,0.03859937563538551
./data/processed/test/Jean_Chretien/Jean_Chretien_0053.jpg,Jean_Chretien,mask_nose,Jean_Chretien,True,0.038311295211315155
./data/processed/test/Jean_Chretien/Jean_Chretien_0053.jpg,Jean_Chretien,mask_mouth,Jean_Chretien,True,0.037949640303850174
./data/processed/test/Jean_Chretien/Jean_Chretien_0053.jpg,Jean_Chretien,mask_face_oval,Jiang_Zemin,False,0.009674661792814732
./data/processed/test/Jean_Chretien/Jean_Chretien_0053.jpg,Jean_Chretien,mask_outside_face,Jean_Chretien,True,0.03229350969195366
./data/processed/test/Jean_Chretien/Jean_Chretien_0053.jpg,Jean_Chretien,dark,Jean_Chretien,True,0.03876461461186409
./data/processed/test/Jean_Chretien/Jean_Chretien_0053.jpg,Jean_Chretien,bright,Jean_Chretien,True,0.03883817791938782
./data/processed/test/Jeb_Bush/Jeb_Bush_0001.jpg,Jeb_Bush,original,Jeremy_Greenstock,False,0.015788884833455086
./data/processed/test/Jeb_Bush/Jeb_Bush_0001.jpg,Jeb_Bush,mask_eyes,Jeremy_Greenstock,False,0.01396916713565588
./data/processed/test/Jeb_Bush/Jeb_Bush_0001.jpg,Jeb_Bush,mask_nose,Jeremy_Greenstock,False,0.014684388414025307
./data/processed/test/Jeb_Bush/Jeb_Bush_0001.jpg,Jeb_Bush,mask_mouth,Jeremy_Greenstock,False,0.01499562244862318
./data/processed/test/Jeb_Bush/Jeb_Bush_0001.jpg,Jeb_Bush,mask_face_oval,Gerhard_Schroeder,False,0.012034743092954159
./data/processed/test/Jeb_Bush/Jeb_Bush_0001.jpg,Jeb_Bush,mask_outside_face,Jacques_Chirac,False,0.019167274236679077
./data/processed/test/Jeb_Bush/Jeb_Bush_0001.jpg,Jeb_Bush,dark,Jeremy_Greenstock,False,0.014955240301787853
./data/processed/test/Jeb_Bush/Jeb_Bush_0001.jpg,Jeb_Bush,bright,Jeremy_Greenstock,False,0.015565863810479641
./data/processed/test/Jeb_Bush/Jeb_Bush_0010.jpg,Jeb_Bush,original,Vicente_Fox,False,0.014238911680877209
./data/processed/test/Jeb_Bush/Jeb_Bush_0010.jpg,Jeb_Bush,mask_eyes,Vicente_Fox,False,0.011590109206736088
./data/processed/test/Jeb_Bush/Jeb_Bush_0010.jpg,Jeb_Bush,mask_nose,Vicente_Fox,False,0.013076817616820335
./data/processed/test/Jeb_Bush/Jeb_Bush_0010.jpg,Jeb_Bush,mask_mouth,Vicente_Fox,False,0.013038553297519684
./data/processed/test/Jeb_Bush/Jeb_Bush_0010.jpg,Jeb_Bush,mask_face_oval,Gerhard_Schroeder,False,0.011330261826515198
./data/processed/test/Jeb_Bush/Jeb_Bush_0010.jpg,Jeb_Bush,mask_outside_face,Vicente_Fox,False,0.011836499907076359
./data/processed/test/Jeb_Bush/Jeb_Bush_0010.jpg,Jeb_Bush,dark,Vicente_Fox,False,0.01206393912434578
./data/processed/test/Jeb_Bush/Jeb_Bush_0010.jpg,Jeb_Bush,bright,Vicente_Fox,False,0.014116533100605011
./data/processed/test/Jeb_Bush/Jeb_Bush_0011.jpg,Jeb_Bush,original,George_W_Bush,False,0.01831889897584915
./data/processed/test/Jeb_Bush/Jeb_Bush_0011.jpg,Jeb_Bush,mask_eyes,George_W_Bush,False,0.015929661691188812
./data/processed/test/Jeb_Bush/Jeb_Bush_0011.jpg,Jeb_Bush,mask_nose,George_W_Bush,False,0.027092725038528442
./data/processed/test/Jeb_Bush/Jeb_Bush_0011.jpg,Jeb_Bush,mask_mouth,George_W_Bush,False,0.02134394831955433
./data/processed/test/Jeb_Bush/Jeb_Bush_0011.jpg,Jeb_Bush,mask_face_oval,Recep_Tayyip_Erdogan,False,0.011085379868745804
./data/processed/test/Jeb_Bush/Jeb_Bush_0011.jpg,Jeb_Bush,mask_outside_face,David_Beckham,False,0.011327770538628101
./data/processed/test/Jeb_Bush/Jeb_Bush_0011.jpg,Jeb_Bush,dark,George_W_Bush,False,0.013441208750009537
./data/processed/test/Jeb_Bush/Jeb_Bush_0011.jpg,Jeb_Bush,bright,George_W_Bush,False,0.018594861030578613
./data/processed/test/Jennifer_Aniston/Jennifer_Aniston_0001.jpg,Jennifer_Aniston,original,Jennifer_Aniston,True,0.01525185164064169
./data/processed/test/Jennifer_Aniston/Jennifer_Aniston_0001.jpg,Jennifer_Aniston,mask_eyes,Jennifer_Aniston,True,0.014576321467757225
./data/processed/test/Jennifer_Aniston/Jennifer_Aniston_0001.jpg,Jennifer_Aniston,mask_nose,Jennifer_Aniston,True,0.015042409300804138
./data/processed/test/Jennifer_Aniston/Jennifer_Aniston_0001.jpg,Jennifer_Aniston,mask_mouth,Jennifer_Aniston,True,0.015122346580028534
./data/processed/test/Jennifer_Aniston/Jennifer_Aniston_0001.jpg,Jennifer_Aniston,mask_face_oval,Alejandro_Toledo,False,0.009937561117112637
./data/processed/test/Jennifer_Aniston/Jennifer_Aniston_0001.jpg,Jennifer_Aniston,mask_outside_face,Winona_Ryder,False,0.0118567431345582
./data/processed/test/Jennifer_Aniston/Jennifer_Aniston_0001.jpg,Jennifer_Aniston,dark,Jennifer_Aniston,True,0.015393725596368313
./data/processed/test/Jennifer_Aniston/Jennifer_Aniston_0001.jpg,Jennifer_Aniston,bright,Jennifer_Aniston,True,0.014734851196408272
./data/processed/test/Jennifer_Aniston/Jennifer_Aniston_0002.jpg,Jennifer_Aniston,original,Jennifer_Aniston,True,0.016695383936166763
./data/processed/test/Jennifer_Aniston/Jennifer_Aniston_0002.jpg,Jennifer_Aniston,mask_eyes,Jennifer_Aniston,True,0.016088318079710007
./data/processed/test/Jennifer_Aniston/Jennifer_Aniston_0002.jpg,Jennifer_Aniston,mask_nose,Jennifer_Aniston,True,0.01640588603913784
./data/processed/test/Jennifer_Aniston/Jennifer_Aniston_0002.jpg,Jennifer_Aniston,mask_mouth,Jennifer_Aniston,True,0.016491498798131943
./data/processed/test/Jennifer_Aniston/Jennifer_Aniston_0002.jpg,Jennifer_Aniston,mask_face_oval,Jennifer_Aniston,True,0.009409330785274506
./data/processed/test/Jennifer_Aniston/Jennifer_Aniston_0002.jpg,Jennifer_Aniston,mask_outside_face,Jennifer_Aniston,True,0.013062565587460995
./data/processed/test/Jennifer_Aniston/Jennifer_Aniston_0002.jpg,Jennifer_Aniston,dark,Jennifer_Aniston,True,0.01668979413807392
./data/processed/test/Jennifer_Aniston/Jennifer_Aniston_0002.jpg,Jennifer_Aniston,bright,Jennifer_Aniston,True,0.01643918827176094
./data/processed/test/Jennifer_Aniston/Jennifer_Aniston_0009.jpg,Jennifer_Aniston,original,Jennifer_Aniston,True,0.016997436061501503
./data/processed/test/Jennifer_Aniston/Jennifer_Aniston_0009.jpg,Jennifer_Aniston,mask_eyes,Jennifer_Aniston,True,0.0169279295951128
./data/processed/test/Jennifer_Aniston/Jennifer_Aniston_0009.jpg,Jennifer_Aniston,mask_nose,Jennifer_Aniston,True,0.016893722116947174
./data/processed/test/Jennifer_Aniston/Jennifer_Aniston_0009.jpg,Jennifer_Aniston,mask_mouth,Jennifer_Aniston,True,0.01686124876141548
./data/processed/test/Jennifer_Aniston/Jennifer_Aniston_0009.jpg,Jennifer_Aniston,mask_face_oval,Jiang_Zemin,False,0.008997056633234024
./data/processed/test/Jennifer_Aniston/Jennifer_Aniston_0009.jpg,Jennifer_Aniston,mask_outside_face,Jennifer_Aniston,True,0.014389730989933014
./data/processed/test/Jennifer_Aniston/Jennifer_Aniston_0009.jpg,Jennifer_Aniston,dark,Jennifer_Aniston,True,0.016939518973231316
./data/processed/test/Jennifer_Aniston/Jennifer_Aniston_0009.jpg,Jennifer_Aniston,bright,Jennifer_Aniston,True,0.016864178702235222
./data/processed/test/Jennifer_Aniston/Jennifer_Aniston_0016.jpg,Jennifer_Aniston,original,Jennifer_Aniston,True,0.0162934809923172
./data/processed/test/Jennifer_Aniston/Jennifer_Aniston_0016.jpg,Jennifer_Aniston,mask_eyes,Jennifer_Aniston,True,0.01646594889461994
./data/processed/test/Jennifer_Aniston/Jennifer_Aniston_0016.jpg,Jennifer_Aniston,mask_nose,Jennifer_Aniston,True,0.01641797088086605
./data/processed/test/Jennifer_Aniston/Jennifer_Aniston_0016.jpg,Jennifer_Aniston,mask_mouth,Jennifer_Aniston,True,0.01618344709277153
./data/processed/test/Jennifer_Aniston/Jennifer_Aniston_0016.jpg,Jennifer_Aniston,mask_face_oval,Jennifer_Aniston,True,0.009971330873668194
./data/processed/test/Jennifer_Aniston/Jennifer_Aniston_0016.jpg,Jennifer_Aniston,mask_outside_face,Angelina_Jolie,False,0.011147286742925644
./data/processed/test/Jennifer_Aniston/Jennifer_Aniston_0016.jpg,Jennifer_Aniston,dark,Jennifer_Aniston,True,0.016519533470273018
./data/processed/test/Jennifer_Aniston/Jennifer_Aniston_0016.jpg,Jennifer_Aniston,bright,Jennifer_Aniston,True,0.01578826643526554
./data/processed/test/Jennifer_Aniston/Jennifer_Aniston_0018.jpg,Jennifer_Aniston,original,Jennifer_Aniston,True,0.016210628673434258
./data/processed/test/Jennifer_Aniston/Jennifer_Aniston_0018.jpg,Jennifer_Aniston,mask_eyes,Jennifer_Aniston,True,0.01640019379556179
./data/processed/test/Jennifer_Aniston/Jennifer_Aniston_0018.jpg,Jennifer_Aniston,mask_nose,Jennifer_Aniston,True,0.016270296648144722
./data/processed/test/Jennifer_Aniston/Jennifer_Aniston_0018.jpg,Jennifer_Aniston,mask_mouth,Jennifer_Aniston,True,0.016334300860762596
./data/processed/test/Jennifer_Aniston/Jennifer_Aniston_0018.jpg,Jennifer_Aniston,mask_face_oval,Alejandro_Toledo,False,0.009123625233769417
./data/processed/test/Jennifer_Aniston/Jennifer_Aniston_0018.jpg,Jennifer_Aniston,mask_outside_face,Jennifer_Aniston,True,0.012645334005355835
./data/processed/test/Jennifer_Aniston/Jennifer_Aniston_0018.jpg,Jennifer_Aniston,dark,Jennifer_Aniston,True,0.0162196047604084
./data/processed/test/Jennifer_Aniston/Jennifer_Aniston_0018.jpg,Jennifer_Aniston,bright,Jennifer_Aniston,True,0.016209078952670097
./data/processed/test/Jennifer_Capriati/Jennifer_Capriati_0005.jpg,Jennifer_Capriati,original,Jennifer_Capriati,True,0.025700455531477928
./data/processed/test/Jennifer_Capriati/Jennifer_Capriati_0005.jpg,Jennifer_Capriati,mask_eyes,Jennifer_Capriati,True,0.020622605457901955
./data/processed/test/Jennifer_Capriati/Jennifer_Capriati_0005.jpg,Jennifer_Capriati,mask_nose,Jennifer_Capriati,True,0.022980663925409317
./data/processed/test/Jennifer_Capriati/Jennifer_Capriati_0005.jpg,Jennifer_Capriati,mask_mouth,Jennifer_Capriati,True,0.02589890919625759
./data/processed/test/Jennifer_Capriati/Jennifer_Capriati_0005.jpg,Jennifer_Capriati,mask_face_oval,Michael_Schumacher,False,0.010692530311644077
./data/processed/test/Jennifer_Capriati/Jennifer_Capriati_0005.jpg,Jennifer_Capriati,mask_outside_face,Jennifer_Capriati,True,0.02429637685418129
./data/processed/test/Jennifer_Capriati/Jennifer_Capriati_0005.jpg,Jennifer_Capriati,dark,Jennifer_Capriati,True,0.024715207517147064
./data/processed/test/Jennifer_Capriati/Jennifer_Capriati_0005.jpg,Jennifer_Capriati,bright,Jennifer_Capriati,True,0.025899751111865044
./data/processed/test/Jennifer_Capriati/Jennifer_Capriati_0009.jpg,Jennifer_Capriati,original,Jennifer_Capriati,True,0.026494117453694344
./data/processed/test/Jennifer_Capriati/Jennifer_Capriati_0009.jpg,Jennifer_Capriati,mask_eyes,Jennifer_Capriati,True,0.026108745485544205
./data/processed/test/Jennifer_Capriati/Jennifer_Capriati_0009.jpg,Jennifer_Capriati,mask_nose,Jennifer_Capriati,True,0.02653639204800129
./data/processed/test/Jennifer_Capriati/Jennifer_Capriati_0009.jpg,Jennifer_Capriati,mask_mouth,Jennifer_Capriati,True,0.026354340836405754
./data/processed/test/Jennifer_Capriati/Jennifer_Capriati_0009.jpg,Jennifer_Capriati,mask_face_oval,Hugo_Chavez,False,0.011882892809808254
./data/processed/test/Jennifer_Capriati/Jennifer_Capriati_0009.jpg,Jennifer_Capriati,mask_outside_face,Jennifer_Capriati,True,0.026403427124023438
./data/processed/test/Jennifer_Capriati/Jennifer_Capriati_0009.jpg,Jennifer_Capriati,dark,Jennifer_Capriati,True,0.026485489681363106
./data/processed/test/Jennifer_Capriati/Jennifer_Capriati_0009.jpg,Jennifer_Capriati,bright,Jennifer_Capriati,True,0.026496751233935356
./data/processed/test/Jennifer_Capriati/Jennifer_Capriati_0014.jpg,Jennifer_Capriati,original,Jennifer_Capriati,True,0.026253893971443176
./data/processed/test/Jennifer_Capriati/Jennifer_Capriati_0014.jpg,Jennifer_Capriati,mask_eyes,Jennifer_Capriati,True,0.02517344057559967
./data/processed/test/Jennifer_Capriati/Jennifer_Capriati_0014.jpg,Jennifer_Capriati,mask_nose,Jennifer_Capriati,True,0.024321293458342552
./data/processed/test/Jennifer_Capriati/Jennifer_Capriati_0014.jpg,Jennifer_Capriati,mask_mouth,Jennifer_Capriati,True,0.026289604604244232
./data/processed/test/Jennifer_Capriati/Jennifer_Capriati_0014.jpg,Jennifer_Capriati,mask_face_oval,Alejandro_Toledo,False,0.011590815149247646
./data/processed/test/Jennifer_Capriati/Jennifer_Capriati_0014.jpg,Jennifer_Capriati,mask_outside_face,Jennifer_Capriati,True,0.026319172233343124
./data/processed/test/Jennifer_Capriati/Jennifer_Capriati_0014.jpg,Jennifer_Capriati,dark,Jennifer_Capriati,True,0.026233870536088943
./data/processed/test/Jennifer_Capriati/Jennifer_Capriati_0014.jpg,Jennifer_Capriati,bright,Jennifer_Capriati,True,0.026123084127902985
./data/processed/test/Jennifer_Capriati/Jennifer_Capriati_0020.jpg,Jennifer_Capriati,original,Jennifer_Capriati,True,0.02649831585586071
./data/processed/test/Jennifer_Capriati/Jennifer_Capriati_0020.jpg,Jennifer_Capriati,mask_eyes,Jennifer_Capriati,True,0.026355911046266556
./data/processed/test/Jennifer_Capriati/Jennifer_Capriati_0020.jpg,Jennifer_Capriati,mask_nose,Jennifer_Capriati,True,0.026384007185697556
./data/processed/test/Jennifer_Capriati/Jennifer_Capriati_0020.jpg,Jennifer_Capriati,mask_mouth,Jennifer_Capriati,True,0.026532446965575218
./data/processed/test/Jennifer_Capriati/Jennifer_Capriati_0020.jpg,Jennifer_Capriati,mask_face_oval,Hugo_Chavez,False,0.011866448447108269
./data/processed/test/Jennifer_Capriati/Jennifer_Capriati_0020.jpg,Jennifer_Capriati,mask_outside_face,Jennifer_Capriati,True,0.02646475099027157
./data/processed/test/Jennifer_Capriati/Jennifer_Capriati_0020.jpg,Jennifer_Capriati,dark,Jennifer_Capriati,True,0.02648754231631756
./data/processed/test/Jennifer_Capriati/Jennifer_Capriati_0020.jpg,Jennifer_Capriati,bright,Jennifer_Capriati,True,0.026496034115552902
./data/processed/test/Jennifer_Capriati/Jennifer_Capriati_0026.jpg,Jennifer_Capriati,original,Jennifer_Capriati,True,0.026561910286545753
./data/processed/test/Jennifer_Capriati/Jennifer_Capriati_0026.jpg,Jennifer_Capriati,mask_eyes,Jennifer_Capriati,True,0.026206381618976593
./data/processed/test/Jennifer_Capriati/Jennifer_Capriati_0026.jpg,Jennifer_Capriati,mask_nose,Jennifer_Capriati,True,0.026533979922533035
./data/processed/test/Jennifer_Capriati/Jennifer_Capriati_0026.jpg,Jennifer_Capriati,mask_mouth,Jennifer_Capriati,True,0.026483897119760513
./data/processed/test/Jennifer_Capriati/Jennifer_Capriati_0026.jpg,Jennifer_Capriati,mask_face_oval,Michael_Schumacher,False,0.010503812693059444
./data/processed/test/Jennifer_Capriati/Jennifer_Capriati_0026.jpg,Jennifer_Capriati,mask_outside_face,Jennifer_Capriati,True,0.02641485631465912
./data/processed/test/Jennifer_Capriati/Jennifer_Capriati_0026.jpg,Jennifer_Capriati,dark,Jennifer_Capriati,True,0.02654290571808815
./data/processed/test/Jennifer_Capriati/Jennifer_Capriati_0026.jpg,Jennifer_Capriati,bright,Jennifer_Capriati,True,0.026555927470326424
./data/processed/test/Jennifer_Capriati/Jennifer_Capriati_0027.jpg,Jennifer_Capriati,original,Jennifer_Capriati,True,0.026538552716374397
./data/processed/test/Jennifer_Capriati/Jennifer_Capriati_0027.jpg,Jennifer_Capriati,mask_eyes,Jennifer_Capriati,True,0.026258904486894608
./data/processed/test/Jennifer_Capriati/Jennifer_Capriati_0027.jpg,Jennifer_Capriati,mask_nose,Jennifer_Capriati,True,0.026465926319360733
./data/processed/test/Jennifer_Capriati/Jennifer_Capriati_0027.jpg,Jennifer_Capriati,mask_mouth,Jennifer_Capriati,True,0.0264776349067688
./data/processed/test/Jennifer_Capriati/Jennifer_Capriati_0027.jpg,Jennifer_Capriati,mask_face_oval,Ariel_Sharon,False,0.009455111809074879
./data/processed/test/Jennifer_Capriati/Jennifer_Capriati_0027.jpg,Jennifer_Capriati,mask_outside_face,Jennifer_Capriati,True,0.026478957384824753
./data/processed/test/Jennifer_Capriati/Jennifer_Capriati_0027.jpg,Jennifer_Capriati,dark,Jennifer_Capriati,True,0.02651089057326317
./data/processed/test/Jennifer_Capriati/Jennifer_Capriati_0027.jpg,Jennifer_Capriati,bright,Jennifer_Capriati,True,0.02654528245329857
./data/processed/test/Jennifer_Capriati/Jennifer_Capriati_0030.jpg,Jennifer_Capriati,original,Jennifer_Capriati,True,0.026038510724902153
./data/processed/test/Jennifer_Capriati/Jennifer_Capriati_0030.jpg,Jennifer_Capriati,mask_eyes,Jennifer_Capriati,True,0.02427675947546959
./data/processed/test/Jennifer_Capriati/Jennifer_Capriati_0030.jpg,Jennifer_Capriati,mask_nose,Jennifer_Capriati,True,0.025327354669570923
./data/processed/test/Jennifer_Capriati/Jennifer_Capriati_0030.jpg,Jennifer_Capriati,mask_mouth,Jennifer_Capriati,True,0.025629473850131035
./data/processed/test/Jennifer_Capriati/Jennifer_Capriati_0030.jpg,Jennifer_Capriati,mask_face_oval,Hugo_Chavez,False,0.01142018474638462
./data/processed/test/Jennifer_Capriati/Jennifer_Capriati_0030.jpg,Jennifer_Capriati,mask_outside_face,Jennifer_Capriati,True,0.026280708611011505
./data/processed/test/Jennifer_Capriati/Jennifer_Capriati_0030.jpg,Jennifer_Capriati,dark,Jennifer_Capriati,True,0.0259152352809906
./data/processed/test/Jennifer_Capriati/Jennifer_Capriati_0030.jpg,Jennifer_Capriati,bright,Jennifer_Capriati,True,0.025840340182185173
./data/processed/test/Jennifer_Capriati/Jennifer_Capriati_0031.jpg,Jennifer_Capriati,original,Jennifer_Capriati,True,0.024712707847356796
./data/processed/test/Jennifer_Capriati/Jennifer_Capriati_0031.jpg,Jennifer_Capriati,mask_eyes,Jennifer_Capriati,True,0.021077405661344528
./data/processed/test/Jennifer_Capriati/Jennifer_Capriati_0031.jpg,Jennifer_Capriati,mask_nose,Jennifer_Capriati,True,0.013922053389251232
./data/processed/test/Jennifer_Capriati/Jennifer_Capriati_0031.jpg,Jennifer_Capriati,mask_mouth,Jennifer_Capriati,True,0.025771131739020348
./data/processed/test/Jennifer_Capriati/Jennifer_Capriati_0031.jpg,Jennifer_Capriati,mask_face_oval,Michael_Schumacher,False,0.010185997933149338
./data/processed/test/Jennifer_Capriati/Jennifer_Capriati_0031.jpg,Jennifer_Capriati,mask_outside_face,Jennifer_Capriati,True,0.018274899572134018
./data/processed/test/Jennifer_Capriati/Jennifer_Capriati_0031.jpg,Jennifer_Capriati,dark,Jennifer_Capriati,True,0.024098865687847137
./data/processed/test/Jennifer_Capriati/Jennifer_Capriati_0031.jpg,Jennifer_Capriati,bright,Jennifer_Capriati,True,0.022121982648968697
./data/processed/test/Jennifer_Capriati/Jennifer_Capriati_0040.jpg,Jennifer_Capriati,original,Jennifer_Capriati,True,0.02376634068787098
./data/processed/test/Jennifer_Capriati/Jennifer_Capriati_0040.jpg,Jennifer_Capriati,mask_eyes,Jennifer_Capriati,True,0.018674153834581375
./data/processed/test/Jennifer_Capriati/Jennifer_Capriati_0040.jpg,Jennifer_Capriati,mask_nose,Jennifer_Capriati,True,0.013018686324357986
./data/processed/test/Jennifer_Capriati/Jennifer_Capriati_0040.jpg,Jennifer_Capriati,mask_mouth,Jennifer_Capriati,True,0.024511218070983887
./data/processed/test/Jennifer_Capriati/Jennifer_Capriati_0040.jpg,Jennifer_Capriati,mask_face_oval,Hugo_Chavez,False,0.012763618491590023
./data/processed/test/Jennifer_Capriati/Jennifer_Capriati_0040.jpg,Jennifer_Capriati,mask_outside_face,Tom_Ridge,False,0.01156538538634777
./data/processed/test/Jennifer_Capriati/Jennifer_Capriati_0040.jpg,Jennifer_Capriati,dark,Jennifer_Capriati,True,0.023991206660866737
./data/processed/test/Jennifer_Capriati/Jennifer_Capriati_0040.jpg,Jennifer_Capriati,bright,Jennifer_Capriati,True,0.021973328664898872
./data/processed/test/Jennifer_Garner/Jennifer_Garner_0001.jpg,Jennifer_Garner,original,Angelina_Jolie,False,0.013306358829140663
./data/processed/test/Jennifer_Garner/Jennifer_Garner_0001.jpg,Jennifer_Garner,mask_eyes,Angelina_Jolie,False,0.013416878879070282
./data/processed/test/Jennifer_Garner/Jennifer_Garner_0001.jpg,Jennifer_Garner,mask_nose,Angelina_Jolie,False,0.013564539141952991
./data/processed/test/Jennifer_Garner/Jennifer_Garner_0001.jpg,Jennifer_Garner,mask_mouth,Angelina_Jolie,False,0.013081026263535023
./data/processed/test/Jennifer_Garner/Jennifer_Garner_0001.jpg,Jennifer_Garner,mask_face_oval,Hamid_Karzai,False,0.009127447381615639
./data/processed/test/Jennifer_Garner/Jennifer_Garner_0001.jpg,Jennifer_Garner,mask_outside_face,Angelina_Jolie,False,0.010872706770896912
./data/processed/test/Jennifer_Garner/Jennifer_Garner_0001.jpg,Jennifer_Garner,dark,Angelina_Jolie,False,0.013058299198746681
./data/processed/test/Jennifer_Garner/Jennifer_Garner_0001.jpg,Jennifer_Garner,bright,Angelina_Jolie,False,0.013029673136770725
./data/processed/test/Jennifer_Garner/Jennifer_Garner_0010.jpg,Jennifer_Garner,original,Angelina_Jolie,False,0.011027674190700054
./data/processed/test/Jennifer_Garner/Jennifer_Garner_0010.jpg,Jennifer_Garner,mask_eyes,Angelina_Jolie,False,0.011926691047847271
./data/processed/test/Jennifer_Garner/Jennifer_Garner_0010.jpg,Jennifer_Garner,mask_nose,Winona_Ryder,False,0.011452680453658104
./data/processed/test/Jennifer_Garner/Jennifer_Garner_0010.jpg,Jennifer_Garner,mask_mouth,Winona_Ryder,False,0.011593379080295563
./data/processed/test/Jennifer_Garner/Jennifer_Garner_0010.jpg,Jennifer_Garner,mask_face_oval,Michael_Schumacher,False,0.00985200610011816
./data/processed/test/Jennifer_Garner/Jennifer_Garner_0010.jpg,Jennifer_Garner,mask_outside_face,Nicole_Kidman,False,0.011067190207540989
./data/processed/test/Jennifer_Garner/Jennifer_Garner_0010.jpg,Jennifer_Garner,dark,Angelina_Jolie,False,0.010910522192716599
./data/processed/test/Jennifer_Garner/Jennifer_Garner_0010.jpg,Jennifer_Garner,bright,Angelina_Jolie,False,0.011170051991939545
./data/processed/test/Jennifer_Garner/Jennifer_Garner_0011.jpg,Jennifer_Garner,original,Jennifer_Lopez,False,0.010841145180165768
./data/processed/test/Jennifer_Garner/Jennifer_Garner_0011.jpg,Jennifer_Garner,mask_eyes,Angelina_Jolie,False,0.012087676674127579
./data/processed/test/Jennifer_Garner/Jennifer_Garner_0011.jpg,Jennifer_Garner,mask_nose,Angelina_Jolie,False,0.010893200524151325
./data/processed/test/Jennifer_Garner/Jennifer_Garner_0011.jpg,Jennifer_Garner,mask_mouth,Jennifer_Lopez,False,0.011270187795162201
./data/processed/test/Jennifer_Garner/Jennifer_Garner_0011.jpg,Jennifer_Garner,mask_face_oval,Hugo_Chavez,False,0.01151581946760416
./data/processed/test/Jennifer_Garner/Jennifer_Garner_0011.jpg,Jennifer_Garner,mask_outside_face,Meryl_Streep,False,0.011151681654155254
./data/processed/test/Jennifer_Garner/Jennifer_Garner_0011.jpg,Jennifer_Garner,dark,Jennifer_Lopez,False,0.01051588449627161
./data/processed/test/Jennifer_Garner/Jennifer_Garner_0011.jpg,Jennifer_Garner,bright,Jennifer_Capriati,False,0.010708375833928585
./data/processed/test/Jennifer_Lopez/Jennifer_Lopez_0001.jpg,Jennifer_Lopez,original,Jennifer_Lopez,True,0.016169141978025436
./data/processed/test/Jennifer_Lopez/Jennifer_Lopez_0001.jpg,Jennifer_Lopez,mask_eyes,Angelina_Jolie,False,0.014150742441415787
./data/processed/test/Jennifer_Lopez/Jennifer_Lopez_0001.jpg,Jennifer_Lopez,mask_nose,Jennifer_Lopez,True,0.01620098017156124
./data/processed/test/Jennifer_Lopez/Jennifer_Lopez_0001.jpg,Jennifer_Lopez,mask_mouth,Jennifer_Lopez,True,0.01615240052342415
./data/processed/test/Jennifer_Lopez/Jennifer_Lopez_0001.jpg,Jennifer_Lopez,mask_face_oval,Ariel_Sharon,False,0.010289445519447327
./data/processed/test/Jennifer_Lopez/Jennifer_Lopez_0001.jpg,Jennifer_Lopez,mask_outside_face,Jennifer_Lopez,True,0.015025247819721699
./data/processed/test/Jennifer_Lopez/Jennifer_Lopez_0001.jpg,Jennifer_Lopez,dark,Jennifer_Lopez,True,0.015809714794158936
./data/processed/test/Jennifer_Lopez/Jennifer_Lopez_0001.jpg,Jennifer_Lopez,bright,Jennifer_Lopez,True,0.01633106917142868
./data/processed/test/Jennifer_Lopez/Jennifer_Lopez_0002.jpg,Jennifer_Lopez,original,Jennifer_Lopez,True,0.012112659402191639
./data/processed/test/Jennifer_Lopez/Jennifer_Lopez_0002.jpg,Jennifer_Lopez,mask_eyes,Angelina_Jolie,False,0.011975050903856754
./data/processed/test/Jennifer_Lopez/Jennifer_Lopez_0002.jpg,Jennifer_Lopez,mask_nose,Jennifer_Lopez,True,0.01174346823245287
./data/processed/test/Jennifer_Lopez/Jennifer_Lopez_0002.jpg,Jennifer_Lopez,mask_mouth,Jennifer_Lopez,True,0.012254325672984123
./data/processed/test/Jennifer_Lopez/Jennifer_Lopez_0002.jpg,Jennifer_Lopez,mask_face_oval,Jiang_Zemin,False,0.00947358924895525
./data/processed/test/Jennifer_Lopez/Jennifer_Lopez_0002.jpg,Jennifer_Lopez,mask_outside_face,Jennifer_Lopez,True,0.01207616925239563
./data/processed/test/Jennifer_Lopez/Jennifer_Lopez_0002.jpg,Jennifer_Lopez,dark,Jennifer_Lopez,True,0.011882186867296696
./data/processed/test/Jennifer_Lopez/Jennifer_Lopez_0002.jpg,Jennifer_Lopez,bright,Jennifer_Lopez,True,0.012510871514678001
./data/processed/test/Jennifer_Lopez/Jennifer_Lopez_0009.jpg,Jennifer_Lopez,original,Jennifer_Lopez,True,0.01678670011460781
./data/processed/test/Jennifer_Lopez/Jennifer_Lopez_0009.jpg,Jennifer_Lopez,mask_eyes,Jennifer_Lopez,True,0.0164949968457222
./data/processed/test/Jennifer_Lopez/Jennifer_Lopez_0009.jpg,Jennifer_Lopez,mask_nose,Jennifer_Lopez,True,0.016637928783893585
./data/processed/test/Jennifer_Lopez/Jennifer_Lopez_0009.jpg,Jennifer_Lopez,mask_mouth,Jennifer_Lopez,True,0.016753703355789185
./data/processed/test/Jennifer_Lopez/Jennifer_Lopez_0009.jpg,Jennifer_Lopez,mask_face_oval,Arnold_Schwarzenegger,False,0.009664330631494522
./data/processed/test/Jennifer_Lopez/Jennifer_Lopez_0009.jpg,Jennifer_Lopez,mask_outside_face,Jennifer_Lopez,True,0.01663258485496044
./data/processed/test/Jennifer_Lopez/Jennifer_Lopez_0009.jpg,Jennifer_Lopez,dark,Jennifer_Lopez,True,0.01680203154683113
./data/processed/test/Jennifer_Lopez/Jennifer_Lopez_0009.jpg,Jennifer_Lopez,bright,Jennifer_Lopez,True,0.01676185429096222
./data/processed/test/Jennifer_Lopez/Jennifer_Lopez_0016.jpg,Jennifer_Lopez,original,Jennifer_Lopez,True,0.016585446894168854
./data/processed/test/Jennifer_Lopez/Jennifer_Lopez_0016.jpg,Jennifer_Lopez,mask_eyes,Jennifer_Lopez,True,0.015128608793020248
./data/processed/test/Jennifer_Lopez/Jennifer_Lopez_0016.jpg,Jennifer_Lopez,mask_nose,Jennifer_Lopez,True,0.016534125432372093
./data/processed/test/Jennifer_Lopez/Jennifer_Lopez_0016.jpg,Jennifer_Lopez,mask_mouth,Jennifer_Lopez,True,0.0165593009442091
./data/processed/test/Jennifer_Lopez/Jennifer_Lopez_0016.jpg,Jennifer_Lopez,mask_face_oval,George_Robertson,False,0.009595627896487713
./data/processed/test/Jennifer_Lopez/Jennifer_Lopez_0016.jpg,Jennifer_Lopez,mask_outside_face,Jennifer_Lopez,True,0.01644170843064785
./data/processed/test/Jennifer_Lopez/Jennifer_Lopez_0016.jpg,Jennifer_Lopez,dark,Jennifer_Lopez,True,0.01666855998337269
./data/processed/test/Jennifer_Lopez/Jennifer_Lopez_0016.jpg,Jennifer_Lopez,bright,Jennifer_Lopez,True,0.016567153856158257
./data/processed/test/Jennifer_Lopez/Jennifer_Lopez_0018.jpg,Jennifer_Lopez,original,Jennifer_Lopez,True,0.012491349130868912
./data/processed/test/Jennifer_Lopez/Jennifer_Lopez_0018.jpg,Jennifer_Lopez,mask_eyes,Jennifer_Lopez,True,0.011530529707670212
./data/processed/test/Jennifer_Lopez/Jennifer_Lopez_0018.jpg,Jennifer_Lopez,mask_nose,Jennifer_Lopez,True,0.01304988469928503
./data/processed/test/Jennifer_Lopez/Jennifer_Lopez_0018.jpg,Jennifer_Lopez,mask_mouth,Jennifer_Lopez,True,0.011760176159441471
./data/processed/test/Jennifer_Lopez/Jennifer_Lopez_0018.jpg,Jennifer_Lopez,mask_face_oval,Hamid_Karzai,False,0.008903630077838898
./data/processed/test/Jennifer_Lopez/Jennifer_Lopez_0018.jpg,Jennifer_Lopez,mask_outside_face,Jennifer_Lopez,True,0.011559465900063515
./data/processed/test/Jennifer_Lopez/Jennifer_Lopez_0018.jpg,Jennifer_Lopez,dark,Jennifer_Lopez,True,0.01246960461139679
./data/processed/test/Jennifer_Lopez/Jennifer_Lopez_0018.jpg,Jennifer_Lopez,bright,Jennifer_Lopez,True,0.012688843533396721
./data/processed/test/Jeremy_Greenstock/Jeremy_Greenstock_0001.jpg,Jeremy_Greenstock,original,Jeremy_Greenstock,True,0.01951615884900093
./data/processed/test/Jeremy_Greenstock/Jeremy_Greenstock_0001.jpg,Jeremy_Greenstock,mask_eyes,Jeremy_Greenstock,True,0.019422512501478195
./data/processed/test/Jeremy_Greenstock/Jeremy_Greenstock_0001.jpg,Jeremy_Greenstock,mask_nose,Jeremy_Greenstock,True,0.019480222836136818
./data/processed/test/Jeremy_Greenstock/Jeremy_Greenstock_0001.jpg,Jeremy_Greenstock,mask_mouth,Jeremy_Greenstock,True,0.019474735483527184
./data/processed/test/Jeremy_Greenstock/Jeremy_Greenstock_0001.jpg,Jeremy_Greenstock,mask_face_oval,Jiang_Zemin,False,0.010237688198685646
./data/processed/test/Jeremy_Greenstock/Jeremy_Greenstock_0001.jpg,Jeremy_Greenstock,mask_outside_face,Jeremy_Greenstock,True,0.01918174885213375
./data/processed/test/Jeremy_Greenstock/Jeremy_Greenstock_0001.jpg,Jeremy_Greenstock,dark,Jeremy_Greenstock,True,0.01954476907849312
./data/processed/test/Jeremy_Greenstock/Jeremy_Greenstock_0001.jpg,Jeremy_Greenstock,bright,Jeremy_Greenstock,True,0.01945691555738449
./data/processed/test/Jeremy_Greenstock/Jeremy_Greenstock_0009.jpg,Jeremy_Greenstock,original,Jeremy_Greenstock,True,0.019393371418118477
./data/processed/test/Jeremy_Greenstock/Jeremy_Greenstock_0009.jpg,Jeremy_Greenstock,mask_eyes,Jeremy_Greenstock,True,0.019275611266493797
./data/processed/test/Jeremy_Greenstock/Jeremy_Greenstock_0009.jpg,Jeremy_Greenstock,mask_nose,Jeremy_Greenstock,True,0.019347336143255234
./data/processed/test/Jeremy_Greenstock/Jeremy_Greenstock_0009.jpg,Jeremy_Greenstock,mask_mouth,Jeremy_Greenstock,True,0.019418252632021904
./data/processed/test/Jeremy_Greenstock/Jeremy_Greenstock_0009.jpg,Jeremy_Greenstock,mask_face_oval,Jiang_Zemin,False,0.010787391103804111
./data/processed/test/Jeremy_Greenstock/Jeremy_Greenstock_0009.jpg,Jeremy_Greenstock,mask_outside_face,Jeremy_Greenstock,True,0.018167348578572273
./data/processed/test/Jeremy_Greenstock/Jeremy_Greenstock_0009.jpg,Jeremy_Greenstock,dark,Jeremy_Greenstock,True,0.01922794058918953
./data/processed/test/Jeremy_Greenstock/Jeremy_Greenstock_0009.jpg,Jeremy_Greenstock,bright,Jeremy_Greenstock,True,0.018849531188607216
./data/processed/test/Jeremy_Greenstock/Jeremy_Greenstock_0012.jpg,Jeremy_Greenstock,original,Jeremy_Greenstock,True,0.019426673650741577
./data/processed/test/Jeremy_Greenstock/Jeremy_Greenstock_0012.jpg,Jeremy_Greenstock,mask_eyes,Jeremy_Greenstock,True,0.019262265413999557
./data/processed/test/Jeremy_Greenstock/Jeremy_Greenstock_0012.jpg,Jeremy_Greenstock,mask_nose,Jeremy_Greenstock,True,0.019398078322410583
./data/processed/test/Jeremy_Greenstock/Jeremy_Greenstock_0012.jpg,Jeremy_Greenstock,mask_mouth,Jeremy_Greenstock,True,0.01937144808471203
./data/processed/test/Jeremy_Greenstock/Jeremy_Greenstock_0012.jpg,Jeremy_Greenstock,mask_face_oval,Arnold_Schwarzenegger,False,0.010546814650297165
./data/processed/test/Jeremy_Greenstock/Jeremy_Greenstock_0012.jpg,Jeremy_Greenstock,mask_outside_face,Jeremy_Greenstock,True,0.017888205125927925
./data/processed/test/Jeremy_Greenstock/Jeremy_Greenstock_0012.jpg,Jeremy_Greenstock,dark,Jeremy_Greenstock,True,0.019350344315171242
./data/processed/test/Jeremy_Greenstock/Jeremy_Greenstock_0012.jpg,Jeremy_Greenstock,bright,Jeremy_Greenstock,True,0.019310900941491127
./data/processed/test/Jeremy_Greenstock/Jeremy_Greenstock_0017.jpg,Jeremy_Greenstock,original,Jeremy_Greenstock,True,0.01901826076209545
./data/processed/test/Jeremy_Greenstock/Jeremy_Greenstock_0017.jpg,Jeremy_Greenstock,mask_eyes,Jeremy_Greenstock,True,0.018775388598442078
./data/processed/test/Jeremy_Greenstock/Jeremy_Greenstock_0017.jpg,Jeremy_Greenstock,mask_nose,Jeremy_Greenstock,True,0.019071748480200768
./data/processed/test/Jeremy_Greenstock/Jeremy_Greenstock_0017.jpg,Jeremy_Greenstock,mask_mouth,Jeremy_Greenstock,True,0.018943730741739273
./data/processed/test/Jeremy_Greenstock/Jeremy_Greenstock_0017.jpg,Jeremy_Greenstock,mask_face_oval,Arnold_Schwarzenegger,False,0.01110946387052536
./data/processed/test/Jeremy_Greenstock/Jeremy_Greenstock_0017.jpg,Jeremy_Greenstock,mask_outside_face,Jeremy_Greenstock,True,0.017593003809452057
./data/processed/test/Jeremy_Greenstock/Jeremy_Greenstock_0017.jpg,Jeremy_Greenstock,dark,Jeremy_Greenstock,True,0.018862130120396614
./data/processed/test/Jeremy_Greenstock/Jeremy_Greenstock_0017.jpg,Jeremy_Greenstock,bright,Jeremy_Greenstock,True,0.018943095579743385
./data/processed/test/Jeremy_Greenstock/Jeremy_Greenstock_0019.jpg,Jeremy_Greenstock,original,Jeremy_Greenstock,True,0.019353661686182022
./data/processed/test/Jeremy_Greenstock/Jeremy_Greenstock_0019.jpg,Jeremy_Greenstock,mask_eyes,Jeremy_Greenstock,True,0.019334392622113228
./data/processed/test/Jeremy_Greenstock/Jeremy_Greenstock_0019.jpg,Jeremy_Greenstock,mask_nose,Jeremy_Greenstock,True,0.019268181174993515
./data/processed/test/Jeremy_Greenstock/Jeremy_Greenstock_0019.jpg,Jeremy_Greenstock,mask_mouth,Jeremy_Greenstock,True,0.019318081438541412
./data/processed/test/Jeremy_Greenstock/Jeremy_Greenstock_0019.jpg,Jeremy_Greenstock,mask_face_oval,Arnold_Schwarzenegger,False,0.01066115777939558
./data/processed/test/Jeremy_Greenstock/Jeremy_Greenstock_0019.jpg,Jeremy_Greenstock,mask_outside_face,Jeremy_Greenstock,True,0.018712133169174194
./data/processed/test/Jeremy_Greenstock/Jeremy_Greenstock_0019.jpg,Jeremy_Greenstock,dark,Jeremy_Greenstock,True,0.019259795546531677
./data/processed/test/Jeremy_Greenstock/Jeremy_Greenstock_0019.jpg,Jeremy_Greenstock,bright,Jeremy_Greenstock,True,0.018989890813827515
./data/processed/test/Jiang_Zemin/Jiang_Zemin_0001.jpg,Jiang_Zemin,original,Jiang_Zemin,True,0.0195354875177145
./data/processed/test/Jiang_Zemin/Jiang_Zemin_0001.jpg,Jiang_Zemin,mask_eyes,Jiang_Zemin,True,0.019554482772946358
./data/processed/test/Jiang_Zemin/Jiang_Zemin_0001.jpg,Jiang_Zemin,mask_nose,Jiang_Zemin,True,0.019454926252365112
./data/processed/test/Jiang_Zemin/Jiang_Zemin_0001.jpg,Jiang_Zemin,mask_mouth,Jiang_Zemin,True,0.019492613151669502
./data/processed/test/Jiang_Zemin/Jiang_Zemin_0001.jpg,Jiang_Zemin,mask_face_oval,Jiang_Zemin,True,0.010811970569193363
./data/processed/test/Jiang_Zemin/Jiang_Zemin_0001.jpg,Jiang_Zemin,mask_outside_face,Jiang_Zemin,True,0.019240055233240128
./data/processed/test/Jiang_Zemin/Jiang_Zemin_0001.jpg,Jiang_Zemin,dark,Jiang_Zemin,True,0.01955452375113964
./data/processed/test/Jiang_Zemin/Jiang_Zemin_0001.jpg,Jiang_Zemin,bright,Jiang_Zemin,True,0.01948501169681549
./data/processed/test/Jiang_Zemin/Jiang_Zemin_0002.jpg,Jiang_Zemin,original,Jiang_Zemin,True,0.01940196193754673
./data/processed/test/Jiang_Zemin/Jiang_Zemin_0002.jpg,Jiang_Zemin,mask_eyes,Jiang_Zemin,True,0.019390901550650597
./data/processed/test/Jiang_Zemin/Jiang_Zemin_0002.jpg,Jiang_Zemin,mask_nose,Jiang_Zemin,True,0.018931154161691666
./data/processed/test/Jiang_Zemin/Jiang_Zemin_0002.jpg,Jiang_Zemin,mask_mouth,Jiang_Zemin,True,0.019478902220726013
./data/processed/test/Jiang_Zemin/Jiang_Zemin_0002.jpg,Jiang_Zemin,mask_face_oval,Jiang_Zemin,True,0.010071785189211369
./data/processed/test/Jiang_Zemin/Jiang_Zemin_0002.jpg,Jiang_Zemin,mask_outside_face,Jiang_Zemin,True,0.017811289057135582
./data/processed/test/Jiang_Zemin/Jiang_Zemin_0002.jpg,Jiang_Zemin,dark,Jiang_Zemin,True,0.019440917298197746
./data/processed/test/Jiang_Zemin/Jiang_Zemin_0002.jpg,Jiang_Zemin,bright,Jiang_Zemin,True,0.019335387274622917
./data/processed/test/Jiang_Zemin/Jiang_Zemin_0016.jpg,Jiang_Zemin,original,Jiang_Zemin,True,0.019681595265865326
./data/processed/test/Jiang_Zemin/Jiang_Zemin_0016.jpg,Jiang_Zemin,mask_eyes,Jiang_Zemin,True,0.0196443572640419
./data/processed/test/Jiang_Zemin/Jiang_Zemin_0016.jpg,Jiang_Zemin,mask_nose,Jiang_Zemin,True,0.019585199654102325
./data/processed/test/Jiang_Zemin/Jiang_Zemin_0016.jpg,Jiang_Zemin,mask_mouth,Jiang_Zemin,True,0.019656023010611534
./data/processed/test/Jiang_Zemin/Jiang_Zemin_0016.jpg,Jiang_Zemin,mask_face_oval,Arnold_Schwarzenegger,False,0.012054112739861012
./data/processed/test/Jiang_Zemin/Jiang_Zemin_0016.jpg,Jiang_Zemin,mask_outside_face,Jiang_Zemin,True,0.019005533307790756
./data/processed/test/Jiang_Zemin/Jiang_Zemin_0016.jpg,Jiang_Zemin,dark,Jiang_Zemin,True,0.019639579579234123
./data/processed/test/Jiang_Zemin/Jiang_Zemin_0016.jpg,Jiang_Zemin,bright,Jiang_Zemin,True,0.019602209329605103
./data/processed/test/Jiang_Zemin/Jiang_Zemin_0018.jpg,Jiang_Zemin,original,Jiang_Zemin,True,0.01962267979979515
./data/processed/test/Jiang_Zemin/Jiang_Zemin_0018.jpg,Jiang_Zemin,mask_eyes,Jiang_Zemin,True,0.019623730331659317
./data/processed/test/Jiang_Zemin/Jiang_Zemin_0018.jpg,Jiang_Zemin,mask_nose,Jiang_Zemin,True,0.019539354369044304
./data/processed/test/Jiang_Zemin/Jiang_Zemin_0018.jpg,Jiang_Zemin,mask_mouth,Jiang_Zemin,True,0.019611431285738945
./data/processed/test/Jiang_Zemin/Jiang_Zemin_0018.jpg,Jiang_Zemin,mask_face_oval,Arnold_Schwarzenegger,False,0.010590956546366215
./data/processed/test/Jiang_Zemin/Jiang_Zemin_0018.jpg,Jiang_Zemin,mask_outside_face,Jiang_Zemin,True,0.01911301165819168
./data/processed/test/Jiang_Zemin/Jiang_Zemin_0018.jpg,Jiang_Zemin,dark,Jiang_Zemin,True,0.01963852345943451
./data/processed/test/Jiang_Zemin/Jiang_Zemin_0018.jpg,Jiang_Zemin,bright,Jiang_Zemin,True,0.01963025890290737
./data/processed/test/Jiri_Novak/Jiri_Novak_0001.jpg,Jiri_Novak,original,Guillermo_Coria,False,0.011006655171513557
./data/processed/test/Jiri_Novak/Jiri_Novak_0001.jpg,Jiri_Novak,mask_eyes,Pete_Sampras,False,0.009415177628397942
./data/processed/test/Jiri_Novak/Jiri_Novak_0001.jpg,Jiri_Novak,mask_nose,David_Beckham,False,0.010978306643664837
./data/processed/test/Jiri_Novak/Jiri_Novak_0001.jpg,Jiri_Novak,mask_mouth,Guillermo_Coria,False,0.010831974446773529
./data/processed/test/Jiri_Novak/Jiri_Novak_0001.jpg,Jiri_Novak,mask_face_oval,Lance_Armstrong,False,0.009774267673492432
./data/processed/test/Jiri_Novak/Jiri_Novak_0001.jpg,Jiri_Novak,mask_outside_face,David_Beckham,False,0.009773229248821735
./data/processed/test/Jiri_Novak/Jiri_Novak_0001.jpg,Jiri_Novak,dark,Guillermo_Coria,False,0.012427381239831448
./data/processed/test/Jiri_Novak/Jiri_Novak_0001.jpg,Jiri_Novak,bright,David_Beckham,False,0.010283328592777252
./data/processed/test/Jiri_Novak/Jiri_Novak_0006.jpg,Jiri_Novak,original,David_Beckham,False,0.012240257114171982
./data/processed/test/Jiri_Novak/Jiri_Novak_0006.jpg,Jiri_Novak,mask_eyes,David_Beckham,False,0.011462154798209667
./data/processed/test/Jiri_Novak/Jiri_Novak_0006.jpg,Jiri_Novak,mask_nose,David_Beckham,False,0.012798243202269077
./data/processed/test/Jiri_Novak/Jiri_Novak_0006.jpg,Jiri_Novak,mask_mouth,David_Beckham,False,0.011688676662743092
./data/processed/test/Jiri_Novak/Jiri_Novak_0006.jpg,Jiri_Novak,mask_face_oval,Michael_Schumacher,False,0.010197864845395088
./data/processed/test/Jiri_Novak/Jiri_Novak_0006.jpg,Jiri_Novak,mask_outside_face,David_Beckham,False,0.010631532408297062
./data/processed/test/Jiri_Novak/Jiri_Novak_0006.jpg,Jiri_Novak,dark,David_Beckham,False,0.012397821061313152
./data/processed/test/Jiri_Novak/Jiri_Novak_0006.jpg,Jiri_Novak,bright,Paul_Bremer,False,0.012151924893260002
./data/processed/test/Jiri_Novak/Jiri_Novak_0010.jpg,Jiri_Novak,original,David_Beckham,False,0.013026331551373005
./data/processed/test/Jiri_Novak/Jiri_Novak_0010.jpg,Jiri_Novak,mask_eyes,David_Beckham,False,0.012135976925492287
./data/processed/test/Jiri_Novak/Jiri_Novak_0010.jpg,Jiri_Novak,mask_nose,David_Beckham,False,0.012900497764348984
./data/processed/test/Jiri_Novak/Jiri_Novak_0010.jpg,Jiri_Novak,mask_mouth,David_Beckham,False,0.012973158620297909
./data/processed/test/Jiri_Novak/Jiri_Novak_0010.jpg,Jiri_Novak,mask_face_oval,Lance_Armstrong,False,0.009822853840887547
./data/processed/test/Jiri_Novak/Jiri_Novak_0010.jpg,Jiri_Novak,mask_outside_face,David_Beckham,False,0.011022447608411312
./data/processed/test/Jiri_Novak/Jiri_Novak_0010.jpg,Jiri_Novak,dark,David_Beckham,False,0.013600608333945274
./data/processed/test/Jiri_Novak/Jiri_Novak_0010.jpg,Jiri_Novak,bright,David_Beckham,False,0.013292047195136547
./data/processed/test/Joe_Lieberman/Joe_Lieberman_0001.jpg,Joe_Lieberman,original,Joe_Lieberman,True,0.011984087526798248
./data/processed/test/Joe_Lieberman/Joe_Lieberman_0001.jpg,Joe_Lieberman,mask_eyes,Joe_Lieberman,True,0.011708184145390987
./data/processed/test/Joe_Lieberman/Joe_Lieberman_0001.jpg,Joe_Lieberman,mask_nose,Joe_Lieberman,True,0.011672972701489925
./data/processed/test/Joe_Lieberman/Joe_Lieberman_0001.jpg,Joe_Lieberman,mask_mouth,Joe_Lieberman,True,0.011985765770077705
./data/processed/test/Joe_Lieberman/Joe_Lieberman_0001.jpg,Joe_Lieberman,mask_face_oval,Alejandro_Toledo,False,0.010327838361263275
./data/processed/test/Joe_Lieberman/Joe_Lieberman_0001.jpg,Joe_Lieberman,mask_outside_face,Joe_Lieberman,True,0.011267898604273796
./data/processed/test/Joe_Lieberman/Joe_Lieberman_0001.jpg,Joe_Lieberman,dark,Joe_Lieberman,True,0.011939634568989277
./data/processed/test/Joe_Lieberman/Joe_Lieberman_0001.jpg,Joe_Lieberman,bright,Joe_Lieberman,True,0.012060067616403103
./data/processed/test/Joe_Lieberman/Joe_Lieberman_0010.jpg,Joe_Lieberman,original,Joe_Lieberman,True,0.012270795181393623
./data/processed/test/Joe_Lieberman/Joe_Lieberman_0010.jpg,Joe_Lieberman,mask_eyes,Joe_Lieberman,True,0.012014647014439106
./data/processed/test/Joe_Lieberman/Joe_Lieberman_0010.jpg,Joe_Lieberman,mask_nose,Joe_Lieberman,True,0.011863607913255692
./data/processed/test/Joe_Lieberman/Joe_Lieberman_0010.jpg,Joe_Lieberman,mask_mouth,Joe_Lieberman,True,0.012356776744127274
./data/processed/test/Joe_Lieberman/Joe_Lieberman_0010.jpg,Joe_Lieberman,mask_face_oval,Michael_Schumacher,False,0.010983612388372421
./data/processed/test/Joe_Lieberman/Joe_Lieberman_0010.jpg,Joe_Lieberman,mask_outside_face,Joe_Lieberman,True,0.011124464683234692
./data/processed/test/Joe_Lieberman/Joe_Lieberman_0010.jpg,Joe_Lieberman,dark,Joe_Lieberman,True,0.012267908081412315
./data/processed/test/Joe_Lieberman/Joe_Lieberman_0010.jpg,Joe_Lieberman,bright,Joe_Lieberman,True,0.011891305446624756
./data/processed/test/Joe_Lieberman/Joe_Lieberman_0012.jpg,Joe_Lieberman,original,Joe_Lieberman,True,0.012016715481877327
./data/processed/test/Joe_Lieberman/Joe_Lieberman_0012.jpg,Joe_Lieberman,mask_eyes,Joe_Lieberman,True,0.011281072162091732
./data/processed/test/Joe_Lieberman/Joe_Lieberman_0012.jpg,Joe_Lieberman,mask_nose,Joe_Lieberman,True,0.011195001192390919
./data/processed/test/Joe_Lieberman/Joe_Lieberman_0012.jpg,Joe_Lieberman,mask_mouth,Joe_Lieberman,True,0.011994734406471252
./data/processed/test/Joe_Lieberman/Joe_Lieberman_0012.jpg,Joe_Lieberman,mask_face_oval,Michael_Schumacher,False,0.010917464271187782
./data/processed/test/Joe_Lieberman/Joe_Lieberman_0012.jpg,Joe_Lieberman,mask_outside_face,Joe_Lieberman,True,0.01075126975774765
./data/processed/test/Joe_Lieberman/Joe_Lieberman_0012.jpg,Joe_Lieberman,dark,Joe_Lieberman,True,0.01185630913823843
./data/processed/test/Joe_Lieberman/Joe_Lieberman_0012.jpg,Joe_Lieberman,bright,Joe_Lieberman,True,0.012016143649816513
./data/processed/test/John_Allen_Muhammad/John_Allen_Muhammad_0001.jpg,John_Allen_Muhammad,original,John_Allen_Muhammad,True,0.010875348001718521
./data/processed/test/John_Allen_Muhammad/John_Allen_Muhammad_0001.jpg,John_Allen_Muhammad,mask_eyes,John_Allen_Muhammad,True,0.010807923972606659
./data/processed/test/John_Allen_Muhammad/John_Allen_Muhammad_0001.jpg,John_Allen_Muhammad,mask_nose,John_Allen_Muhammad,True,0.010271438397467136
./data/processed/test/John_Allen_Muhammad/John_Allen_Muhammad_0001.jpg,John_Allen_Muhammad,mask_mouth,Paradorn_Srichaphan,False,0.010524004697799683
./data/processed/test/John_Allen_Muhammad/John_Allen_Muhammad_0001.jpg,John_Allen_Muhammad,mask_face_oval,Gerhard_Schroeder,False,0.013296583667397499
./data/processed/test/John_Allen_Muhammad/John_Allen_Muhammad_0001.jpg,John_Allen_Muhammad,mask_outside_face,Kofi_Annan,False,0.01264322642236948
./data/processed/test/John_Allen_Muhammad/John_Allen_Muhammad_0001.jpg,John_Allen_Muhammad,dark,John_Allen_Muhammad,True,0.010823791846632957
./data/processed/test/John_Allen_Muhammad/John_Allen_Muhammad_0001.jpg,John_Allen_Muhammad,bright,John_Allen_Muhammad,True,0.010807199403643608
./data/processed/test/John_Allen_Muhammad/John_Allen_Muhammad_0006.jpg,John_Allen_Muhammad,original,Hugo_Chavez,False,0.012600481510162354
./data/processed/test/John_Allen_Muhammad/John_Allen_Muhammad_0006.jpg,John_Allen_Muhammad,mask_eyes,Hugo_Chavez,False,0.012624047696590424
./data/processed/test/John_Allen_Muhammad/John_Allen_Muhammad_0006.jpg,John_Allen_Muhammad,mask_nose,Hugo_Chavez,False,0.012998444959521294
./data/processed/test/John_Allen_Muhammad/John_Allen_Muhammad_0006.jpg,John_Allen_Muhammad,mask_mouth,Hugo_Chavez,False,0.01341630332171917
./data/processed/test/John_Allen_Muhammad/John_Allen_Muhammad_0006.jpg,John_Allen_Muhammad,mask_face_oval,Gerhard_Schroeder,False,0.014827215112745762
./data/processed/test/John_Allen_Muhammad/John_Allen_Muhammad_0006.jpg,John_Allen_Muhammad,mask_outside_face,Serena_Williams,False,0.014557205140590668
./data/processed/test/John_Allen_Muhammad/John_Allen_Muhammad_0006.jpg,John_Allen_Muhammad,dark,Hugo_Chavez,False,0.013027769513428211
./data/processed/test/John_Allen_Muhammad/John_Allen_Muhammad_0006.jpg,John_Allen_Muhammad,bright,Hugo_Chavez,False,0.011495690792798996
./data/processed/test/John_Allen_Muhammad/John_Allen_Muhammad_0010.jpg,John_Allen_Muhammad,original,John_Allen_Muhammad,True,0.011032521724700928
./data/processed/test/John_Allen_Muhammad/John_Allen_Muhammad_0010.jpg,John_Allen_Muhammad,mask_eyes,Arnold_Schwarzenegger,False,0.01187416072934866
./data/processed/test/John_Allen_Muhammad/John_Allen_Muhammad_0010.jpg,John_Allen_Muhammad,mask_nose,Arnold_Schwarzenegger,False,0.011775342747569084
./data/processed/test/John_Allen_Muhammad/John_Allen_Muhammad_0010.jpg,John_Allen_Muhammad,mask_mouth,John_Allen_Muhammad,True,0.01087461318820715
./data/processed/test/John_Allen_Muhammad/John_Allen_Muhammad_0010.jpg,John_Allen_Muhammad,mask_face_oval,Arnold_Schwarzenegger,False,0.014773676171898842
./data/processed/test/John_Allen_Muhammad/John_Allen_Muhammad_0010.jpg,John_Allen_Muhammad,mask_outside_face,Serena_Williams,False,0.013527877628803253
./data/processed/test/John_Allen_Muhammad/John_Allen_Muhammad_0010.jpg,John_Allen_Muhammad,dark,John_Allen_Muhammad,True,0.010805686004459858
./data/processed/test/John_Allen_Muhammad/John_Allen_Muhammad_0010.jpg,John_Allen_Muhammad,bright,John_Allen_Muhammad,True,0.010997363366186619
./data/processed/test/John_Ashcroft/John_Ashcroft_0004.jpg,John_Ashcroft,original,John_Ashcroft,True,0.03656945377588272
./data/processed/test/John_Ashcroft/John_Ashcroft_0004.jpg,John_Ashcroft,mask_eyes,John_Ashcroft,True,0.03583988919854164
./data/processed/test/John_Ashcroft/John_Ashcroft_0004.jpg,John_Ashcroft,mask_nose,John_Ashcroft,True,0.03601456061005592
./data/processed/test/John_Ashcroft/John_Ashcroft_0004.jpg,John_Ashcroft,mask_mouth,John_Ashcroft,True,0.036524347960948944
./data/processed/test/John_Ashcroft/John_Ashcroft_0004.jpg,John_Ashcroft,mask_face_oval,Jiang_Zemin,False,0.01010289415717125
./data/processed/test/John_Ashcroft/John_Ashcroft_0004.jpg,John_Ashcroft,mask_outside_face,John_Ashcroft,True,0.026691749691963196
./data/processed/test/John_Ashcroft/John_Ashcroft_0004.jpg,John_Ashcroft,dark,John_Ashcroft,True,0.03666098043322563
./data/processed/test/John_Ashcroft/John_Ashcroft_0004.jpg,John_Ashcroft,bright,John_Ashcroft,True,0.03641314059495926
./data/processed/test/John_Ashcroft/John_Ashcroft_0006.jpg,John_Ashcroft,original,John_Ashcroft,True,0.03607143461704254
./data/processed/test/John_Ashcroft/John_Ashcroft_0006.jpg,John_Ashcroft,mask_eyes,John_Ashcroft,True,0.025714749470353127
./data/processed/test/John_Ashcroft/John_Ashcroft_0006.jpg,John_Ashcroft,mask_nose,John_Ashcroft,True,0.034976668655872345
./data/processed/test/John_Ashcroft/John_Ashcroft_0006.jpg,John_Ashcroft,mask_mouth,John_Ashcroft,True,0.035853311419487
./data/processed/test/John_Ashcroft/John_Ashcroft_0006.jpg,John_Ashcroft,mask_face_oval,Gerhard_Schroeder,False,0.011116290464997292
./data/processed/test/John_Ashcroft/John_Ashcroft_0006.jpg,John_Ashcroft,mask_outside_face,John_Ashcroft,True,0.01597891002893448
./data/processed/test/John_Ashcroft/John_Ashcroft_0006.jpg,John_Ashcroft,dark,John_Ashcroft,True,0.03619839623570442
./data/processed/test/John_Ashcroft/John_Ashcroft_0006.jpg,John_Ashcroft,bright,John_Ashcroft,True,0.035348422825336456
./data/processed/test/John_Ashcroft/John_Ashcroft_0013.jpg,John_Ashcroft,original,John_Ashcroft,True,0.03618503734469414
./data/processed/test/John_Ashcroft/John_Ashcroft_0013.jpg,John_Ashcroft,mask_eyes,John_Ashcroft,True,0.03575833886861801
./data/processed/test/John_Ashcroft/John_Ashcroft_0013.jpg,John_Ashcroft,mask_nose,John_Ashcroft,True,0.03604714944958687
./data/processed/test/John_Ashcroft/John_Ashcroft_0013.jpg,John_Ashcroft,mask_mouth,John_Ashcroft,True,0.03623150661587715
./data/processed/test/John_Ashcroft/John_Ashcroft_0013.jpg,John_Ashcroft,mask_face_oval,Michael_Schumacher,False,0.009321079589426517
./data/processed/test/John_Ashcroft/John_Ashcroft_0013.jpg,John_Ashcroft,mask_outside_face,John_Ashcroft,True,0.03408868610858917
./data/processed/test/John_Ashcroft/John_Ashcroft_0013.jpg,John_Ashcroft,dark,John_Ashcroft,True,0.036291416734457016
./data/processed/test/John_Ashcroft/John_Ashcroft_0013.jpg,John_Ashcroft,bright,John_Ashcroft,True,0.03614994138479233
./data/processed/test/John_Ashcroft/John_Ashcroft_0014.jpg,John_Ashcroft,original,John_Ashcroft,True,0.036441512405872345
./data/processed/test/John_Ashcroft/John_Ashcroft_0014.jpg,John_Ashcroft,mask_eyes,John_Ashcroft,True,0.0357273630797863
./data/processed/test/John_Ashcroft/John_Ashcroft_0014.jpg,John_Ashcroft,mask_nose,John_Ashcroft,True,0.03649711236357689
./data/processed/test/John_Ashcroft/John_Ashcroft_0014.jpg,John_Ashcroft,mask_mouth,John_Ashcroft,True,0.03643494099378586
./data/processed/test/John_Ashcroft/John_Ashcroft_0014.jpg,John_Ashcroft,mask_face_oval,Gerhard_Schroeder,False,0.011310501024127007
./data/processed/test/John_Ashcroft/John_Ashcroft_0014.jpg,John_Ashcroft,mask_outside_face,John_Ashcroft,True,0.034196190536022186
./data/processed/test/John_Ashcroft/John_Ashcroft_0014.jpg,John_Ashcroft,dark,John_Ashcroft,True,0.03650638461112976
./data/processed/test/John_Ashcroft/John_Ashcroft_0014.jpg,John_Ashcroft,bright,John_Ashcroft,True,0.03640202805399895
./data/processed/test/John_Ashcroft/John_Ashcroft_0018.jpg,John_Ashcroft,original,John_Ashcroft,True,0.036465488374233246
./data/processed/test/John_Ashcroft/John_Ashcroft_0018.jpg,John_Ashcroft,mask_eyes,John_Ashcroft,True,0.03646929934620857
./data/processed/test/John_Ashcroft/John_Ashcroft_0018.jpg,John_Ashcroft,mask_nose,John_Ashcroft,True,0.03645404055714607
./data/processed/test/John_Ashcroft/John_Ashcroft_0018.jpg,John_Ashcroft,mask_mouth,John_Ashcroft,True,0.036461807787418365
./data/processed/test/John_Ashcroft/John_Ashcroft_0018.jpg,John_Ashcroft,mask_face_oval,Michael_Schumacher,False,0.011393211781978607
./data/processed/test/John_Ashcroft/John_Ashcroft_0018.jpg,John_Ashcroft,mask_outside_face,John_Ashcroft,True,0.031632278114557266
./data/processed/test/John_Ashcroft/John_Ashcroft_0018.jpg,John_Ashcroft,dark,John_Ashcroft,True,0.03650728985667229
./data/processed/test/John_Ashcroft/John_Ashcroft_0018.jpg,John_Ashcroft,bright,John_Ashcroft,True,0.03639144077897072
./data/processed/test/John_Ashcroft/John_Ashcroft_0020.jpg,John_Ashcroft,original,John_Ashcroft,True,0.03649500384926796
./data/processed/test/John_Ashcroft/John_Ashcroft_0020.jpg,John_Ashcroft,mask_eyes,John_Ashcroft,True,0.036022063344717026
./data/processed/test/John_Ashcroft/John_Ashcroft_0020.jpg,John_Ashcroft,mask_nose,John_Ashcroft,True,0.036523282527923584
./data/processed/test/John_Ashcroft/John_Ashcroft_0020.jpg,John_Ashcroft,mask_mouth,John_Ashcroft,True,0.036474019289016724
./data/processed/test/John_Ashcroft/John_Ashcroft_0020.jpg,John_Ashcroft,mask_face_oval,Hugo_Chavez,False,0.010150191374123096
./data/processed/test/John_Ashcroft/John_Ashcroft_0020.jpg,John_Ashcroft,mask_outside_face,John_Ashcroft,True,0.018430061638355255
./data/processed/test/John_Ashcroft/John_Ashcroft_0020.jpg,John_Ashcroft,dark,John_Ashcroft,True,0.03659028932452202
./data/processed/test/John_Ashcroft/John_Ashcroft_0020.jpg,John_Ashcroft,bright,John_Ashcroft,True,0.036419257521629333
./data/processed/test/John_Ashcroft/John_Ashcroft_0033.jpg,John_Ashcroft,original,John_Ashcroft,True,0.03641483187675476
./data/processed/test/John_Ashcroft/John_Ashcroft_0033.jpg,John_Ashcroft,mask_eyes,John_Ashcroft,True,0.03499794006347656
./data/processed/test/John_Ashcroft/John_Ashcroft_0033.jpg,John_Ashcroft,mask_nose,John_Ashcroft,True,0.036529671400785446
./data/processed/test/John_Ashcroft/John_Ashcroft_0033.jpg,John_Ashcroft,mask_mouth,John_Ashcroft,True,0.03641625866293907
./data/processed/test/John_Ashcroft/John_Ashcroft_0033.jpg,John_Ashcroft,mask_face_oval,Michael_Schumacher,False,0.010134140960872173
./data/processed/test/John_Ashcroft/John_Ashcroft_0033.jpg,John_Ashcroft,mask_outside_face,John_Ashcroft,True,0.01694304682314396
./data/processed/test/John_Ashcroft/John_Ashcroft_0033.jpg,John_Ashcroft,dark,John_Ashcroft,True,0.03647734224796295
./data/processed/test/John_Ashcroft/John_Ashcroft_0033.jpg,John_Ashcroft,bright,John_Ashcroft,True,0.03625907748937607
./data/processed/test/John_Ashcroft/John_Ashcroft_0042.jpg,John_Ashcroft,original,John_Ashcroft,True,0.03642166778445244
./data/processed/test/John_Ashcroft/John_Ashcroft_0042.jpg,John_Ashcroft,mask_eyes,John_Ashcroft,True,0.0356680229306221
./data/processed/test/John_Ashcroft/John_Ashcroft_0042.jpg,John_Ashcroft,mask_nose,John_Ashcroft,True,0.03631766885519028
./data/processed/test/John_Ashcroft/John_Ashcroft_0042.jpg,John_Ashcroft,mask_mouth,John_Ashcroft,True,0.03651165962219238
./data/processed/test/John_Ashcroft/John_Ashcroft_0042.jpg,John_Ashcroft,mask_face_oval,Jose_Maria_Aznar,False,0.010223990306258202
./data/processed/test/John_Ashcroft/John_Ashcroft_0042.jpg,John_Ashcroft,mask_outside_face,Michael_Bloomberg,False,0.013291941955685616
./data/processed/test/John_Ashcroft/John_Ashcroft_0042.jpg,John_Ashcroft,dark,John_Ashcroft,True,0.03639989346265793
./data/processed/test/John_Ashcroft/John_Ashcroft_0042.jpg,John_Ashcroft,bright,John_Ashcroft,True,0.03634782135486603
./data/processed/test/John_Ashcroft/John_Ashcroft_0044.jpg,John_Ashcroft,original,John_Ashcroft,True,0.03661413490772247
./data/processed/test/John_Ashcroft/John_Ashcroft_0044.jpg,John_Ashcroft,mask_eyes,John_Ashcroft,True,0.03652326390147209
./data/processed/test/John_Ashcroft/John_Ashcroft_0044.jpg,John_Ashcroft,mask_nose,John_Ashcroft,True,0.03662513568997383
./data/processed/test/John_Ashcroft/John_Ashcroft_0044.jpg,John_Ashcroft,mask_mouth,John_Ashcroft,True,0.036636848002672195
./data/processed/test/John_Ashcroft/John_Ashcroft_0044.jpg,John_Ashcroft,mask_face_oval,Lance_Armstrong,False,0.009310632944107056
./data/processed/test/John_Ashcroft/John_Ashcroft_0044.jpg,John_Ashcroft,mask_outside_face,Colin_Powell,False,0.02653239667415619
./data/processed/test/John_Ashcroft/John_Ashcroft_0044.jpg,John_Ashcroft,dark,John_Ashcroft,True,0.03666524589061737
./data/processed/test/John_Ashcroft/John_Ashcroft_0044.jpg,John_Ashcroft,bright,John_Ashcroft,True,0.0365210622549057
./data/processed/test/John_Ashcroft/John_Ashcroft_0048.jpg,John_Ashcroft,original,John_Ashcroft,True,0.03642340749502182
./data/processed/test/John_Ashcroft/John_Ashcroft_0048.jpg,John_Ashcroft,mask_eyes,John_Ashcroft,True,0.036274202167987823
./data/processed/test/John_Ashcroft/John_Ashcroft_0048.jpg,John_Ashcroft,mask_nose,John_Ashcroft,True,0.03642675280570984
./data/processed/test/John_Ashcroft/John_Ashcroft_0048.jpg,John_Ashcroft,mask_mouth,John_Ashcroft,True,0.03645896539092064
./data/processed/test/John_Ashcroft/John_Ashcroft_0048.jpg,John_Ashcroft,mask_face_oval,Recep_Tayyip_Erdogan,False,0.009521114639937878
./data/processed/test/John_Ashcroft/John_Ashcroft_0048.jpg,John_Ashcroft,mask_outside_face,John_Ashcroft,True,0.03365032747387886
./data/processed/test/John_Ashcroft/John_Ashcroft_0048.jpg,John_Ashcroft,dark,John_Ashcroft,True,0.03644677251577377
./data/processed/test/John_Ashcroft/John_Ashcroft_0048.jpg,John_Ashcroft,bright,John_Ashcroft,True,0.036348383873701096
./data/processed/test/John_Ashcroft/John_Ashcroft_0051.jpg,John_Ashcroft,original,John_Ashcroft,True,0.0365617610514164
./data/processed/test/John_Ashcroft/John_Ashcroft_0051.jpg,John_Ashcroft,mask_eyes,John_Ashcroft,True,0.03657194972038269
./data/processed/test/John_Ashcroft/John_Ashcroft_0051.jpg,John_Ashcroft,mask_nose,John_Ashcroft,True,0.03657850623130798
./data/processed/test/John_Ashcroft/John_Ashcroft_0051.jpg,John_Ashcroft,mask_mouth,John_Ashcroft,True,0.03654279187321663
./data/processed/test/John_Ashcroft/John_Ashcroft_0051.jpg,John_Ashcroft,mask_face_oval,Jiang_Zemin,False,0.009731575846672058
./data/processed/test/John_Ashcroft/John_Ashcroft_0051.jpg,John_Ashcroft,mask_outside_face,John_Ashcroft,True,0.03157252073287964
./data/processed/test/John_Ashcroft/John_Ashcroft_0051.jpg,John_Ashcroft,dark,John_Ashcroft,True,0.03663332015275955
./data/processed/test/John_Ashcroft/John_Ashcroft_0051.jpg,John_Ashcroft,bright,John_Ashcroft,True,0.036493267863988876
./data/processed/test/John_Bolton/John_Bolton_0001.jpg,John_Bolton,original,John_Bolton,True,0.017009876668453217
./data/processed/test/John_Bolton/John_Bolton_0001.jpg,John_Bolton,mask_eyes,John_Bolton,True,0.01701192371547222
./data/processed/test/John_Bolton/John_Bolton_0001.jpg,John_Bolton,mask_nose,John_Bolton,True,0.015595370903611183
./data/processed/test/John_Bolton/John_Bolton_0001.jpg,John_Bolton,mask_mouth,John_Bolton,True,0.01706225983798504
./data/processed/test/John_Bolton/John_Bolton_0001.jpg,John_Bolton,mask_face_oval,Tony_Blair,False,0.016198186203837395
./data/processed/test/John_Bolton/John_Bolton_0001.jpg,John_Bolton,mask_outside_face,John_Bolton,True,0.017020845785737038
./data/processed/test/John_Bolton/John_Bolton_0001.jpg,John_Bolton,dark,John_Bolton,True,0.016791455447673798
./data/processed/test/John_Bolton/John_Bolton_0001.jpg,John_Bolton,bright,John_Bolton,True,0.016038373112678528
./data/processed/test/John_Bolton/John_Bolton_0002.jpg,John_Bolton,original,John_Bolton,True,0.01714072935283184
./data/processed/test/John_Bolton/John_Bolton_0002.jpg,John_Bolton,mask_eyes,John_Bolton,True,0.01715649850666523
./data/processed/test/John_Bolton/John_Bolton_0002.jpg,John_Bolton,mask_nose,John_Bolton,True,0.01650318130850792
./data/processed/test/John_Bolton/John_Bolton_0002.jpg,John_Bolton,mask_mouth,John_Bolton,True,0.01704447716474533
./data/processed/test/John_Bolton/John_Bolton_0002.jpg,John_Bolton,mask_face_oval,Tony_Blair,False,0.011439253576099873
./data/processed/test/John_Bolton/John_Bolton_0002.jpg,John_Bolton,mask_outside_face,John_Bolton,True,0.017121562734246254
./data/processed/test/John_Bolton/John_Bolton_0002.jpg,John_Bolton,dark,John_Bolton,True,0.01708829030394554
./data/processed/test/John_Bolton/John_Bolton_0002.jpg,John_Bolton,bright,John_Bolton,True,0.017082136124372482
./data/processed/test/John_Bolton/John_Bolton_0006.jpg,John_Bolton,original,John_Bolton,True,0.01710505411028862
./data/processed/test/John_Bolton/John_Bolton_0006.jpg,John_Bolton,mask_eyes,John_Bolton,True,0.017165042459964752
./data/processed/test/John_Bolton/John_Bolton_0006.jpg,John_Bolton,mask_nose,John_Bolton,True,0.01654536835849285
./data/processed/test/John_Bolton/John_Bolton_0006.jpg,John_Bolton,mask_mouth,John_Bolton,True,0.017119191586971283
./data/processed/test/John_Bolton/John_Bolton_0006.jpg,John_Bolton,mask_face_oval,Tony_Blair,False,0.019473034888505936
./data/processed/test/John_Bolton/John_Bolton_0006.jpg,John_Bolton,mask_outside_face,John_Bolton,True,0.016915859654545784
./data/processed/test/John_Bolton/John_Bolton_0006.jpg,John_Bolton,dark,John_Bolton,True,0.016945740208029747
./data/processed/test/John_Bolton/John_Bolton_0006.jpg,John_Bolton,bright,John_Bolton,True,0.01633615233004093
./data/processed/test/John_Bolton/John_Bolton_0016.jpg,John_Bolton,original,John_Bolton,True,0.015854714438319206
./data/processed/test/John_Bolton/John_Bolton_0016.jpg,John_Bolton,mask_eyes,John_Bolton,True,0.0156962089240551
./data/processed/test/John_Bolton/John_Bolton_0016.jpg,John_Bolton,mask_nose,John_Bolton,True,0.013698738999664783
./data/processed/test/John_Bolton/John_Bolton_0016.jpg,John_Bolton,mask_mouth,John_Bolton,True,0.015793977305293083
./data/processed/test/John_Bolton/John_Bolton_0016.jpg,John_Bolton,mask_face_oval,Gerhard_Schroeder,False,0.014782155863940716
./data/processed/test/John_Bolton/John_Bolton_0016.jpg,John_Bolton,mask_outside_face,John_Bolton,True,0.015451273880898952
./data/processed/test/John_Bolton/John_Bolton_0016.jpg,John_Bolton,dark,John_Bolton,True,0.015282181091606617
./data/processed/test/John_Bolton/John_Bolton_0016.jpg,John_Bolton,bright,John_Bolton,True,0.016107873991131783
./data/processed/test/John_Howard/John_Howard_0001.jpg,John_Howard,original,John_Howard,True,0.01720556430518627
./data/processed/test/John_Howard/John_Howard_0001.jpg,John_Howard,mask_eyes,John_Howard,True,0.01721077598631382
./data/processed/test/John_Howard/John_Howard_0001.jpg,John_Howard,mask_nose,John_Howard,True,0.017184583470225334
./data/processed/test/John_Howard/John_Howard_0001.jpg,John_Howard,mask_mouth,John_Howard,True,0.017210960388183594
./data/processed/test/John_Howard/John_Howard_0001.jpg,John_Howard,mask_face_oval,Michael_Schumacher,False,0.010489631444215775
./data/processed/test/John_Howard/John_Howard_0001.jpg,John_Howard,mask_outside_face,John_Howard,True,0.016653675585985184
./data/processed/test/John_Howard/John_Howard_0001.jpg,John_Howard,dark,John_Howard,True,0.01721768267452717
./data/processed/test/John_Howard/John_Howard_0001.jpg,John_Howard,bright,John_Howard,True,0.017192266881465912
./data/processed/test/John_Howard/John_Howard_0002.jpg,John_Howard,original,John_Howard,True,0.017115890979766846
./data/processed/test/John_Howard/John_Howard_0002.jpg,John_Howard,mask_eyes,John_Howard,True,0.017132455483078957
./data/processed/test/John_Howard/John_Howard_0002.jpg,John_Howard,mask_nose,John_Howard,True,0.01709051989018917
./data/processed/test/John_Howard/John_Howard_0002.jpg,John_Howard,mask_mouth,John_Howard,True,0.017121421173214912
./data/processed/test/John_Howard/John_Howard_0002.jpg,John_Howard,mask_face_oval,Jiang_Zemin,False,0.010602228343486786
./data/processed/test/John_Howard/John_Howard_0002.jpg,John_Howard,mask_outside_face,John_Howard,True,0.016987092792987823
./data/processed/test/John_Howard/John_Howard_0002.jpg,John_Howard,dark,John_Howard,True,0.017146943137049675
./data/processed/test/John_Howard/John_Howard_0002.jpg,John_Howard,bright,John_Howard,True,0.017199045047163963
./data/processed/test/John_Howard/John_Howard_0006.jpg,John_Howard,original,John_Howard,True,0.015877030789852142
./data/processed/test/John_Howard/John_Howard_0006.jpg,John_Howard,mask_eyes,John_Howard,True,0.013877184130251408
./data/processed/test/John_Howard/John_Howard_0006.jpg,John_Howard,mask_nose,John_Howard,True,0.015945596620440483
./data/processed/test/John_Howard/John_Howard_0006.jpg,John_Howard,mask_mouth,John_Howard,True,0.015703490003943443
./data/processed/test/John_Howard/John_Howard_0006.jpg,John_Howard,mask_face_oval,Michael_Schumacher,False,0.010604510083794594
./data/processed/test/John_Howard/John_Howard_0006.jpg,John_Howard,mask_outside_face,John_Howard,True,0.012107987888157368
./data/processed/test/John_Howard/John_Howard_0006.jpg,John_Howard,dark,John_Howard,True,0.016651347279548645
./data/processed/test/John_Howard/John_Howard_0006.jpg,John_Howard,bright,John_Howard,True,0.015188006684184074
./data/processed/test/John_Howard/John_Howard_0012.jpg,John_Howard,original,John_Howard,True,0.017083032056689262
./data/processed/test/John_Howard/John_Howard_0012.jpg,John_Howard,mask_eyes,John_Howard,True,0.01712029241025448
./data/processed/test/John_Howard/John_Howard_0012.jpg,John_Howard,mask_nose,John_Howard,True,0.01709633506834507
./data/processed/test/John_Howard/John_Howard_0012.jpg,John_Howard,mask_mouth,John_Howard,True,0.01712355762720108
./data/processed/test/John_Howard/John_Howard_0012.jpg,John_Howard,mask_face_oval,Jiang_Zemin,False,0.01005646213889122
./data/processed/test/John_Howard/John_Howard_0012.jpg,John_Howard,mask_outside_face,John_Howard,True,0.01672895811498165
./data/processed/test/John_Howard/John_Howard_0012.jpg,John_Howard,dark,John_Howard,True,0.0171001348644495
./data/processed/test/John_Howard/John_Howard_0012.jpg,John_Howard,bright,John_Howard,True,0.01695568487048149
./data/processed/test/John_Kerry/John_Kerry_0001.jpg,John_Kerry,original,John_Kerry,True,0.016510941088199615
./data/processed/test/John_Kerry/John_Kerry_0001.jpg,John_Kerry,mask_eyes,John_Kerry,True,0.016530636698007584
./data/processed/test/John_Kerry/John_Kerry_0001.jpg,John_Kerry,mask_nose,John_Kerry,True,0.016426309943199158
./data/processed/test/John_Kerry/John_Kerry_0001.jpg,John_Kerry,mask_mouth,John_Kerry,True,0.016542527824640274
./data/processed/test/John_Kerry/John_Kerry_0001.jpg,John_Kerry,mask_face_oval,George_W_Bush,False,0.012440517544746399
./data/processed/test/John_Kerry/John_Kerry_0001.jpg,John_Kerry,mask_outside_face,Andre_Agassi,False,0.01226342748850584
./data/processed/test/John_Kerry/John_Kerry_0001.jpg,John_Kerry,dark,John_Kerry,True,0.01635211519896984
./data/processed/test/John_Kerry/John_Kerry_0001.jpg,John_Kerry,bright,John_Kerry,True,0.0164958443492651
./data/processed/test/John_Kerry/John_Kerry_0002.jpg,John_Kerry,original,John_Kerry,True,0.01637229509651661
./data/processed/test/John_Kerry/John_Kerry_0002.jpg,John_Kerry,mask_eyes,John_Kerry,True,0.016390759497880936
./data/processed/test/John_Kerry/John_Kerry_0002.jpg,John_Kerry,mask_nose,John_Kerry,True,0.01610359363257885
./data/processed/test/John_Kerry/John_Kerry_0002.jpg,John_Kerry,mask_mouth,John_Kerry,True,0.01638619415462017
./data/processed/test/John_Kerry/John_Kerry_0002.jpg,John_Kerry,mask_face_oval,Bill_Clinton,False,0.008813878521323204
./data/processed/test/John_Kerry/John_Kerry_0002.jpg,John_Kerry,mask_outside_face,Vladimir_Putin,False,0.013956240378320217
./data/processed/test/John_Kerry/John_Kerry_0002.jpg,John_Kerry,dark,John_Kerry,True,0.016208425164222717
./data/processed/test/John_Kerry/John_Kerry_0002.jpg,John_Kerry,bright,John_Kerry,True,0.01619187369942665
./data/processed/test/John_Kerry/John_Kerry_0006.jpg,John_Kerry,original,John_Kerry,True,0.01601020060479641
./data/processed/test/John_Kerry/John_Kerry_0006.jpg,John_Kerry,mask_eyes,John_Kerry,True,0.015672678127884865
./data/processed/test/John_Kerry/John_Kerry_0006.jpg,John_Kerry,mask_nose,John_Kerry,True,0.015641773119568825
./data/processed/test/John_Kerry/John_Kerry_0006.jpg,John_Kerry,mask_mouth,John_Kerry,True,0.0160850677639246
./data/processed/test/John_Kerry/John_Kerry_0006.jpg,John_Kerry,mask_face_oval,John_Kerry,True,0.009430150501430035
./data/processed/test/John_Kerry/John_Kerry_0006.jpg,John_Kerry,mask_outside_face,Gerhard_Schroeder,False,0.010626052506268024
./data/processed/test/John_Kerry/John_Kerry_0006.jpg,John_Kerry,dark,John_Kerry,True,0.015491975471377373
./data/processed/test/John_Kerry/John_Kerry_0006.jpg,John_Kerry,bright,John_Kerry,True,0.0161458570510149
./data/processed/test/John_Kerry/John_Kerry_0016.jpg,John_Kerry,original,John_Kerry,True,0.016069920733571053
./data/processed/test/John_Kerry/John_Kerry_0016.jpg,John_Kerry,mask_eyes,John_Kerry,True,0.01599773019552231
./data/processed/test/John_Kerry/John_Kerry_0016.jpg,John_Kerry,mask_nose,John_Kerry,True,0.016089266166090965
./data/processed/test/John_Kerry/John_Kerry_0016.jpg,John_Kerry,mask_mouth,John_Kerry,True,0.016177276149392128
./data/processed/test/John_Kerry/John_Kerry_0016.jpg,John_Kerry,mask_face_oval,George_W_Bush,False,0.026558928191661835
./data/processed/test/John_Kerry/John_Kerry_0016.jpg,John_Kerry,mask_outside_face,Rudolph_Giuliani,False,0.013388139195740223
./data/processed/test/John_Kerry/John_Kerry_0016.jpg,John_Kerry,dark,John_Kerry,True,0.015874069184064865
./data/processed/test/John_Kerry/John_Kerry_0016.jpg,John_Kerry,bright,John_Kerry,True,0.015985723584890366
./data/processed/test/John_Negroponte/John_Negroponte_0009.jpg,John_Negroponte,original,John_Negroponte,True,0.023073630407452583
./data/processed/test/John_Negroponte/John_Negroponte_0009.jpg,John_Negroponte,mask_eyes,John_Negroponte,True,0.023025039583444595
./data/processed/test/John_Negroponte/John_Negroponte_0009.jpg,John_Negroponte,mask_nose,John_Negroponte,True,0.022983519360423088
./data/processed/test/John_Negroponte/John_Negroponte_0009.jpg,John_Negroponte,mask_mouth,John_Negroponte,True,0.02308027073740959
./data/processed/test/John_Negroponte/John_Negroponte_0009.jpg,John_Negroponte,mask_face_oval,Igor_Ivanov,False,0.011851999908685684
./data/processed/test/John_Negroponte/John_Negroponte_0009.jpg,John_Negroponte,mask_outside_face,John_Negroponte,True,0.01465363334864378
./data/processed/test/John_Negroponte/John_Negroponte_0009.jpg,John_Negroponte,dark,John_Negroponte,True,0.02303965389728546
./data/processed/test/John_Negroponte/John_Negroponte_0009.jpg,John_Negroponte,bright,John_Negroponte,True,0.022995460778474808
./data/processed/test/John_Negroponte/John_Negroponte_0010.jpg,John_Negroponte,original,John_Negroponte,True,0.022736694663763046
./data/processed/test/John_Negroponte/John_Negroponte_0010.jpg,John_Negroponte,mask_eyes,John_Negroponte,True,0.022550230845808983
./data/processed/test/John_Negroponte/John_Negroponte_0010.jpg,John_Negroponte,mask_nose,John_Negroponte,True,0.022255955263972282
./data/processed/test/John_Negroponte/John_Negroponte_0010.jpg,John_Negroponte,mask_mouth,John_Negroponte,True,0.022650251165032387
./data/processed/test/John_Negroponte/John_Negroponte_0010.jpg,John_Negroponte,mask_face_oval,Michael_Schumacher,False,0.010279630310833454
./data/processed/test/John_Negroponte/John_Negroponte_0010.jpg,John_Negroponte,mask_outside_face,John_Negroponte,True,0.01891651377081871
./data/processed/test/John_Negroponte/John_Negroponte_0010.jpg,John_Negroponte,dark,John_Negroponte,True,0.02273973450064659
./data/processed/test/John_Negroponte/John_Negroponte_0010.jpg,John_Negroponte,bright,John_Negroponte,True,0.02277020364999771
./data/processed/test/John_Negroponte/John_Negroponte_0016.jpg,John_Negroponte,original,John_Negroponte,True,0.022718405351042747
./data/processed/test/John_Negroponte/John_Negroponte_0016.jpg,John_Negroponte,mask_eyes,John_Negroponte,True,0.022680403664708138
./data/processed/test/John_Negroponte/John_Negroponte_0016.jpg,John_Negroponte,mask_nose,John_Negroponte,True,0.021829986944794655
./data/processed/test/John_Negroponte/John_Negroponte_0016.jpg,John_Negroponte,mask_mouth,John_Negroponte,True,0.02250516228377819
./data/processed/test/John_Negroponte/John_Negroponte_0016.jpg,John_Negroponte,mask_face_oval,Michael_Schumacher,False,0.012368430383503437
./data/processed/test/John_Negroponte/John_Negroponte_0016.jpg,John_Negroponte,mask_outside_face,John_Negroponte,True,0.01815086603164673
./data/processed/test/John_Negroponte/John_Negroponte_0016.jpg,John_Negroponte,dark,John_Negroponte,True,0.022493012249469757
./data/processed/test/John_Negroponte/John_Negroponte_0016.jpg,John_Negroponte,bright,John_Negroponte,True,0.022611144930124283
./data/processed/test/John_Negroponte/John_Negroponte_0018.jpg,John_Negroponte,original,John_Negroponte,True,0.023008065298199654
./data/processed/test/John_Negroponte/John_Negroponte_0018.jpg,John_Negroponte,mask_eyes,John_Negroponte,True,0.022796014323830605
./data/processed/test/John_Negroponte/John_Negroponte_0018.jpg,John_Negroponte,mask_nose,John_Negroponte,True,0.02261728048324585
./data/processed/test/John_Negroponte/John_Negroponte_0018.jpg,John_Negroponte,mask_mouth,John_Negroponte,True,0.02294083870947361
./data/processed/test/John_Negroponte/John_Negroponte_0018.jpg,John_Negroponte,mask_face_oval,Michael_Schumacher,False,0.010166273452341557
./data/processed/test/John_Negroponte/John_Negroponte_0018.jpg,John_Negroponte,mask_outside_face,John_Negroponte,True,0.01548024732619524
./data/processed/test/John_Negroponte/John_Negroponte_0018.jpg,John_Negroponte,dark,John_Negroponte,True,0.022815220057964325
./data/processed/test/John_Negroponte/John_Negroponte_0018.jpg,John_Negroponte,bright,John_Negroponte,True,0.02289764955639839
./data/processed/test/John_Negroponte/John_Negroponte_0024.jpg,John_Negroponte,original,John_Negroponte,True,0.02284577302634716
./data/processed/test/John_Negroponte/John_Negroponte_0024.jpg,John_Negroponte,mask_eyes,John_Negroponte,True,0.022757599130272865
./data/processed/test/John_Negroponte/John_Negroponte_0024.jpg,John_Negroponte,mask_nose,John_Negroponte,True,0.02261393703520298
./data/processed/test/John_Negroponte/John_Negroponte_0024.jpg,John_Negroponte,mask_mouth,John_Negroponte,True,0.022839181125164032
./data/processed/test/John_Negroponte/John_Negroponte_0024.jpg,John_Negroponte,mask_face_oval,Michael_Schumacher,False,0.010648975148797035
./data/processed/test/John_Negroponte/John_Negroponte_0024.jpg,John_Negroponte,mask_outside_face,John_Negroponte,True,0.018096372485160828
./data/processed/test/John_Negroponte/John_Negroponte_0024.jpg,John_Negroponte,dark,John_Negroponte,True,0.022693129256367683
./data/processed/test/John_Negroponte/John_Negroponte_0024.jpg,John_Negroponte,bright,John_Negroponte,True,0.022836923599243164
./data/processed/test/John_Negroponte/John_Negroponte_0028.jpg,John_Negroponte,original,John_Negroponte,True,0.02284046821296215
./data/processed/test/John_Negroponte/John_Negroponte_0028.jpg,John_Negroponte,mask_eyes,John_Negroponte,True,0.022853197529911995
./data/processed/test/John_Negroponte/John_Negroponte_0028.jpg,John_Negroponte,mask_nose,John_Negroponte,True,0.02203613705933094
./data/processed/test/John_Negroponte/John_Negroponte_0028.jpg,John_Negroponte,mask_mouth,John_Negroponte,True,0.02278294414281845
./data/processed/test/John_Negroponte/John_Negroponte_0028.jpg,John_Negroponte,mask_face_oval,Hugo_Chavez,False,0.011739072389900684
./data/processed/test/John_Negroponte/John_Negroponte_0028.jpg,John_Negroponte,mask_outside_face,John_Negroponte,True,0.01886674016714096
./data/processed/test/John_Negroponte/John_Negroponte_0028.jpg,John_Negroponte,dark,John_Negroponte,True,0.022550228983163834
./data/processed/test/John_Negroponte/John_Negroponte_0028.jpg,John_Negroponte,bright,John_Negroponte,True,0.02255837805569172
./data/processed/test/John_Negroponte/John_Negroponte_0030.jpg,John_Negroponte,original,John_Negroponte,True,0.023038432002067566
./data/processed/test/John_Negroponte/John_Negroponte_0030.jpg,John_Negroponte,mask_eyes,John_Negroponte,True,0.023008229210972786
./data/processed/test/John_Negroponte/John_Negroponte_0030.jpg,John_Negroponte,mask_nose,John_Negroponte,True,0.022952374070882797
./data/processed/test/John_Negroponte/John_Negroponte_0030.jpg,John_Negroponte,mask_mouth,John_Negroponte,True,0.023045532405376434
./data/processed/test/John_Negroponte/John_Negroponte_0030.jpg,John_Negroponte,mask_face_oval,Michael_Schumacher,False,0.011320250108838081
./data/processed/test/John_Negroponte/John_Negroponte_0030.jpg,John_Negroponte,mask_outside_face,John_Negroponte,True,0.019989730790257454
./data/processed/test/John_Negroponte/John_Negroponte_0030.jpg,John_Negroponte,dark,John_Negroponte,True,0.022998332977294922
./data/processed/test/John_Negroponte/John_Negroponte_0030.jpg,John_Negroponte,bright,John_Negroponte,True,0.023074528202414513
./data/processed/test/John_Paul_II/John_Paul_II_0001.jpg,John_Paul_II,original,John_Paul_II,True,0.011939192190766335
./data/processed/test/John_Paul_II/John_Paul_II_0001.jpg,John_Paul_II,mask_eyes,John_Paul_II,True,0.011716043576598167
./data/processed/test/John_Paul_II/John_Paul_II_0001.jpg,John_Paul_II,mask_nose,John_Paul_II,True,0.011866508051753044
./data/processed/test/John_Paul_II/John_Paul_II_0001.jpg,John_Paul_II,mask_mouth,John_Paul_II,True,0.011705356650054455
./data/processed/test/John_Paul_II/John_Paul_II_0001.jpg,John_Paul_II,mask_face_oval,Michael_Schumacher,False,0.011132671497762203
./data/processed/test/John_Paul_II/John_Paul_II_0001.jpg,John_Paul_II,mask_outside_face,Bill_Clinton,False,0.01178726740181446
./data/processed/test/John_Paul_II/John_Paul_II_0001.jpg,John_Paul_II,dark,John_Paul_II,True,0.011874823831021786
./data/processed/test/John_Paul_II/John_Paul_II_0001.jpg,John_Paul_II,bright,John_Paul_II,True,0.01188267394900322
./data/processed/test/John_Paul_II/John_Paul_II_0006.jpg,John_Paul_II,original,John_Paul_II,True,0.011811316944658756
./data/processed/test/John_Paul_II/John_Paul_II_0006.jpg,John_Paul_II,mask_eyes,John_Paul_II,True,0.011765948496758938
./data/processed/test/John_Paul_II/John_Paul_II_0006.jpg,John_Paul_II,mask_nose,John_Paul_II,True,0.011683367192745209
./data/processed/test/John_Paul_II/John_Paul_II_0006.jpg,John_Paul_II,mask_mouth,Jennifer_Capriati,False,0.010892769321799278
./data/processed/test/John_Paul_II/John_Paul_II_0006.jpg,John_Paul_II,mask_face_oval,Michael_Schumacher,False,0.01152653805911541
./data/processed/test/John_Paul_II/John_Paul_II_0006.jpg,John_Paul_II,mask_outside_face,John_Paul_II,True,0.011663036420941353
./data/processed/test/John_Paul_II/John_Paul_II_0006.jpg,John_Paul_II,dark,John_Paul_II,True,0.011756987310945988
./data/processed/test/John_Paul_II/John_Paul_II_0006.jpg,John_Paul_II,bright,Bill_Clinton,False,0.012248343788087368
./data/processed/test/John_Paul_II/John_Paul_II_0010.jpg,John_Paul_II,original,John_Paul_II,True,0.011974671855568886
./data/processed/test/John_Paul_II/John_Paul_II_0010.jpg,John_Paul_II,mask_eyes,John_Paul_II,True,0.011438323184847832
./data/processed/test/John_Paul_II/John_Paul_II_0010.jpg,John_Paul_II,mask_nose,John_Paul_II,True,0.011789875105023384
./data/processed/test/John_Paul_II/John_Paul_II_0010.jpg,John_Paul_II,mask_mouth,John_Paul_II,True,0.011980816721916199
./data/processed/test/John_Paul_II/John_Paul_II_0010.jpg,John_Paul_II,mask_face_oval,Michael_Schumacher,False,0.011503362096846104
./data/processed/test/John_Paul_II/John_Paul_II_0010.jpg,John_Paul_II,mask_outside_face,John_Paul_II,True,0.01181686669588089
./data/processed/test/John_Paul_II/John_Paul_II_0010.jpg,John_Paul_II,dark,John_Paul_II,True,0.01194174773991108
./data/processed/test/John_Paul_II/John_Paul_II_0010.jpg,John_Paul_II,bright,John_Paul_II,True,0.01201611664146185
./data/processed/test/John_Snow/John_Snow_0001.jpg,John_Snow,original,John_Snow,True,0.016660386696457863
./data/processed/test/John_Snow/John_Snow_0001.jpg,John_Snow,mask_eyes,John_Snow,True,0.016632171347737312
./data/processed/test/John_Snow/John_Snow_0001.jpg,John_Snow,mask_nose,John_Snow,True,0.016624415293335915
./data/processed/test/John_Snow/John_Snow_0001.jpg,John_Snow,mask_mouth,John_Snow,True,0.016648365184664726
./data/processed/test/John_Snow/John_Snow_0001.jpg,John_Snow,mask_face_oval,Michael_Schumacher,False,0.010207870975136757
./data/processed/test/John_Snow/John_Snow_0001.jpg,John_Snow,mask_outside_face,John_Snow,True,0.014591323211789131
./data/processed/test/John_Snow/John_Snow_0001.jpg,John_Snow,dark,John_Snow,True,0.016646187752485275
./data/processed/test/John_Snow/John_Snow_0001.jpg,John_Snow,bright,John_Snow,True,0.016620995476841927
./data/processed/test/John_Snow/John_Snow_0002.jpg,John_Snow,original,John_Snow,True,0.016366610303521156
./data/processed/test/John_Snow/John_Snow_0002.jpg,John_Snow,mask_eyes,John_Snow,True,0.016212984919548035
./data/processed/test/John_Snow/John_Snow_0002.jpg,John_Snow,mask_nose,John_Snow,True,0.015760956332087517
./data/processed/test/John_Snow/John_Snow_0002.jpg,John_Snow,mask_mouth,John_Snow,True,0.016228126361966133
./data/processed/test/John_Snow/John_Snow_0002.jpg,John_Snow,mask_face_oval,Michael_Schumacher,False,0.010147953405976295
./data/processed/test/John_Snow/John_Snow_0002.jpg,John_Snow,mask_outside_face,John_Snow,True,0.015562980435788631
./data/processed/test/John_Snow/John_Snow_0002.jpg,John_Snow,dark,John_Snow,True,0.016286039724946022
./data/processed/test/John_Snow/John_Snow_0002.jpg,John_Snow,bright,John_Snow,True,0.016458449885249138
./data/processed/test/John_Snow/John_Snow_0006.jpg,John_Snow,original,John_Snow,True,0.01642218418419361
./data/processed/test/John_Snow/John_Snow_0006.jpg,John_Snow,mask_eyes,John_Snow,True,0.01650303788483143
./data/processed/test/John_Snow/John_Snow_0006.jpg,John_Snow,mask_nose,John_Snow,True,0.01614493876695633
./data/processed/test/John_Snow/John_Snow_0006.jpg,John_Snow,mask_mouth,John_Snow,True,0.01636684499680996
./data/processed/test/John_Snow/John_Snow_0006.jpg,John_Snow,mask_face_oval,Ariel_Sharon,False,0.010818729177117348
./data/processed/test/John_Snow/John_Snow_0006.jpg,John_Snow,mask_outside_face,John_Snow,True,0.014631599187850952
./data/processed/test/John_Snow/John_Snow_0006.jpg,John_Snow,dark,John_Snow,True,0.01633201166987419
./data/processed/test/John_Snow/John_Snow_0006.jpg,John_Snow,bright,John_Snow,True,0.01630483753979206
./data/processed/test/John_Snow/John_Snow_0016.jpg,John_Snow,original,John_Snow,True,0.016632702201604843
./data/processed/test/John_Snow/John_Snow_0016.jpg,John_Snow,mask_eyes,John_Snow,True,0.016628650948405266
./data/processed/test/John_Snow/John_Snow_0016.jpg,John_Snow,mask_nose,John_Snow,True,0.016594471409916878
./data/processed/test/John_Snow/John_Snow_0016.jpg,John_Snow,mask_mouth,John_Snow,True,0.016658632084727287
./data/processed/test/John_Snow/John_Snow_0016.jpg,John_Snow,mask_face_oval,John_Negroponte,False,0.0102915670722723
./data/processed/test/John_Snow/John_Snow_0016.jpg,John_Snow,mask_outside_face,John_Snow,True,0.014849630184471607
./data/processed/test/John_Snow/John_Snow_0016.jpg,John_Snow,dark,John_Snow,True,0.016551831737160683
./data/processed/test/John_Snow/John_Snow_0016.jpg,John_Snow,bright,John_Snow,True,0.016369065269827843
./data/processed/test/Joschka_Fischer/Joschka_Fischer_0001.jpg,Joschka_Fischer,original,Joschka_Fischer,True,0.016718851402401924
./data/processed/test/Joschka_Fischer/Joschka_Fischer_0001.jpg,Joschka_Fischer,mask_eyes,Joschka_Fischer,True,0.016484882682561874
./data/processed/test/Joschka_Fischer/Joschka_Fischer_0001.jpg,Joschka_Fischer,mask_nose,Joschka_Fischer,True,0.016972823068499565
./data/processed/test/Joschka_Fischer/Joschka_Fischer_0001.jpg,Joschka_Fischer,mask_mouth,Joschka_Fischer,True,0.016470467671751976
./data/processed/test/Joschka_Fischer/Joschka_Fischer_0001.jpg,Joschka_Fischer,mask_face_oval,Michael_Schumacher,False,0.010752758011221886
./data/processed/test/Joschka_Fischer/Joschka_Fischer_0001.jpg,Joschka_Fischer,mask_outside_face,Joschka_Fischer,True,0.015315001830458641
./data/processed/test/Joschka_Fischer/Joschka_Fischer_0001.jpg,Joschka_Fischer,dark,Joschka_Fischer,True,0.016463344916701317
./data/processed/test/Joschka_Fischer/Joschka_Fischer_0001.jpg,Joschka_Fischer,bright,Joschka_Fischer,True,0.016298754140734673
./data/processed/test/Joschka_Fischer/Joschka_Fischer_0002.jpg,Joschka_Fischer,original,Joschka_Fischer,True,0.01581980288028717
./data/processed/test/Joschka_Fischer/Joschka_Fischer_0002.jpg,Joschka_Fischer,mask_eyes,Joschka_Fischer,True,0.015434294939041138
./data/processed/test/Joschka_Fischer/Joschka_Fischer_0002.jpg,Joschka_Fischer,mask_nose,Joschka_Fischer,True,0.015229870565235615
./data/processed/test/Joschka_Fischer/Joschka_Fischer_0002.jpg,Joschka_Fischer,mask_mouth,Joschka_Fischer,True,0.015450037084519863
./data/processed/test/Joschka_Fischer/Joschka_Fischer_0002.jpg,Joschka_Fischer,mask_face_oval,Michael_Schumacher,False,0.009252374060451984
./data/processed/test/Joschka_Fischer/Joschka_Fischer_0002.jpg,Joschka_Fischer,mask_outside_face,Joschka_Fischer,True,0.014247731305658817
./data/processed/test/Joschka_Fischer/Joschka_Fischer_0002.jpg,Joschka_Fischer,dark,Joschka_Fischer,True,0.015162183903157711
./data/processed/test/Joschka_Fischer/Joschka_Fischer_0002.jpg,Joschka_Fischer,bright,Joschka_Fischer,True,0.014346810057759285
./data/processed/test/Joschka_Fischer/Joschka_Fischer_0006.jpg,Joschka_Fischer,original,Joschka_Fischer,True,0.01713315211236477
./data/processed/test/Joschka_Fischer/Joschka_Fischer_0006.jpg,Joschka_Fischer,mask_eyes,Joschka_Fischer,True,0.017011070623993874
./data/processed/test/Joschka_Fischer/Joschka_Fischer_0006.jpg,Joschka_Fischer,mask_nose,Joschka_Fischer,True,0.016954535618424416
./data/processed/test/Joschka_Fischer/Joschka_Fischer_0006.jpg,Joschka_Fischer,mask_mouth,Joschka_Fischer,True,0.017094088718295097
./data/processed/test/Joschka_Fischer/Joschka_Fischer_0006.jpg,Joschka_Fischer,mask_face_oval,Michael_Schumacher,False,0.009287221357226372
./data/processed/test/Joschka_Fischer/Joschka_Fischer_0006.jpg,Joschka_Fischer,mask_outside_face,Joschka_Fischer,True,0.016104092821478844
./data/processed/test/Joschka_Fischer/Joschka_Fischer_0006.jpg,Joschka_Fischer,dark,Joschka_Fischer,True,0.016959821805357933
./data/processed/test/Joschka_Fischer/Joschka_Fischer_0006.jpg,Joschka_Fischer,bright,Joschka_Fischer,True,0.015705334022641182
./data/processed/test/Joschka_Fischer/Joschka_Fischer_0012.jpg,Joschka_Fischer,original,Joschka_Fischer,True,0.01719754748046398
./data/processed/test/Joschka_Fischer/Joschka_Fischer_0012.jpg,Joschka_Fischer,mask_eyes,Joschka_Fischer,True,0.016924213618040085
./data/processed/test/Joschka_Fischer/Joschka_Fischer_0012.jpg,Joschka_Fischer,mask_nose,Joschka_Fischer,True,0.017099473625421524
./data/processed/test/Joschka_Fischer/Joschka_Fischer_0012.jpg,Joschka_Fischer,mask_mouth,Joschka_Fischer,True,0.017208537086844444
./data/processed/test/Joschka_Fischer/Joschka_Fischer_0012.jpg,Joschka_Fischer,mask_face_oval,Michael_Schumacher,False,0.009468721225857735
./data/processed/test/Joschka_Fischer/Joschka_Fischer_0012.jpg,Joschka_Fischer,mask_outside_face,Atal_Bihari_Vajpayee,False,0.013180060312151909
./data/processed/test/Joschka_Fischer/Joschka_Fischer_0012.jpg,Joschka_Fischer,dark,Joschka_Fischer,True,0.01701369136571884
./data/processed/test/Joschka_Fischer/Joschka_Fischer_0012.jpg,Joschka_Fischer,bright,Joschka_Fischer,True,0.016854532063007355
./data/processed/test/Jose_Maria_Aznar/Jose_Maria_Aznar_0001.jpg,Jose_Maria_Aznar,original,Jose_Maria_Aznar,True,0.017597071826457977
./data/processed/test/Jose_Maria_Aznar/Jose_Maria_Aznar_0001.jpg,Jose_Maria_Aznar,mask_eyes,Jose_Maria_Aznar,True,0.017628345638513565
./data/processed/test/Jose_Maria_Aznar/Jose_Maria_Aznar_0001.jpg,Jose_Maria_Aznar,mask_nose,Jose_Maria_Aznar,True,0.017427733168005943
./data/processed/test/Jose_Maria_Aznar/Jose_Maria_Aznar_0001.jpg,Jose_Maria_Aznar,mask_mouth,Jose_Maria_Aznar,True,0.017510617151856422
./data/processed/test/Jose_Maria_Aznar/Jose_Maria_Aznar_0001.jpg,Jose_Maria_Aznar,mask_face_oval,Arnold_Schwarzenegger,False,0.01183895394206047
./data/processed/test/Jose_Maria_Aznar/Jose_Maria_Aznar_0001.jpg,Jose_Maria_Aznar,mask_outside_face,Jose_Maria_Aznar,True,0.016116803511977196
./data/processed/test/Jose_Maria_Aznar/Jose_Maria_Aznar_0001.jpg,Jose_Maria_Aznar,dark,Jose_Maria_Aznar,True,0.017505208030343056
./data/processed/test/Jose_Maria_Aznar/Jose_Maria_Aznar_0001.jpg,Jose_Maria_Aznar,bright,Jose_Maria_Aznar,True,0.017589734867215157
./data/processed/test/Jose_Maria_Aznar/Jose_Maria_Aznar_0009.jpg,Jose_Maria_Aznar,original,Jose_Maria_Aznar,True,0.017480695620179176
./data/processed/test/Jose_Maria_Aznar/Jose_Maria_Aznar_0009.jpg,Jose_Maria_Aznar,mask_eyes,Jose_Maria_Aznar,True,0.017621085047721863
./data/processed/test/Jose_Maria_Aznar/Jose_Maria_Aznar_0009.jpg,Jose_Maria_Aznar,mask_nose,Jose_Maria_Aznar,True,0.017135905101895332
./data/processed/test/Jose_Maria_Aznar/Jose_Maria_Aznar_0009.jpg,Jose_Maria_Aznar,mask_mouth,Jose_Maria_Aznar,True,0.017383068799972534
./data/processed/test/Jose_Maria_Aznar/Jose_Maria_Aznar_0009.jpg,Jose_Maria_Aznar,mask_face_oval,Michael_Schumacher,False,0.009934884496033192
./data/processed/test/Jose_Maria_Aznar/Jose_Maria_Aznar_0009.jpg,Jose_Maria_Aznar,mask_outside_face,Jose_Maria_Aznar,True,0.016364356502890587
./data/processed/test/Jose_Maria_Aznar/Jose_Maria_Aznar_0009.jpg,Jose_Maria_Aznar,dark,Jose_Maria_Aznar,True,0.017016470432281494
./data/processed/test/Jose_Maria_Aznar/Jose_Maria_Aznar_0009.jpg,Jose_Maria_Aznar,bright,Jose_Maria_Aznar,True,0.017191417515277863
./data/processed/test/Jose_Maria_Aznar/Jose_Maria_Aznar_0010.jpg,Jose_Maria_Aznar,original,Jose_Maria_Aznar,True,0.017598601058125496
./data/processed/test/Jose_Maria_Aznar/Jose_Maria_Aznar_0010.jpg,Jose_Maria_Aznar,mask_eyes,Jose_Maria_Aznar,True,0.017180422320961952
./data/processed/test/Jose_Maria_Aznar/Jose_Maria_Aznar_0010.jpg,Jose_Maria_Aznar,mask_nose,Jose_Maria_Aznar,True,0.01750756986439228
./data/processed/test/Jose_Maria_Aznar/Jose_Maria_Aznar_0010.jpg,Jose_Maria_Aznar,mask_mouth,Jose_Maria_Aznar,True,0.017468106001615524
./data/processed/test/Jose_Maria_Aznar/Jose_Maria_Aznar_0010.jpg,Jose_Maria_Aznar,mask_face_oval,Hugo_Chavez,False,0.013327907770872116
./data/processed/test/Jose_Maria_Aznar/Jose_Maria_Aznar_0010.jpg,Jose_Maria_Aznar,mask_outside_face,Jose_Maria_Aznar,True,0.01562860794365406
./data/processed/test/Jose_Maria_Aznar/Jose_Maria_Aznar_0010.jpg,Jose_Maria_Aznar,dark,Jose_Maria_Aznar,True,0.017544908449053764
./data/processed/test/Jose_Maria_Aznar/Jose_Maria_Aznar_0010.jpg,Jose_Maria_Aznar,bright,Jose_Maria_Aznar,True,0.017544688656926155
./data/processed/test/Jose_Maria_Aznar/Jose_Maria_Aznar_0016.jpg,Jose_Maria_Aznar,original,Jose_Maria_Aznar,True,0.01770607754588127
./data/processed/test/Jose_Maria_Aznar/Jose_Maria_Aznar_0016.jpg,Jose_Maria_Aznar,mask_eyes,Jose_Maria_Aznar,True,0.017734641209244728
./data/processed/test/Jose_Maria_Aznar/Jose_Maria_Aznar_0016.jpg,Jose_Maria_Aznar,mask_nose,Jose_Maria_Aznar,True,0.017344029620289803
./data/processed/test/Jose_Maria_Aznar/Jose_Maria_Aznar_0016.jpg,Jose_Maria_Aznar,mask_mouth,Jose_Maria_Aznar,True,0.017601272091269493
./data/processed/test/Jose_Maria_Aznar/Jose_Maria_Aznar_0016.jpg,Jose_Maria_Aznar,mask_face_oval,Arnold_Schwarzenegger,False,0.01206252072006464
./data/processed/test/Jose_Maria_Aznar/Jose_Maria_Aznar_0016.jpg,Jose_Maria_Aznar,mask_outside_face,Jose_Maria_Aznar,True,0.017113810405135155
./data/processed/test/Jose_Maria_Aznar/Jose_Maria_Aznar_0016.jpg,Jose_Maria_Aznar,dark,Jose_Maria_Aznar,True,0.01760043390095234
./data/processed/test/Jose_Maria_Aznar/Jose_Maria_Aznar_0016.jpg,Jose_Maria_Aznar,bright,Jose_Maria_Aznar,True,0.01754593849182129
./data/processed/test/Jose_Maria_Aznar/Jose_Maria_Aznar_0018.jpg,Jose_Maria_Aznar,original,Jose_Maria_Aznar,True,0.01750004291534424
./data/processed/test/Jose_Maria_Aznar/Jose_Maria_Aznar_0018.jpg,Jose_Maria_Aznar,mask_eyes,Jose_Maria_Aznar,True,0.017330538481473923
./data/processed/test/Jose_Maria_Aznar/Jose_Maria_Aznar_0018.jpg,Jose_Maria_Aznar,mask_nose,Jose_Maria_Aznar,True,0.017319079488515854
./data/processed/test/Jose_Maria_Aznar/Jose_Maria_Aznar_0018.jpg,Jose_Maria_Aznar,mask_mouth,Jose_Maria_Aznar,True,0.01749962754547596
./data/processed/test/Jose_Maria_Aznar/Jose_Maria_Aznar_0018.jpg,Jose_Maria_Aznar,mask_face_oval,Ariel_Sharon,False,0.009949790313839912
./data/processed/test/Jose_Maria_Aznar/Jose_Maria_Aznar_0018.jpg,Jose_Maria_Aznar,mask_outside_face,Jose_Maria_Aznar,True,0.015509280376136303
./data/processed/test/Jose_Maria_Aznar/Jose_Maria_Aznar_0018.jpg,Jose_Maria_Aznar,dark,Jose_Maria_Aznar,True,0.017455147579312325
./data/processed/test/Jose_Maria_Aznar/Jose_Maria_Aznar_0018.jpg,Jose_Maria_Aznar,bright,Jose_Maria_Aznar,True,0.017490748316049576
./data/processed/test/Juan_Carlos_Ferrero/Juan_Carlos_Ferrero_0001.jpg,Juan_Carlos_Ferrero,original,Juan_Carlos_Ferrero,True,0.022790983319282532
./data/processed/test/Juan_Carlos_Ferrero/Juan_Carlos_Ferrero_0001.jpg,Juan_Carlos_Ferrero,mask_eyes,Juan_Carlos_Ferrero,True,0.02255772426724434
./data/processed/test/Juan_Carlos_Ferrero/Juan_Carlos_Ferrero_0001.jpg,Juan_Carlos_Ferrero,mask_nose,Juan_Carlos_Ferrero,True,0.02272353321313858
./data/processed/test/Juan_Carlos_Ferrero/Juan_Carlos_Ferrero_0001.jpg,Juan_Carlos_Ferrero,mask_mouth,Juan_Carlos_Ferrero,True,0.02266467921435833
./data/processed/test/Juan_Carlos_Ferrero/Juan_Carlos_Ferrero_0001.jpg,Juan_Carlos_Ferrero,mask_face_oval,Jiang_Zemin,False,0.00972814206033945
./data/processed/test/Juan_Carlos_Ferrero/Juan_Carlos_Ferrero_0001.jpg,Juan_Carlos_Ferrero,mask_outside_face,Vladimir_Putin,False,0.011898388154804707
./data/processed/test/Juan_Carlos_Ferrero/Juan_Carlos_Ferrero_0001.jpg,Juan_Carlos_Ferrero,dark,Juan_Carlos_Ferrero,True,0.022593075409531593
./data/processed/test/Juan_Carlos_Ferrero/Juan_Carlos_Ferrero_0001.jpg,Juan_Carlos_Ferrero,bright,Juan_Carlos_Ferrero,True,0.022715216502547264
./data/processed/test/Juan_Carlos_Ferrero/Juan_Carlos_Ferrero_0009.jpg,Juan_Carlos_Ferrero,original,Juan_Carlos_Ferrero,True,0.02297365292906761
./data/processed/test/Juan_Carlos_Ferrero/Juan_Carlos_Ferrero_0009.jpg,Juan_Carlos_Ferrero,mask_eyes,Juan_Carlos_Ferrero,True,0.022893864661455154
./data/processed/test/Juan_Carlos_Ferrero/Juan_Carlos_Ferrero_0009.jpg,Juan_Carlos_Ferrero,mask_nose,Juan_Carlos_Ferrero,True,0.022977471351623535
./data/processed/test/Juan_Carlos_Ferrero/Juan_Carlos_Ferrero_0009.jpg,Juan_Carlos_Ferrero,mask_mouth,Juan_Carlos_Ferrero,True,0.022871199995279312
./data/processed/test/Juan_Carlos_Ferrero/Juan_Carlos_Ferrero_0009.jpg,Juan_Carlos_Ferrero,mask_face_oval,Hugo_Chavez,False,0.009718552231788635
./data/processed/test/Juan_Carlos_Ferrero/Juan_Carlos_Ferrero_0009.jpg,Juan_Carlos_Ferrero,mask_outside_face,Lleyton_Hewitt,False,0.013066781684756279
./data/processed/test/Juan_Carlos_Ferrero/Juan_Carlos_Ferrero_0009.jpg,Juan_Carlos_Ferrero,dark,Juan_Carlos_Ferrero,True,0.02294597215950489
./data/processed/test/Juan_Carlos_Ferrero/Juan_Carlos_Ferrero_0009.jpg,Juan_Carlos_Ferrero,bright,Juan_Carlos_Ferrero,True,0.022968625649809837
./data/processed/test/Juan_Carlos_Ferrero/Juan_Carlos_Ferrero_0010.jpg,Juan_Carlos_Ferrero,original,Juan_Carlos_Ferrero,True,0.02283875271677971
./data/processed/test/Juan_Carlos_Ferrero/Juan_Carlos_Ferrero_0010.jpg,Juan_Carlos_Ferrero,mask_eyes,Juan_Carlos_Ferrero,True,0.02265327051281929
./data/processed/test/Juan_Carlos_Ferrero/Juan_Carlos_Ferrero_0010.jpg,Juan_Carlos_Ferrero,mask_nose,Juan_Carlos_Ferrero,True,0.02280372381210327
./data/processed/test/Juan_Carlos_Ferrero/Juan_Carlos_Ferrero_0010.jpg,Juan_Carlos_Ferrero,mask_mouth,Juan_Carlos_Ferrero,True,0.02275841496884823
./data/processed/test/Juan_Carlos_Ferrero/Juan_Carlos_Ferrero_0010.jpg,Juan_Carlos_Ferrero,mask_face_oval,Michael_Schumacher,False,0.010156574659049511
./data/processed/test/Juan_Carlos_Ferrero/Juan_Carlos_Ferrero_0010.jpg,Juan_Carlos_Ferrero,mask_outside_face,Juan_Carlos_Ferrero,True,0.0143426563590765
./data/processed/test/Juan_Carlos_Ferrero/Juan_Carlos_Ferrero_0010.jpg,Juan_Carlos_Ferrero,dark,Juan_Carlos_Ferrero,True,0.022748397663235664
./data/processed/test/Juan_Carlos_Ferrero/Juan_Carlos_Ferrero_0010.jpg,Juan_Carlos_Ferrero,bright,Juan_Carlos_Ferrero,True,0.022871842607855797
./data/processed/test/Juan_Carlos_Ferrero/Juan_Carlos_Ferrero_0013.jpg,Juan_Carlos_Ferrero,original,Juan_Carlos_Ferrero,True,0.022844020277261734
./data/processed/test/Juan_Carlos_Ferrero/Juan_Carlos_Ferrero_0013.jpg,Juan_Carlos_Ferrero,mask_eyes,Juan_Carlos_Ferrero,True,0.022731628268957138
./data/processed/test/Juan_Carlos_Ferrero/Juan_Carlos_Ferrero_0013.jpg,Juan_Carlos_Ferrero,mask_nose,Juan_Carlos_Ferrero,True,0.022725144401192665
./data/processed/test/Juan_Carlos_Ferrero/Juan_Carlos_Ferrero_0013.jpg,Juan_Carlos_Ferrero,mask_mouth,Juan_Carlos_Ferrero,True,0.022886989638209343
./data/processed/test/Juan_Carlos_Ferrero/Juan_Carlos_Ferrero_0013.jpg,Juan_Carlos_Ferrero,mask_face_oval,Michael_Schumacher,False,0.011272361502051353
./data/processed/test/Juan_Carlos_Ferrero/Juan_Carlos_Ferrero_0013.jpg,Juan_Carlos_Ferrero,mask_outside_face,Lleyton_Hewitt,False,0.012608105316758156
./data/processed/test/Juan_Carlos_Ferrero/Juan_Carlos_Ferrero_0013.jpg,Juan_Carlos_Ferrero,dark,Juan_Carlos_Ferrero,True,0.022773776203393936
./data/processed/test/Juan_Carlos_Ferrero/Juan_Carlos_Ferrero_0013.jpg,Juan_Carlos_Ferrero,bright,Juan_Carlos_Ferrero,True,0.022760462015867233
./data/processed/test/Juan_Carlos_Ferrero/Juan_Carlos_Ferrero_0022.jpg,Juan_Carlos_Ferrero,original,Juan_Carlos_Ferrero,True,0.022188477218151093
./data/processed/test/Juan_Carlos_Ferrero/Juan_Carlos_Ferrero_0022.jpg,Juan_Carlos_Ferrero,mask_eyes,Juan_Carlos_Ferrero,True,0.01812104694545269
./data/processed/test/Juan_Carlos_Ferrero/Juan_Carlos_Ferrero_0022.jpg,Juan_Carlos_Ferrero,mask_nose,Juan_Carlos_Ferrero,True,0.021740809082984924
./data/processed/test/Juan_Carlos_Ferrero/Juan_Carlos_Ferrero_0022.jpg,Juan_Carlos_Ferrero,mask_mouth,Juan_Carlos_Ferrero,True,0.02114841155707836
./data/processed/test/Juan_Carlos_Ferrero/Juan_Carlos_Ferrero_0022.jpg,Juan_Carlos_Ferrero,mask_face_oval,Ariel_Sharon,False,0.008832874707877636
./data/processed/test/Juan_Carlos_Ferrero/Juan_Carlos_Ferrero_0022.jpg,Juan_Carlos_Ferrero,mask_outside_face,Lleyton_Hewitt,False,0.013914809562265873
./data/processed/test/Juan_Carlos_Ferrero/Juan_Carlos_Ferrero_0022.jpg,Juan_Carlos_Ferrero,dark,Juan_Carlos_Ferrero,True,0.022034792229533195
./data/processed/test/Juan_Carlos_Ferrero/Juan_Carlos_Ferrero_0022.jpg,Juan_Carlos_Ferrero,bright,Juan_Carlos_Ferrero,True,0.022172491997480392
./data/processed/test/Juan_Carlos_Ferrero/Juan_Carlos_Ferrero_0026.jpg,Juan_Carlos_Ferrero,original,Juan_Carlos_Ferrero,True,0.022656774148344994
./data/processed/test/Juan_Carlos_Ferrero/Juan_Carlos_Ferrero_0026.jpg,Juan_Carlos_Ferrero,mask_eyes,Juan_Carlos_Ferrero,True,0.022468246519565582
./data/processed/test/Juan_Carlos_Ferrero/Juan_Carlos_Ferrero_0026.jpg,Juan_Carlos_Ferrero,mask_nose,Juan_Carlos_Ferrero,True,0.022497111931443214
./data/processed/test/Juan_Carlos_Ferrero/Juan_Carlos_Ferrero_0026.jpg,Juan_Carlos_Ferrero,mask_mouth,Juan_Carlos_Ferrero,True,0.022708483040332794
./data/processed/test/Juan_Carlos_Ferrero/Juan_Carlos_Ferrero_0026.jpg,Juan_Carlos_Ferrero,mask_face_oval,Michael_Schumacher,False,0.010358843021094799
./data/processed/test/Juan_Carlos_Ferrero/Juan_Carlos_Ferrero_0026.jpg,Juan_Carlos_Ferrero,mask_outside_face,Carlos_Moya,False,0.013598250225186348
./data/processed/test/Juan_Carlos_Ferrero/Juan_Carlos_Ferrero_0026.jpg,Juan_Carlos_Ferrero,dark,Juan_Carlos_Ferrero,True,0.02253716066479683
./data/processed/test/Juan_Carlos_Ferrero/Juan_Carlos_Ferrero_0026.jpg,Juan_Carlos_Ferrero,bright,Juan_Carlos_Ferrero,True,0.022633224725723267
./data/processed/test/Julianne_Moore/Julianne_Moore_0001.jpg,Julianne_Moore,original,Julianne_Moore,True,0.015096777118742466
./data/processed/test/Julianne_Moore/Julianne_Moore_0001.jpg,Julianne_Moore,mask_eyes,Julianne_Moore,True,0.014560814946889877
./data/processed/test/Julianne_Moore/Julianne_Moore_0001.jpg,Julianne_Moore,mask_nose,Julianne_Moore,True,0.014827868901193142
./data/processed/test/Julianne_Moore/Julianne_Moore_0001.jpg,Julianne_Moore,mask_mouth,Julianne_Moore,True,0.015063691884279251
./data/processed/test/Julianne_Moore/Julianne_Moore_0001.jpg,Julianne_Moore,mask_face_oval,Alejandro_Toledo,False,0.010388381779193878
./data/processed/test/Julianne_Moore/Julianne_Moore_0001.jpg,Julianne_Moore,mask_outside_face,Julianne_Moore,True,0.01460288092494011
./data/processed/test/Julianne_Moore/Julianne_Moore_0001.jpg,Julianne_Moore,dark,Julianne_Moore,True,0.014941495843231678
./data/processed/test/Julianne_Moore/Julianne_Moore_0001.jpg,Julianne_Moore,bright,Julianne_Moore,True,0.015016448684036732
./data/processed/test/Julianne_Moore/Julianne_Moore_0002.jpg,Julianne_Moore,original,Julianne_Moore,True,0.01511247456073761
./data/processed/test/Julianne_Moore/Julianne_Moore_0002.jpg,Julianne_Moore,mask_eyes,Julianne_Moore,True,0.014812293462455273
./data/processed/test/Julianne_Moore/Julianne_Moore_0002.jpg,Julianne_Moore,mask_nose,Julianne_Moore,True,0.014760171063244343
./data/processed/test/Julianne_Moore/Julianne_Moore_0002.jpg,Julianne_Moore,mask_mouth,Julianne_Moore,True,0.015024376101791859
./data/processed/test/Julianne_Moore/Julianne_Moore_0002.jpg,Julianne_Moore,mask_face_oval,Alejandro_Toledo,False,0.00946846790611744
./data/processed/test/Julianne_Moore/Julianne_Moore_0002.jpg,Julianne_Moore,mask_outside_face,Julianne_Moore,True,0.015038485638797283
./data/processed/test/Julianne_Moore/Julianne_Moore_0002.jpg,Julianne_Moore,dark,Julianne_Moore,True,0.015258116647601128
./data/processed/test/Julianne_Moore/Julianne_Moore_0002.jpg,Julianne_Moore,bright,Julianne_Moore,True,0.014853783883154392
./data/processed/test/Julianne_Moore/Julianne_Moore_0006.jpg,Julianne_Moore,original,Julianne_Moore,True,0.011600780300796032
./data/processed/test/Julianne_Moore/Julianne_Moore_0006.jpg,Julianne_Moore,mask_eyes,Winona_Ryder,False,0.011471924372017384
./data/processed/test/Julianne_Moore/Julianne_Moore_0006.jpg,Julianne_Moore,mask_nose,Winona_Ryder,False,0.012223975732922554
./data/processed/test/Julianne_Moore/Julianne_Moore_0006.jpg,Julianne_Moore,mask_mouth,Winona_Ryder,False,0.011500760912895203
./data/processed/test/Julianne_Moore/Julianne_Moore_0006.jpg,Julianne_Moore,mask_face_oval,Hugo_Chavez,False,0.010137895122170448
./data/processed/test/Julianne_Moore/Julianne_Moore_0006.jpg,Julianne_Moore,mask_outside_face,Julianne_Moore,True,0.012841823510825634
./data/processed/test/Julianne_Moore/Julianne_Moore_0006.jpg,Julianne_Moore,dark,Winona_Ryder,False,0.010842505842447281
./data/processed/test/Julianne_Moore/Julianne_Moore_0006.jpg,Julianne_Moore,bright,Nancy_Pelosi,False,0.01116978470236063
./data/processed/test/Julianne_Moore/Julianne_Moore_0012.jpg,Julianne_Moore,original,Julianne_Moore,True,0.015357394702732563
./data/processed/test/Julianne_Moore/Julianne_Moore_0012.jpg,Julianne_Moore,mask_eyes,Julianne_Moore,True,0.015085101127624512
./data/processed/test/Julianne_Moore/Julianne_Moore_0012.jpg,Julianne_Moore,mask_nose,Julianne_Moore,True,0.015183448791503906
./data/processed/test/Julianne_Moore/Julianne_Moore_0012.jpg,Julianne_Moore,mask_mouth,Julianne_Moore,True,0.015267619863152504
./data/processed/test/Julianne_Moore/Julianne_Moore_0012.jpg,Julianne_Moore,mask_face_oval,Jiang_Zemin,False,0.009628016501665115
./data/processed/test/Julianne_Moore/Julianne_Moore_0012.jpg,Julianne_Moore,mask_outside_face,Julianne_Moore,True,0.014844260178506374
./data/processed/test/Julianne_Moore/Julianne_Moore_0012.jpg,Julianne_Moore,dark,Julianne_Moore,True,0.01525028981268406
./data/processed/test/Julianne_Moore/Julianne_Moore_0012.jpg,Julianne_Moore,bright,Julianne_Moore,True,0.0153586994856596
./data/processed/test/Julie_Gerberding/Julie_Gerberding_0001.jpg,Julie_Gerberding,original,Julie_Gerberding,True,0.015995163470506668
./data/processed/test/Julie_Gerberding/Julie_Gerberding_0001.jpg,Julie_Gerberding,mask_eyes,Julie_Gerberding,True,0.015285325236618519
./data/processed/test/Julie_Gerberding/Julie_Gerberding_0001.jpg,Julie_Gerberding,mask_nose,Julie_Gerberding,True,0.01532241702079773
./data/processed/test/Julie_Gerberding/Julie_Gerberding_0001.jpg,Julie_Gerberding,mask_mouth,Julie_Gerberding,True,0.015971295535564423
./data/processed/test/Julie_Gerberding/Julie_Gerberding_0001.jpg,Julie_Gerberding,mask_face_oval,Jiang_Zemin,False,0.00938846729695797
./data/processed/test/Julie_Gerberding/Julie_Gerberding_0001.jpg,Julie_Gerberding,mask_outside_face,Julie_Gerberding,True,0.015249264426529408
./data/processed/test/Julie_Gerberding/Julie_Gerberding_0001.jpg,Julie_Gerberding,dark,Julie_Gerberding,True,0.01601405441761017
./data/processed/test/Julie_Gerberding/Julie_Gerberding_0001.jpg,Julie_Gerberding,bright,Julie_Gerberding,True,0.015834927558898926
./data/processed/test/Julie_Gerberding/Julie_Gerberding_0010.jpg,Julie_Gerberding,original,Julie_Gerberding,True,0.016062017530202866
./data/processed/test/Julie_Gerberding/Julie_Gerberding_0010.jpg,Julie_Gerberding,mask_eyes,Julie_Gerberding,True,0.015849009156227112
./data/processed/test/Julie_Gerberding/Julie_Gerberding_0010.jpg,Julie_Gerberding,mask_nose,Julie_Gerberding,True,0.015305398032069206
./data/processed/test/Julie_Gerberding/Julie_Gerberding_0010.jpg,Julie_Gerberding,mask_mouth,Julie_Gerberding,True,0.016007456928491592
./data/processed/test/Julie_Gerberding/Julie_Gerberding_0010.jpg,Julie_Gerberding,mask_face_oval,Tiger_Woods,False,0.009328936226665974
./data/processed/test/Julie_Gerberding/Julie_Gerberding_0010.jpg,Julie_Gerberding,mask_outside_face,Julie_Gerberding,True,0.014981502667069435
./data/processed/test/Julie_Gerberding/Julie_Gerberding_0010.jpg,Julie_Gerberding,dark,Julie_Gerberding,True,0.01609562151134014
./data/processed/test/Julie_Gerberding/Julie_Gerberding_0010.jpg,Julie_Gerberding,bright,Julie_Gerberding,True,0.015969732776284218
./data/processed/test/Julie_Gerberding/Julie_Gerberding_0012.jpg,Julie_Gerberding,original,Julie_Gerberding,True,0.015934767201542854
./data/processed/test/Julie_Gerberding/Julie_Gerberding_0012.jpg,Julie_Gerberding,mask_eyes,Julie_Gerberding,True,0.015369093976914883
./data/processed/test/Julie_Gerberding/Julie_Gerberding_0012.jpg,Julie_Gerberding,mask_nose,Julie_Gerberding,True,0.015517473220825195
./data/processed/test/Julie_Gerberding/Julie_Gerberding_0012.jpg,Julie_Gerberding,mask_mouth,Julie_Gerberding,True,0.01579260639846325
./data/processed/test/Julie_Gerberding/Julie_Gerberding_0012.jpg,Julie_Gerberding,mask_face_oval,Lance_Armstrong,False,0.009409001097083092
./data/processed/test/Julie_Gerberding/Julie_Gerberding_0012.jpg,Julie_Gerberding,mask_outside_face,Julie_Gerberding,True,0.015511248260736465
./data/processed/test/Julie_Gerberding/Julie_Gerberding_0012.jpg,Julie_Gerberding,dark,Julie_Gerberding,True,0.015845561400055885
./data/processed/test/Julie_Gerberding/Julie_Gerberding_0012.jpg,Julie_Gerberding,bright,Julie_Gerberding,True,0.015941932797431946
./data/processed/test/Junichiro_Koizumi/Junichiro_Koizumi_0001.jpg,Junichiro_Koizumi,original,Junichiro_Koizumi,True,0.04267597571015358
./data/processed/test/Junichiro_Koizumi/Junichiro_Koizumi_0001.jpg,Junichiro_Koizumi,mask_eyes,Junichiro_Koizumi,True,0.0424308143556118
./data/processed/test/Junichiro_Koizumi/Junichiro_Koizumi_0001.jpg,Junichiro_Koizumi,mask_nose,Junichiro_Koizumi,True,0.04221438616514206
./data/processed/test/Junichiro_Koizumi/Junichiro_Koizumi_0001.jpg,Junichiro_Koizumi,mask_mouth,Junichiro_Koizumi,True,0.04269520565867424
./data/processed/test/Junichiro_Koizumi/Junichiro_Koizumi_0001.jpg,Junichiro_Koizumi,mask_face_oval,Hugo_Chavez,False,0.010656575672328472
./data/processed/test/Junichiro_Koizumi/Junichiro_Koizumi_0001.jpg,Junichiro_Koizumi,mask_outside_face,Junichiro_Koizumi,True,0.035684723407030106
./data/processed/test/Junichiro_Koizumi/Junichiro_Koizumi_0001.jpg,Junichiro_Koizumi,dark,Junichiro_Koizumi,True,0.04263816028833389
./data/processed/test/Junichiro_Koizumi/Junichiro_Koizumi_0001.jpg,Junichiro_Koizumi,bright,Junichiro_Koizumi,True,0.04259639233350754
./data/processed/test/Junichiro_Koizumi/Junichiro_Koizumi_0006.jpg,Junichiro_Koizumi,original,Junichiro_Koizumi,True,0.04252111539244652
./data/processed/test/Junichiro_Koizumi/Junichiro_Koizumi_0006.jpg,Junichiro_Koizumi,mask_eyes,Junichiro_Koizumi,True,0.041897501796483994
./data/processed/test/Junichiro_Koizumi/Junichiro_Koizumi_0006.jpg,Junichiro_Koizumi,mask_nose,Junichiro_Koizumi,True,0.042445506900548935
./data/processed/test/Junichiro_Koizumi/Junichiro_Koizumi_0006.jpg,Junichiro_Koizumi,mask_mouth,Junichiro_Koizumi,True,0.04245632514357567
./data/processed/test/Junichiro_Koizumi/Junichiro_Koizumi_0006.jpg,Junichiro_Koizumi,mask_face_oval,Gerhard_Schroeder,False,0.013349883258342743
./data/processed/test/Junichiro_Koizumi/Junichiro_Koizumi_0006.jpg,Junichiro_Koizumi,mask_outside_face,Junichiro_Koizumi,True,0.03482649847865105
./data/processed/test/Junichiro_Koizumi/Junichiro_Koizumi_0006.jpg,Junichiro_Koizumi,dark,Junichiro_Koizumi,True,0.04258117079734802
./data/processed/test/Junichiro_Koizumi/Junichiro_Koizumi_0006.jpg,Junichiro_Koizumi,bright,Junichiro_Koizumi,True,0.042435172945261
./data/processed/test/Junichiro_Koizumi/Junichiro_Koizumi_0013.jpg,Junichiro_Koizumi,original,Junichiro_Koizumi,True,0.042583633214235306
./data/processed/test/Junichiro_Koizumi/Junichiro_Koizumi_0013.jpg,Junichiro_Koizumi,mask_eyes,Junichiro_Koizumi,True,0.04185722768306732
./data/processed/test/Junichiro_Koizumi/Junichiro_Koizumi_0013.jpg,Junichiro_Koizumi,mask_nose,Junichiro_Koizumi,True,0.04250256344676018
./data/processed/test/Junichiro_Koizumi/Junichiro_Koizumi_0013.jpg,Junichiro_Koizumi,mask_mouth,Junichiro_Koizumi,True,0.042529311031103134
./data/processed/test/Junichiro_Koizumi/Junichiro_Koizumi_0013.jpg,Junichiro_Koizumi,mask_face_oval,Hugo_Chavez,False,0.01427019014954567
./data/processed/test/Junichiro_Koizumi/Junichiro_Koizumi_0013.jpg,Junichiro_Koizumi,mask_outside_face,Junichiro_Koizumi,True,0.03784749284386635
./data/processed/test/Junichiro_Koizumi/Junichiro_Koizumi_0013.jpg,Junichiro_Koizumi,dark,Junichiro_Koizumi,True,0.04258333519101143
./data/processed/test/Junichiro_Koizumi/Junichiro_Koizumi_0013.jpg,Junichiro_Koizumi,bright,Junichiro_Koizumi,True,0.0425611287355423
./data/processed/test/Junichiro_Koizumi/Junichiro_Koizumi_0014.jpg,Junichiro_Koizumi,original,Junichiro_Koizumi,True,0.04258602112531662
./data/processed/test/Junichiro_Koizumi/Junichiro_Koizumi_0014.jpg,Junichiro_Koizumi,mask_eyes,Junichiro_Koizumi,True,0.042478546500205994
./data/processed/test/Junichiro_Koizumi/Junichiro_Koizumi_0014.jpg,Junichiro_Koizumi,mask_nose,Junichiro_Koizumi,True,0.042563002556562424
./data/processed/test/Junichiro_Koizumi/Junichiro_Koizumi_0014.jpg,Junichiro_Koizumi,mask_mouth,Junichiro_Koizumi,True,0.04259513318538666
./data/processed/test/Junichiro_Koizumi/Junichiro_Koizumi_0014.jpg,Junichiro_Koizumi,mask_face_oval,Gerhard_Schroeder,False,0.013651072047650814
./data/processed/test/Junichiro_Koizumi/Junichiro_Koizumi_0014.jpg,Junichiro_Koizumi,mask_outside_face,Junichiro_Koizumi,True,0.03992388769984245
./data/processed/test/Junichiro_Koizumi/Junichiro_Koizumi_0014.jpg,Junichiro_Koizumi,dark,Junichiro_Koizumi,True,0.04261454567313194
./data/processed/test/Junichiro_Koizumi/Junichiro_Koizumi_0014.jpg,Junichiro_Koizumi,bright,Junichiro_Koizumi,True,0.04261753708124161
./data/processed/test/Junichiro_Koizumi/Junichiro_Koizumi_0034.jpg,Junichiro_Koizumi,original,Junichiro_Koizumi,True,0.042573314160108566
./data/processed/test/Junichiro_Koizumi/Junichiro_Koizumi_0034.jpg,Junichiro_Koizumi,mask_eyes,Junichiro_Koizumi,True,0.04251975193619728
./data/processed/test/Junichiro_Koizumi/Junichiro_Koizumi_0034.jpg,Junichiro_Koizumi,mask_nose,Junichiro_Koizumi,True,0.04245591536164284
./data/processed/test/Junichiro_Koizumi/Junichiro_Koizumi_0034.jpg,Junichiro_Koizumi,mask_mouth,Junichiro_Koizumi,True,0.04261435568332672
./data/processed/test/Junichiro_Koizumi/Junichiro_Koizumi_0034.jpg,Junichiro_Koizumi,mask_face_oval,Gerhard_Schroeder,False,0.011880345642566681
./data/processed/test/Junichiro_Koizumi/Junichiro_Koizumi_0034.jpg,Junichiro_Koizumi,mask_outside_face,Junichiro_Koizumi,True,0.04131343588232994
./data/processed/test/Junichiro_Koizumi/Junichiro_Koizumi_0034.jpg,Junichiro_Koizumi,dark,Junichiro_Koizumi,True,0.042555712163448334
./data/processed/test/Junichiro_Koizumi/Junichiro_Koizumi_0034.jpg,Junichiro_Koizumi,bright,Junichiro_Koizumi,True,0.04249323159456253
./data/processed/test/Junichiro_Koizumi/Junichiro_Koizumi_0037.jpg,Junichiro_Koizumi,original,Junichiro_Koizumi,True,0.042667027562856674
./data/processed/test/Junichiro_Koizumi/Junichiro_Koizumi_0037.jpg,Junichiro_Koizumi,mask_eyes,Junichiro_Koizumi,True,0.042624522000551224
./data/processed/test/Junichiro_Koizumi/Junichiro_Koizumi_0037.jpg,Junichiro_Koizumi,mask_nose,Junichiro_Koizumi,True,0.04242117330431938
./data/processed/test/Junichiro_Koizumi/Junichiro_Koizumi_0037.jpg,Junichiro_Koizumi,mask_mouth,Junichiro_Koizumi,True,0.042678434401750565
./data/processed/test/Junichiro_Koizumi/Junichiro_Koizumi_0037.jpg,Junichiro_Koizumi,mask_face_oval,Gerhard_Schroeder,False,0.010467457585036755
./data/processed/test/Junichiro_Koizumi/Junichiro_Koizumi_0037.jpg,Junichiro_Koizumi,mask_outside_face,Junichiro_Koizumi,True,0.04121030867099762
./data/processed/test/Junichiro_Koizumi/Junichiro_Koizumi_0037.jpg,Junichiro_Koizumi,dark,Junichiro_Koizumi,True,0.04262707754969597
./data/processed/test/Junichiro_Koizumi/Junichiro_Koizumi_0037.jpg,Junichiro_Koizumi,bright,Junichiro_Koizumi,True,0.04252997413277626
./data/processed/test/Junichiro_Koizumi/Junichiro_Koizumi_0046.jpg,Junichiro_Koizumi,original,Junichiro_Koizumi,True,0.04270198568701744
./data/processed/test/Junichiro_Koizumi/Junichiro_Koizumi_0046.jpg,Junichiro_Koizumi,mask_eyes,Junichiro_Koizumi,True,0.0426914244890213
./data/processed/test/Junichiro_Koizumi/Junichiro_Koizumi_0046.jpg,Junichiro_Koizumi,mask_nose,Junichiro_Koizumi,True,0.04262247681617737
./data/processed/test/Junichiro_Koizumi/Junichiro_Koizumi_0046.jpg,Junichiro_Koizumi,mask_mouth,Junichiro_Koizumi,True,0.042685721069574356
./data/processed/test/Junichiro_Koizumi/Junichiro_Koizumi_0046.jpg,Junichiro_Koizumi,mask_face_oval,Arnold_Schwarzenegger,False,0.009875611402094364
./data/processed/test/Junichiro_Koizumi/Junichiro_Koizumi_0046.jpg,Junichiro_Koizumi,mask_outside_face,Junichiro_Koizumi,True,0.03976121172308922
./data/processed/test/Junichiro_Koizumi/Junichiro_Koizumi_0046.jpg,Junichiro_Koizumi,dark,Junichiro_Koizumi,True,0.0427258163690567
./data/processed/test/Junichiro_Koizumi/Junichiro_Koizumi_0046.jpg,Junichiro_Koizumi,bright,Junichiro_Koizumi,True,0.042633477598428726
./data/processed/test/Junichiro_Koizumi/Junichiro_Koizumi_0047.jpg,Junichiro_Koizumi,original,Junichiro_Koizumi,True,0.0427432581782341
./data/processed/test/Junichiro_Koizumi/Junichiro_Koizumi_0047.jpg,Junichiro_Koizumi,mask_eyes,Junichiro_Koizumi,True,0.042721062898635864
./data/processed/test/Junichiro_Koizumi/Junichiro_Koizumi_0047.jpg,Junichiro_Koizumi,mask_nose,Junichiro_Koizumi,True,0.042691104114055634
./data/processed/test/Junichiro_Koizumi/Junichiro_Koizumi_0047.jpg,Junichiro_Koizumi,mask_mouth,Junichiro_Koizumi,True,0.04276416823267937
./data/processed/test/Junichiro_Koizumi/Junichiro_Koizumi_0047.jpg,Junichiro_Koizumi,mask_face_oval,Jiang_Zemin,False,0.01085918303579092
./data/processed/test/Junichiro_Koizumi/Junichiro_Koizumi_0047.jpg,Junichiro_Koizumi,mask_outside_face,Junichiro_Koizumi,True,0.03549504652619362
./data/processed/test/Junichiro_Koizumi/Junichiro_Koizumi_0047.jpg,Junichiro_Koizumi,dark,Junichiro_Koizumi,True,0.04269400238990784
./data/processed/test/Junichiro_Koizumi/Junichiro_Koizumi_0047.jpg,Junichiro_Koizumi,bright,Junichiro_Koizumi,True,0.04272296279668808
./data/processed/test/Junichiro_Koizumi/Junichiro_Koizumi_0049.jpg,Junichiro_Koizumi,original,Junichiro_Koizumi,True,0.04267361760139465
./data/processed/test/Junichiro_Koizumi/Junichiro_Koizumi_0049.jpg,Junichiro_Koizumi,mask_eyes,Junichiro_Koizumi,True,0.042390987277030945
./data/processed/test/Junichiro_Koizumi/Junichiro_Koizumi_0049.jpg,Junichiro_Koizumi,mask_nose,Junichiro_Koizumi,True,0.04256464168429375
./data/processed/test/Junichiro_Koizumi/Junichiro_Koizumi_0049.jpg,Junichiro_Koizumi,mask_mouth,Junichiro_Koizumi,True,0.04269802197813988
./data/processed/test/Junichiro_Koizumi/Junichiro_Koizumi_0049.jpg,Junichiro_Koizumi,mask_face_oval,Gerhard_Schroeder,False,0.012227094732224941
./data/processed/test/Junichiro_Koizumi/Junichiro_Koizumi_0049.jpg,Junichiro_Koizumi,mask_outside_face,Junichiro_Koizumi,True,0.040182895958423615
./data/processed/test/Junichiro_Koizumi/Junichiro_Koizumi_0049.jpg,Junichiro_Koizumi,dark,Junichiro_Koizumi,True,0.04269395396113396
./data/processed/test/Junichiro_Koizumi/Junichiro_Koizumi_0049.jpg,Junichiro_Koizumi,bright,Junichiro_Koizumi,True,0.04265514016151428
./data/processed/test/Junichiro_Koizumi/Junichiro_Koizumi_0051.jpg,Junichiro_Koizumi,original,Junichiro_Koizumi,True,0.04264357313513756
./data/processed/test/Junichiro_Koizumi/Junichiro_Koizumi_0051.jpg,Junichiro_Koizumi,mask_eyes,Junichiro_Koizumi,True,0.042602214962244034
./data/processed/test/Junichiro_Koizumi/Junichiro_Koizumi_0051.jpg,Junichiro_Koizumi,mask_nose,Junichiro_Koizumi,True,0.04250023514032364
./data/processed/test/Junichiro_Koizumi/Junichiro_Koizumi_0051.jpg,Junichiro_Koizumi,mask_mouth,Junichiro_Koizumi,True,0.042656511068344116
./data/processed/test/Junichiro_Koizumi/Junichiro_Koizumi_0051.jpg,Junichiro_Koizumi,mask_face_oval,Gerhard_Schroeder,False,0.012301797978579998
./data/processed/test/Junichiro_Koizumi/Junichiro_Koizumi_0051.jpg,Junichiro_Koizumi,mask_outside_face,Junichiro_Koizumi,True,0.04045000299811363
./data/processed/test/Junichiro_Koizumi/Junichiro_Koizumi_0051.jpg,Junichiro_Koizumi,dark,Junichiro_Koizumi,True,0.042634885758161545
./data/processed/test/Junichiro_Koizumi/Junichiro_Koizumi_0051.jpg,Junichiro_Koizumi,bright,Junichiro_Koizumi,True,0.04257267341017723
./data/processed/test/Junichiro_Koizumi/Junichiro_Koizumi_0055.jpg,Junichiro_Koizumi,original,Junichiro_Koizumi,True,0.042583439499139786
./data/processed/test/Junichiro_Koizumi/Junichiro_Koizumi_0055.jpg,Junichiro_Koizumi,mask_eyes,Junichiro_Koizumi,True,0.042385660111904144
./data/processed/test/Junichiro_Koizumi/Junichiro_Koizumi_0055.jpg,Junichiro_Koizumi,mask_nose,Junichiro_Koizumi,True,0.04221323877573013
./data/processed/test/Junichiro_Koizumi/Junichiro_Koizumi_0055.jpg,Junichiro_Koizumi,mask_mouth,Junichiro_Koizumi,True,0.04256607964634895
./data/processed/test/Junichiro_Koizumi/Junichiro_Koizumi_0055.jpg,Junichiro_Koizumi,mask_face_oval,Lance_Armstrong,False,0.010076435282826424
./data/processed/test/Junichiro_Koizumi/Junichiro_Koizumi_0055.jpg,Junichiro_Koizumi,mask_outside_face,Junichiro_Koizumi,True,0.039837855845689774
./data/processed/test/Junichiro_Koizumi/Junichiro_Koizumi_0055.jpg,Junichiro_Koizumi,dark,Junichiro_Koizumi,True,0.042572978883981705
./data/processed/test/Junichiro_Koizumi/Junichiro_Koizumi_0055.jpg,Junichiro_Koizumi,bright,Junichiro_Koizumi,True,0.04254725202918053
./data/processed/test/Junichiro_Koizumi/Junichiro_Koizumi_0058.jpg,Junichiro_Koizumi,original,Junichiro_Koizumi,True,0.04207552224397659
./data/processed/test/Junichiro_Koizumi/Junichiro_Koizumi_0058.jpg,Junichiro_Koizumi,mask_eyes,Junichiro_Koizumi,True,0.038639601320028305
./data/processed/test/Junichiro_Koizumi/Junichiro_Koizumi_0058.jpg,Junichiro_Koizumi,mask_nose,Junichiro_Koizumi,True,0.04041324183344841
./data/processed/test/Junichiro_Koizumi/Junichiro_Koizumi_0058.jpg,Junichiro_Koizumi,mask_mouth,Junichiro_Koizumi,True,0.041824597865343094
./data/processed/test/Junichiro_Koizumi/Junichiro_Koizumi_0058.jpg,Junichiro_Koizumi,mask_face_oval,Arnold_Schwarzenegger,False,0.010723295621573925
./data/processed/test/Junichiro_Koizumi/Junichiro_Koizumi_0058.jpg,Junichiro_Koizumi,mask_outside_face,Junichiro_Koizumi,True,0.0343608595430851
./data/processed/test/Junichiro_Koizumi/Junichiro_Koizumi_0058.jpg,Junichiro_Koizumi,dark,Junichiro_Koizumi,True,0.04137773811817169
./data/processed/test/Junichiro_Koizumi/Junichiro_Koizumi_0058.jpg,Junichiro_Koizumi,bright,Junichiro_Koizumi,True,0.042107198387384415
./data/processed/test/Keanu_Reeves/Keanu_Reeves_0001.jpg,Keanu_Reeves,original,Keanu_Reeves,True,0.010487847961485386
./data/processed/test/Keanu_Reeves/Keanu_Reeves_0001.jpg,Keanu_Reeves,mask_eyes,Arnold_Schwarzenegger,False,0.011059488169848919
./data/processed/test/Keanu_Reeves/Keanu_Reeves_0001.jpg,Keanu_Reeves,mask_nose,Keanu_Reeves,True,0.010078837163746357
./data/processed/test/Keanu_Reeves/Keanu_Reeves_0001.jpg,Keanu_Reeves,mask_mouth,Keanu_Reeves,True,0.010065318085253239
./data/processed/test/Keanu_Reeves/Keanu_Reeves_0001.jpg,Keanu_Reeves,mask_face_oval,Arnold_Schwarzenegger,False,0.010659943334758282
./data/processed/test/Keanu_Reeves/Keanu_Reeves_0001.jpg,Keanu_Reeves,mask_outside_face,David_Beckham,False,0.013433507643640041
./data/processed/test/Keanu_Reeves/Keanu_Reeves_0001.jpg,Keanu_Reeves,dark,David_Beckham,False,0.0107229333370924
./data/processed/test/Keanu_Reeves/Keanu_Reeves_0001.jpg,Keanu_Reeves,bright,Keanu_Reeves,True,0.010371992364525795
./data/processed/test/Keanu_Reeves/Keanu_Reeves_0010.jpg,Keanu_Reeves,original,Keanu_Reeves,True,0.010782191529870033
./data/processed/test/Keanu_Reeves/Keanu_Reeves_0010.jpg,Keanu_Reeves,mask_eyes,Keanu_Reeves,True,0.010348801501095295
./data/processed/test/Keanu_Reeves/Keanu_Reeves_0010.jpg,Keanu_Reeves,mask_nose,Keanu_Reeves,True,0.010608815588057041
./data/processed/test/Keanu_Reeves/Keanu_Reeves_0010.jpg,Keanu_Reeves,mask_mouth,Keanu_Reeves,True,0.009740620851516724
./data/processed/test/Keanu_Reeves/Keanu_Reeves_0010.jpg,Keanu_Reeves,mask_face_oval,Alejandro_Toledo,False,0.009722021408379078
./data/processed/test/Keanu_Reeves/Keanu_Reeves_0010.jpg,Keanu_Reeves,mask_outside_face,Hamid_Karzai,False,0.011280590668320656
./data/processed/test/Keanu_Reeves/Keanu_Reeves_0010.jpg,Keanu_Reeves,dark,Keanu_Reeves,True,0.01079025212675333
./data/processed/test/Keanu_Reeves/Keanu_Reeves_0010.jpg,Keanu_Reeves,bright,Keanu_Reeves,True,0.010581194423139095
./data/processed/test/Keanu_Reeves/Keanu_Reeves_0011.jpg,Keanu_Reeves,original,David_Beckham,False,0.011961226351559162
./data/processed/test/Keanu_Reeves/Keanu_Reeves_0011.jpg,Keanu_Reeves,mask_eyes,David_Beckham,False,0.010616566054522991
./data/processed/test/Keanu_Reeves/Keanu_Reeves_0011.jpg,Keanu_Reeves,mask_nose,David_Beckham,False,0.01239946112036705
./data/processed/test/Keanu_Reeves/Keanu_Reeves_0011.jpg,Keanu_Reeves,mask_mouth,David_Beckham,False,0.011846884153783321
./data/processed/test/Keanu_Reeves/Keanu_Reeves_0011.jpg,Keanu_Reeves,mask_face_oval,Arnold_Schwarzenegger,False,0.012294911779463291
./data/processed/test/Keanu_Reeves/Keanu_Reeves_0011.jpg,Keanu_Reeves,mask_outside_face,David_Beckham,False,0.011574367061257362
./data/processed/test/Keanu_Reeves/Keanu_Reeves_0011.jpg,Keanu_Reeves,dark,David_Beckham,False,0.012272846885025501
./data/processed/test/Keanu_Reeves/Keanu_Reeves_0011.jpg,Keanu_Reeves,bright,David_Beckham,False,0.011380749754607677
./data/processed/test/Kim_Clijsters/Kim_Clijsters_0001.jpg,Kim_Clijsters,original,Jennifer_Capriati,False,0.012479427270591259
./data/processed/test/Kim_Clijsters/Kim_Clijsters_0001.jpg,Kim_Clijsters,mask_eyes,Kim_Clijsters,True,0.012021394446492195
./data/processed/test/Kim_Clijsters/Kim_Clijsters_0001.jpg,Kim_Clijsters,mask_nose,Jennifer_Capriati,False,0.01153540425002575
./data/processed/test/Kim_Clijsters/Kim_Clijsters_0001.jpg,Kim_Clijsters,mask_mouth,Jennifer_Capriati,False,0.011823219247162342
./data/processed/test/Kim_Clijsters/Kim_Clijsters_0001.jpg,Kim_Clijsters,mask_face_oval,Michael_Schumacher,False,0.01088655460625887
./data/processed/test/Kim_Clijsters/Kim_Clijsters_0001.jpg,Kim_Clijsters,mask_outside_face,Kim_Clijsters,True,0.010898761451244354
./data/processed/test/Kim_Clijsters/Kim_Clijsters_0001.jpg,Kim_Clijsters,dark,Jennifer_Capriati,False,0.012584893964231014
./data/processed/test/Kim_Clijsters/Kim_Clijsters_0001.jpg,Kim_Clijsters,bright,Kim_Clijsters,True,0.01203815545886755
./data/processed/test/Kim_Clijsters/Kim_Clijsters_0010.jpg,Kim_Clijsters,original,Kim_Clijsters,True,0.01241226028650999
./data/processed/test/Kim_Clijsters/Kim_Clijsters_0010.jpg,Kim_Clijsters,mask_eyes,Kim_Clijsters,True,0.012804943136870861
./data/processed/test/Kim_Clijsters/Kim_Clijsters_0010.jpg,Kim_Clijsters,mask_nose,Kim_Clijsters,True,0.010934079065918922
./data/processed/test/Kim_Clijsters/Kim_Clijsters_0010.jpg,Kim_Clijsters,mask_mouth,Kim_Clijsters,True,0.012312463484704494
./data/processed/test/Kim_Clijsters/Kim_Clijsters_0010.jpg,Kim_Clijsters,mask_face_oval,Jose_Maria_Aznar,False,0.010052716359496117
./data/processed/test/Kim_Clijsters/Kim_Clijsters_0010.jpg,Kim_Clijsters,mask_outside_face,Kim_Clijsters,True,0.011867322959005833
./data/processed/test/Kim_Clijsters/Kim_Clijsters_0010.jpg,Kim_Clijsters,dark,Kim_Clijsters,True,0.012497136369347572
./data/processed/test/Kim_Clijsters/Kim_Clijsters_0010.jpg,Kim_Clijsters,bright,Kim_Clijsters,True,0.012425985187292099
./data/processed/test/Kim_Clijsters/Kim_Clijsters_0012.jpg,Kim_Clijsters,original,Kim_Clijsters,True,0.013073763810098171
./data/processed/test/Kim_Clijsters/Kim_Clijsters_0012.jpg,Kim_Clijsters,mask_eyes,Kim_Clijsters,True,0.013208051212131977
./data/processed/test/Kim_Clijsters/Kim_Clijsters_0012.jpg,Kim_Clijsters,mask_nose,Kim_Clijsters,True,0.012008956633508205
./data/processed/test/Kim_Clijsters/Kim_Clijsters_0012.jpg,Kim_Clijsters,mask_mouth,Kim_Clijsters,True,0.012782471254467964
./data/processed/test/Kim_Clijsters/Kim_Clijsters_0012.jpg,Kim_Clijsters,mask_face_oval,Jose_Maria_Aznar,False,0.009824316017329693
./data/processed/test/Kim_Clijsters/Kim_Clijsters_0012.jpg,Kim_Clijsters,mask_outside_face,Kim_Clijsters,True,0.012234711088240147
./data/processed/test/Kim_Clijsters/Kim_Clijsters_0012.jpg,Kim_Clijsters,dark,Kim_Clijsters,True,0.012857562862336636
./data/processed/test/Kim_Clijsters/Kim_Clijsters_0012.jpg,Kim_Clijsters,bright,Kim_Clijsters,True,0.01313002035021782
./data/processed/test/Kim_Ryong-sung/Kim_Ryong-sung_0001.jpg,Kim_Ryong-sung,original,Jeremy_Greenstock,False,0.013028332032263279
./data/processed/test/Kim_Ryong-sung/Kim_Ryong-sung_0001.jpg,Kim_Ryong-sung,mask_eyes,Jeremy_Greenstock,False,0.01276667695492506
./data/processed/test/Kim_Ryong-sung/Kim_Ryong-sung_0001.jpg,Kim_Ryong-sung,mask_nose,Jeremy_Greenstock,False,0.013943661004304886
./data/processed/test/Kim_Ryong-sung/Kim_Ryong-sung_0001.jpg,Kim_Ryong-sung,mask_mouth,Jeremy_Greenstock,False,0.012681766413152218
./data/processed/test/Kim_Ryong-sung/Kim_Ryong-sung_0001.jpg,Kim_Ryong-sung,mask_face_oval,Arnold_Schwarzenegger,False,0.011631820350885391
./data/processed/test/Kim_Ryong-sung/Kim_Ryong-sung_0001.jpg,Kim_Ryong-sung,mask_outside_face,Jeremy_Greenstock,False,0.015920324251055717
./data/processed/test/Kim_Ryong-sung/Kim_Ryong-sung_0001.jpg,Kim_Ryong-sung,dark,Jeremy_Greenstock,False,0.012811927124857903
./data/processed/test/Kim_Ryong-sung/Kim_Ryong-sung_0001.jpg,Kim_Ryong-sung,bright,Jeremy_Greenstock,False,0.012971765361726284
./data/processed/test/Kim_Ryong-sung/Kim_Ryong-sung_0006.jpg,Kim_Ryong-sung,original,Arnold_Schwarzenegger,False,0.011819695122539997
./data/processed/test/Kim_Ryong-sung/Kim_Ryong-sung_0006.jpg,Kim_Ryong-sung,mask_eyes,Arnold_Schwarzenegger,False,0.01270296610891819
./data/processed/test/Kim_Ryong-sung/Kim_Ryong-sung_0006.jpg,Kim_Ryong-sung,mask_nose,Arnold_Schwarzenegger,False,0.011846612207591534
./data/processed/test/Kim_Ryong-sung/Kim_Ryong-sung_0006.jpg,Kim_Ryong-sung,mask_mouth,Arnold_Schwarzenegger,False,0.01195454504340887
./data/processed/test/Kim_Ryong-sung/Kim_Ryong-sung_0006.jpg,Kim_Ryong-sung,mask_face_oval,Arnold_Schwarzenegger,False,0.012731335125863552
./data/processed/test/Kim_Ryong-sung/Kim_Ryong-sung_0006.jpg,Kim_Ryong-sung,mask_outside_face,Jeremy_Greenstock,False,0.01553648803383112
./data/processed/test/Kim_Ryong-sung/Kim_Ryong-sung_0006.jpg,Kim_Ryong-sung,dark,Arnold_Schwarzenegger,False,0.01254199631512165
./data/processed/test/Kim_Ryong-sung/Kim_Ryong-sung_0006.jpg,Kim_Ryong-sung,bright,Arnold_Schwarzenegger,False,0.012240668758749962
./data/processed/test/Kim_Ryong-sung/Kim_Ryong-sung_0010.jpg,Kim_Ryong-sung,original,Arnold_Schwarzenegger,False,0.014158927835524082
./data/processed/test/Kim_Ryong-sung/Kim_Ryong-sung_0010.jpg,Kim_Ryong-sung,mask_eyes,Arnold_Schwarzenegger,False,0.014851229265332222
./data/processed/test/Kim_Ryong-sung/Kim_Ryong-sung_0010.jpg,Kim_Ryong-sung,mask_nose,Arnold_Schwarzenegger,False,0.013856844045221806
./data/processed/test/Kim_Ryong-sung/Kim_Ryong-sung_0010.jpg,Kim_Ryong-sung,mask_mouth,Arnold_Schwarzenegger,False,0.014122470282018185
./data/processed/test/Kim_Ryong-sung/Kim_Ryong-sung_0010.jpg,Kim_Ryong-sung,mask_face_oval,Arnold_Schwarzenegger,False,0.012395129539072514
./data/processed/test/Kim_Ryong-sung/Kim_Ryong-sung_0010.jpg,Kim_Ryong-sung,mask_outside_face,Jeremy_Greenstock,False,0.01585789956152439
./data/processed/test/Kim_Ryong-sung/Kim_Ryong-sung_0010.jpg,Kim_Ryong-sung,dark,Arnold_Schwarzenegger,False,0.015841824933886528
./data/processed/test/Kim_Ryong-sung/Kim_Ryong-sung_0010.jpg,Kim_Ryong-sung,bright,Arnold_Schwarzenegger,False,0.014125136658549309
./data/processed/test/Kofi_Annan/Kofi_Annan_0009.jpg,Kofi_Annan,original,Kofi_Annan,True,0.02648315392434597
./data/processed/test/Kofi_Annan/Kofi_Annan_0009.jpg,Kofi_Annan,mask_eyes,Kofi_Annan,True,0.02615601010620594
./data/processed/test/Kofi_Annan/Kofi_Annan_0009.jpg,Kofi_Annan,mask_nose,Kofi_Annan,True,0.02513929456472397
./data/processed/test/Kofi_Annan/Kofi_Annan_0009.jpg,Kofi_Annan,mask_mouth,Kofi_Annan,True,0.026470990851521492
./data/processed/test/Kofi_Annan/Kofi_Annan_0009.jpg,Kofi_Annan,mask_face_oval,Colin_Powell,False,0.01009313389658928
./data/processed/test/Kofi_Annan/Kofi_Annan_0009.jpg,Kofi_Annan,mask_outside_face,Kofi_Annan,True,0.02626943401992321
./data/processed/test/Kofi_Annan/Kofi_Annan_0009.jpg,Kofi_Annan,dark,Kofi_Annan,True,0.026380470022559166
./data/processed/test/Kofi_Annan/Kofi_Annan_0009.jpg,Kofi_Annan,bright,Kofi_Annan,True,0.026464253664016724
./data/processed/test/Kofi_Annan/Kofi_Annan_0010.jpg,Kofi_Annan,original,Kofi_Annan,True,0.026474356651306152
./data/processed/test/Kofi_Annan/Kofi_Annan_0010.jpg,Kofi_Annan,mask_eyes,Kofi_Annan,True,0.026474928483366966
./data/processed/test/Kofi_Annan/Kofi_Annan_0010.jpg,Kofi_Annan,mask_nose,Kofi_Annan,True,0.02647390216588974
./data/processed/test/Kofi_Annan/Kofi_Annan_0010.jpg,Kofi_Annan,mask_mouth,Kofi_Annan,True,0.026475757360458374
./data/processed/test/Kofi_Annan/Kofi_Annan_0010.jpg,Kofi_Annan,mask_face_oval,Kofi_Annan,True,0.026461606845259666
./data/processed/test/Kofi_Annan/Kofi_Annan_0010.jpg,Kofi_Annan,mask_outside_face,Michael_Schumacher,False,0.00972980447113514
./data/processed/test/Kofi_Annan/Kofi_Annan_0010.jpg,Kofi_Annan,dark,Kofi_Annan,True,0.02645781636238098
./data/processed/test/Kofi_Annan/Kofi_Annan_0010.jpg,Kofi_Annan,bright,Kofi_Annan,True,0.026457365602254868
./data/processed/test/Kofi_Annan/Kofi_Annan_0016.jpg,Kofi_Annan,original,Kofi_Annan,True,0.02622060850262642
./data/processed/test/Kofi_Annan/Kofi_Annan_0016.jpg,Kofi_Annan,mask_eyes,Kofi_Annan,True,0.026005368679761887
./data/processed/test/Kofi_Annan/Kofi_Annan_0016.jpg,Kofi_Annan,mask_nose,Kofi_Annan,True,0.023897085338830948
./data/processed/test/Kofi_Annan/Kofi_Annan_0016.jpg,Kofi_Annan,mask_mouth,Kofi_Annan,True,0.025901932269334793
./data/processed/test/Kofi_Annan/Kofi_Annan_0016.jpg,Kofi_Annan,mask_face_oval,Michael_Schumacher,False,0.010551360435783863
./data/processed/test/Kofi_Annan/Kofi_Annan_0016.jpg,Kofi_Annan,mask_outside_face,Kofi_Annan,True,0.026236532256007195
./data/processed/test/Kofi_Annan/Kofi_Annan_0016.jpg,Kofi_Annan,dark,Kofi_Annan,True,0.026064587756991386
./data/processed/test/Kofi_Annan/Kofi_Annan_0016.jpg,Kofi_Annan,bright,Kofi_Annan,True,0.025956226512789726
./data/processed/test/Kofi_Annan/Kofi_Annan_0018.jpg,Kofi_Annan,original,Kofi_Annan,True,0.026486285030841827
./data/processed/test/Kofi_Annan/Kofi_Annan_0018.jpg,Kofi_Annan,mask_eyes,Kofi_Annan,True,0.026423845440149307
./data/processed/test/Kofi_Annan/Kofi_Annan_0018.jpg,Kofi_Annan,mask_nose,Kofi_Annan,True,0.026255467906594276
./data/processed/test/Kofi_Annan/Kofi_Annan_0018.jpg,Kofi_Annan,mask_mouth,Kofi_Annan,True,0.02643999643623829
./data/processed/test/Kofi_Annan/Kofi_Annan_0018.jpg,Kofi_Annan,mask_face_oval,Hugo_Chavez,False,0.010217634961009026
./data/processed/test/Kofi_Annan/Kofi_Annan_0018.jpg,Kofi_Annan,mask_outside_face,Kofi_Annan,True,0.02621251344680786
./data/processed/test/Kofi_Annan/Kofi_Annan_0018.jpg,Kofi_Annan,dark,Kofi_Annan,True,0.026491595432162285
./data/processed/test/Kofi_Annan/Kofi_Annan_0018.jpg,Kofi_Annan,bright,Kofi_Annan,True,0.02647913247346878
./data/processed/test/Kofi_Annan/Kofi_Annan_0025.jpg,Kofi_Annan,original,Kofi_Annan,True,0.02639799192547798
./data/processed/test/Kofi_Annan/Kofi_Annan_0025.jpg,Kofi_Annan,mask_eyes,Kofi_Annan,True,0.026193464174866676
./data/processed/test/Kofi_Annan/Kofi_Annan_0025.jpg,Kofi_Annan,mask_nose,Kofi_Annan,True,0.02625308185815811
./data/processed/test/Kofi_Annan/Kofi_Annan_0025.jpg,Kofi_Annan,mask_mouth,Kofi_Annan,True,0.02635224536061287
./data/processed/test/Kofi_Annan/Kofi_Annan_0025.jpg,Kofi_Annan,mask_face_oval,George_W_Bush,False,0.011168422177433968
./data/processed/test/Kofi_Annan/Kofi_Annan_0025.jpg,Kofi_Annan,mask_outside_face,Kofi_Annan,True,0.026249263435602188
./data/processed/test/Kofi_Annan/Kofi_Annan_0025.jpg,Kofi_Annan,dark,Kofi_Annan,True,0.026399757713079453
./data/processed/test/Kofi_Annan/Kofi_Annan_0025.jpg,Kofi_Annan,bright,Kofi_Annan,True,0.02633681707084179
./data/processed/test/Kofi_Annan/Kofi_Annan_0030.jpg,Kofi_Annan,original,Kofi_Annan,True,0.02629154920578003
./data/processed/test/Kofi_Annan/Kofi_Annan_0030.jpg,Kofi_Annan,mask_eyes,Kofi_Annan,True,0.026126762852072716
./data/processed/test/Kofi_Annan/Kofi_Annan_0030.jpg,Kofi_Annan,mask_nose,Kofi_Annan,True,0.02427390217781067
./data/processed/test/Kofi_Annan/Kofi_Annan_0030.jpg,Kofi_Annan,mask_mouth,Kofi_Annan,True,0.025370260700583458
./data/processed/test/Kofi_Annan/Kofi_Annan_0030.jpg,Kofi_Annan,mask_face_oval,Jiang_Zemin,False,0.011218267492949963
./data/processed/test/Kofi_Annan/Kofi_Annan_0030.jpg,Kofi_Annan,mask_outside_face,Kofi_Annan,True,0.025933925062417984
./data/processed/test/Kofi_Annan/Kofi_Annan_0030.jpg,Kofi_Annan,dark,Kofi_Annan,True,0.026148568838834763
./data/processed/test/Kofi_Annan/Kofi_Annan_0030.jpg,Kofi_Annan,bright,Kofi_Annan,True,0.02630225569009781
./data/processed/test/Kofi_Annan/Kofi_Annan_0031.jpg,Kofi_Annan,original,Kofi_Annan,True,0.026443565264344215
./data/processed/test/Kofi_Annan/Kofi_Annan_0031.jpg,Kofi_Annan,mask_eyes,Kofi_Annan,True,0.0263543538749218
./data/processed/test/Kofi_Annan/Kofi_Annan_0031.jpg,Kofi_Annan,mask_nose,Kofi_Annan,True,0.025991162285208702
./data/processed/test/Kofi_Annan/Kofi_Annan_0031.jpg,Kofi_Annan,mask_mouth,Kofi_Annan,True,0.026382779702544212
./data/processed/test/Kofi_Annan/Kofi_Annan_0031.jpg,Kofi_Annan,mask_face_oval,Michael_Schumacher,False,0.009587768465280533
./data/processed/test/Kofi_Annan/Kofi_Annan_0031.jpg,Kofi_Annan,mask_outside_face,Kofi_Annan,True,0.026327867060899734
./data/processed/test/Kofi_Annan/Kofi_Annan_0031.jpg,Kofi_Annan,dark,Kofi_Annan,True,0.026410585269331932
./data/processed/test/Kofi_Annan/Kofi_Annan_0031.jpg,Kofi_Annan,bright,Kofi_Annan,True,0.02642725594341755
./data/processed/test/Lance_Armstrong/Lance_Armstrong_0001.jpg,Lance_Armstrong,original,Lance_Armstrong,True,0.013220677152276039
./data/processed/test/Lance_Armstrong/Lance_Armstrong_0001.jpg,Lance_Armstrong,mask_eyes,Lance_Armstrong,True,0.014013614505529404
./data/processed/test/Lance_Armstrong/Lance_Armstrong_0001.jpg,Lance_Armstrong,mask_nose,Lance_Armstrong,True,0.012175806798040867
./data/processed/test/Lance_Armstrong/Lance_Armstrong_0001.jpg,Lance_Armstrong,mask_mouth,Lance_Armstrong,True,0.013286241330206394
./data/processed/test/Lance_Armstrong/Lance_Armstrong_0001.jpg,Lance_Armstrong,mask_face_oval,Lance_Armstrong,True,0.010484034195542336
./data/processed/test/Lance_Armstrong/Lance_Armstrong_0001.jpg,Lance_Armstrong,mask_outside_face,David_Beckham,False,0.013157567009329796
./data/processed/test/Lance_Armstrong/Lance_Armstrong_0001.jpg,Lance_Armstrong,dark,Lance_Armstrong,True,0.012426188215613365
./data/processed/test/Lance_Armstrong/Lance_Armstrong_0001.jpg,Lance_Armstrong,bright,Lance_Armstrong,True,0.013226470910012722
./data/processed/test/Lance_Armstrong/Lance_Armstrong_0002.jpg,Lance_Armstrong,original,David_Beckham,False,0.011478889733552933
./data/processed/test/Lance_Armstrong/Lance_Armstrong_0002.jpg,Lance_Armstrong,mask_eyes,Lance_Armstrong,True,0.010624938644468784
./data/processed/test/Lance_Armstrong/Lance_Armstrong_0002.jpg,Lance_Armstrong,mask_nose,David_Beckham,False,0.0123640988022089
./data/processed/test/Lance_Armstrong/Lance_Armstrong_0002.jpg,Lance_Armstrong,mask_mouth,Hugo_Chavez,False,0.010297680273652077
./data/processed/test/Lance_Armstrong/Lance_Armstrong_0002.jpg,Lance_Armstrong,mask_face_oval,Lance_Armstrong,True,0.010493263602256775
./data/processed/test/Lance_Armstrong/Lance_Armstrong_0002.jpg,Lance_Armstrong,mask_outside_face,David_Beckham,False,0.010830091312527657
./data/processed/test/Lance_Armstrong/Lance_Armstrong_0002.jpg,Lance_Armstrong,dark,David_Beckham,False,0.011667583137750626
./data/processed/test/Lance_Armstrong/Lance_Armstrong_0002.jpg,Lance_Armstrong,bright,David_Beckham,False,0.010604766197502613
./data/processed/test/Lance_Armstrong/Lance_Armstrong_0006.jpg,Lance_Armstrong,original,Lance_Armstrong,True,0.01250119786709547
./data/processed/test/Lance_Armstrong/Lance_Armstrong_0006.jpg,Lance_Armstrong,mask_eyes,Lance_Armstrong,True,0.013191851787269115
./data/processed/test/Lance_Armstrong/Lance_Armstrong_0006.jpg,Lance_Armstrong,mask_nose,Hugo_Chavez,False,0.013090322725474834
./data/processed/test/Lance_Armstrong/Lance_Armstrong_0006.jpg,Lance_Armstrong,mask_mouth,Lance_Armstrong,True,0.011407041922211647
./data/processed/test/Lance_Armstrong/Lance_Armstrong_0006.jpg,Lance_Armstrong,mask_face_oval,Hugo_Chavez,False,0.011653807014226913
./data/processed/test/Lance_Armstrong/Lance_Armstrong_0006.jpg,Lance_Armstrong,mask_outside_face,Alejandro_Toledo,False,0.00960664451122284
./data/processed/test/Lance_Armstrong/Lance_Armstrong_0006.jpg,Lance_Armstrong,dark,Lance_Armstrong,True,0.012186701409518719
./data/processed/test/Lance_Armstrong/Lance_Armstrong_0006.jpg,Lance_Armstrong,bright,Lance_Armstrong,True,0.012477206066250801
./data/processed/test/Lance_Armstrong/Lance_Armstrong_0009.jpg,Lance_Armstrong,original,Lance_Armstrong,True,0.013865882530808449
./data/processed/test/Lance_Armstrong/Lance_Armstrong_0009.jpg,Lance_Armstrong,mask_eyes,Lance_Armstrong,True,0.013540028594434261
./data/processed/test/Lance_Armstrong/Lance_Armstrong_0009.jpg,Lance_Armstrong,mask_nose,Lance_Armstrong,True,0.012629353441298008
./data/processed/test/Lance_Armstrong/Lance_Armstrong_0009.jpg,Lance_Armstrong,mask_mouth,Lance_Armstrong,True,0.013330708257853985
./data/processed/test/Lance_Armstrong/Lance_Armstrong_0009.jpg,Lance_Armstrong,mask_face_oval,Hugo_Chavez,False,0.011214409954845905
./data/processed/test/Lance_Armstrong/Lance_Armstrong_0009.jpg,Lance_Armstrong,mask_outside_face,Vladimir_Putin,False,0.010551019571721554
./data/processed/test/Lance_Armstrong/Lance_Armstrong_0009.jpg,Lance_Armstrong,dark,Lance_Armstrong,True,0.013459436595439911
./data/processed/test/Lance_Armstrong/Lance_Armstrong_0009.jpg,Lance_Armstrong,bright,Lance_Armstrong,True,0.013776923529803753
./data/processed/test/Laura_Bush/Laura_Bush_0005.jpg,Laura_Bush,original,Laura_Bush,True,0.031543511897325516
./data/processed/test/Laura_Bush/Laura_Bush_0005.jpg,Laura_Bush,mask_eyes,Laura_Bush,True,0.031431425362825394
./data/processed/test/Laura_Bush/Laura_Bush_0005.jpg,Laura_Bush,mask_nose,Laura_Bush,True,0.03151440620422363
./data/processed/test/Laura_Bush/Laura_Bush_0005.jpg,Laura_Bush,mask_mouth,Laura_Bush,True,0.0314943753182888
./data/processed/test/Laura_Bush/Laura_Bush_0005.jpg,Laura_Bush,mask_face_oval,Laura_Bush,True,0.025196824222803116
./data/processed/test/Laura_Bush/Laura_Bush_0005.jpg,Laura_Bush,mask_outside_face,Nicole_Kidman,False,0.011907636187970638
./data/processed/test/Laura_Bush/Laura_Bush_0005.jpg,Laura_Bush,dark,Laura_Bush,True,0.03161131963133812
./data/processed/test/Laura_Bush/Laura_Bush_0005.jpg,Laura_Bush,bright,Laura_Bush,True,0.03149913623929024
./data/processed/test/Laura_Bush/Laura_Bush_0009.jpg,Laura_Bush,original,Laura_Bush,True,0.03144495189189911
./data/processed/test/Laura_Bush/Laura_Bush_0009.jpg,Laura_Bush,mask_eyes,Laura_Bush,True,0.03131750971078873
./data/processed/test/Laura_Bush/Laura_Bush_0009.jpg,Laura_Bush,mask_nose,Laura_Bush,True,0.03106236271560192
./data/processed/test/Laura_Bush/Laura_Bush_0009.jpg,Laura_Bush,mask_mouth,Laura_Bush,True,0.03134925290942192
./data/processed/test/Laura_Bush/Laura_Bush_0009.jpg,Laura_Bush,mask_face_oval,Hugo_Chavez,False,0.009949619881808758
./data/processed/test/Laura_Bush/Laura_Bush_0009.jpg,Laura_Bush,mask_outside_face,Laura_Bush,True,0.011033996939659119
./data/processed/test/Laura_Bush/Laura_Bush_0009.jpg,Laura_Bush,dark,Laura_Bush,True,0.031329359859228134
./data/processed/test/Laura_Bush/Laura_Bush_0009.jpg,Laura_Bush,bright,Laura_Bush,True,0.031209930777549744
./data/processed/test/Laura_Bush/Laura_Bush_0014.jpg,Laura_Bush,original,Laura_Bush,True,0.03153601661324501
./data/processed/test/Laura_Bush/Laura_Bush_0014.jpg,Laura_Bush,mask_eyes,Laura_Bush,True,0.03150302171707153
./data/processed/test/Laura_Bush/Laura_Bush_0014.jpg,Laura_Bush,mask_nose,Laura_Bush,True,0.03148200735449791
./data/processed/test/Laura_Bush/Laura_Bush_0014.jpg,Laura_Bush,mask_mouth,Laura_Bush,True,0.03143163397908211
./data/processed/test/Laura_Bush/Laura_Bush_0014.jpg,Laura_Bush,mask_face_oval,Laura_Bush,True,0.013046303763985634
./data/processed/test/Laura_Bush/Laura_Bush_0014.jpg,Laura_Bush,mask_outside_face,Laura_Bush,True,0.011681707575917244
./data/processed/test/Laura_Bush/Laura_Bush_0014.jpg,Laura_Bush,dark,Laura_Bush,True,0.03163057193160057
./data/processed/test/Laura_Bush/Laura_Bush_0014.jpg,Laura_Bush,bright,Laura_Bush,True,0.03155716881155968
./data/processed/test/Laura_Bush/Laura_Bush_0020.jpg,Laura_Bush,original,Laura_Bush,True,0.030999736860394478
./data/processed/test/Laura_Bush/Laura_Bush_0020.jpg,Laura_Bush,mask_eyes,Laura_Bush,True,0.030582120642066002
./data/processed/test/Laura_Bush/Laura_Bush_0020.jpg,Laura_Bush,mask_nose,Laura_Bush,True,0.030183257535099983
./data/processed/test/Laura_Bush/Laura_Bush_0020.jpg,Laura_Bush,mask_mouth,Laura_Bush,True,0.030722755938768387
./data/processed/test/Laura_Bush/Laura_Bush_0020.jpg,Laura_Bush,mask_face_oval,Jiang_Zemin,False,0.010207947343587875
./data/processed/test/Laura_Bush/Laura_Bush_0020.jpg,Laura_Bush,mask_outside_face,Nicole_Kidman,False,0.011649219319224358
./data/processed/test/Laura_Bush/Laura_Bush_0020.jpg,Laura_Bush,dark,Laura_Bush,True,0.03060288354754448
./data/processed/test/Laura_Bush/Laura_Bush_0020.jpg,Laura_Bush,bright,Laura_Bush,True,0.03036392852663994
./data/processed/test/Laura_Bush/Laura_Bush_0025.jpg,Laura_Bush,original,Laura_Bush,True,0.031549837440252304
./data/processed/test/Laura_Bush/Laura_Bush_0025.jpg,Laura_Bush,mask_eyes,Laura_Bush,True,0.03147156909108162
./data/processed/test/Laura_Bush/Laura_Bush_0025.jpg,Laura_Bush,mask_nose,Laura_Bush,True,0.03151221573352814
./data/processed/test/Laura_Bush/Laura_Bush_0025.jpg,Laura_Bush,mask_mouth,Laura_Bush,True,0.03154214099049568
./data/processed/test/Laura_Bush/Laura_Bush_0025.jpg,Laura_Bush,mask_face_oval,Laura_Bush,True,0.02243446744978428
./data/processed/test/Laura_Bush/Laura_Bush_0025.jpg,Laura_Bush,mask_outside_face,Nicole_Kidman,False,0.013179163448512554
./data/processed/test/Laura_Bush/Laura_Bush_0025.jpg,Laura_Bush,dark,Laura_Bush,True,0.03158094361424446
./data/processed/test/Laura_Bush/Laura_Bush_0025.jpg,Laura_Bush,bright,Laura_Bush,True,0.031400106847286224
./data/processed/test/Laura_Bush/Laura_Bush_0026.jpg,Laura_Bush,original,Laura_Bush,True,0.031193533912301064
./data/processed/test/Laura_Bush/Laura_Bush_0026.jpg,Laura_Bush,mask_eyes,Laura_Bush,True,0.031104452908039093
./data/processed/test/Laura_Bush/Laura_Bush_0026.jpg,Laura_Bush,mask_nose,Laura_Bush,True,0.03097025491297245
./data/processed/test/Laura_Bush/Laura_Bush_0026.jpg,Laura_Bush,mask_mouth,Laura_Bush,True,0.03106345422565937
./data/processed/test/Laura_Bush/Laura_Bush_0026.jpg,Laura_Bush,mask_face_oval,Hugo_Chavez,False,0.010308332741260529
./data/processed/test/Laura_Bush/Laura_Bush_0026.jpg,Laura_Bush,mask_outside_face,Laura_Bush,True,0.010871884413063526
./data/processed/test/Laura_Bush/Laura_Bush_0026.jpg,Laura_Bush,dark,Laura_Bush,True,0.03139149770140648
./data/processed/test/Laura_Bush/Laura_Bush_0026.jpg,Laura_Bush,bright,Laura_Bush,True,0.03052280656993389
./data/processed/test/Laura_Bush/Laura_Bush_0030.jpg,Laura_Bush,original,Laura_Bush,True,0.031291838735342026
./data/processed/test/Laura_Bush/Laura_Bush_0030.jpg,Laura_Bush,mask_eyes,Laura_Bush,True,0.03111688420176506
./data/processed/test/Laura_Bush/Laura_Bush_0030.jpg,Laura_Bush,mask_nose,Laura_Bush,True,0.03113153949379921
./data/processed/test/Laura_Bush/Laura_Bush_0030.jpg,Laura_Bush,mask_mouth,Laura_Bush,True,0.03131970763206482
./data/processed/test/Laura_Bush/Laura_Bush_0030.jpg,Laura_Bush,mask_face_oval,George_W_Bush,False,0.048751965165138245
./data/processed/test/Laura_Bush/Laura_Bush_0030.jpg,Laura_Bush,mask_outside_face,Nicole_Kidman,False,0.01335436012595892
./data/processed/test/Laura_Bush/Laura_Bush_0030.jpg,Laura_Bush,dark,Laura_Bush,True,0.0311729796230793
./data/processed/test/Laura_Bush/Laura_Bush_0030.jpg,Laura_Bush,bright,Laura_Bush,True,0.030873559415340424
./data/processed/test/Laura_Bush/Laura_Bush_0040.jpg,Laura_Bush,original,Laura_Bush,True,0.031103208661079407
./data/processed/test/Laura_Bush/Laura_Bush_0040.jpg,Laura_Bush,mask_eyes,Laura_Bush,True,0.030389951542019844
./data/processed/test/Laura_Bush/Laura_Bush_0040.jpg,Laura_Bush,mask_nose,Laura_Bush,True,0.030224397778511047
./data/processed/test/Laura_Bush/Laura_Bush_0040.jpg,Laura_Bush,mask_mouth,Laura_Bush,True,0.030850226059556007
./data/processed/test/Laura_Bush/Laura_Bush_0040.jpg,Laura_Bush,mask_face_oval,Michael_Schumacher,False,0.010472116991877556
./data/processed/test/Laura_Bush/Laura_Bush_0040.jpg,Laura_Bush,mask_outside_face,Winona_Ryder,False,0.010858512483537197
./data/processed/test/Laura_Bush/Laura_Bush_0040.jpg,Laura_Bush,dark,Laura_Bush,True,0.03124312497675419
./data/processed/test/Laura_Bush/Laura_Bush_0040.jpg,Laura_Bush,bright,Laura_Bush,True,0.030588729307055473
./data/processed/test/Laura_Bush/Laura_Bush_0041.jpg,Laura_Bush,original,Laura_Bush,True,0.03161085397005081
./data/processed/test/Laura_Bush/Laura_Bush_0041.jpg,Laura_Bush,mask_eyes,Laura_Bush,True,0.03157859668135643
./data/processed/test/Laura_Bush/Laura_Bush_0041.jpg,Laura_Bush,mask_nose,Laura_Bush,True,0.03158322349190712
./data/processed/test/Laura_Bush/Laura_Bush_0041.jpg,Laura_Bush,mask_mouth,Laura_Bush,True,0.03160428628325462
./data/processed/test/Laura_Bush/Laura_Bush_0041.jpg,Laura_Bush,mask_face_oval,Laura_Bush,True,0.013241301290690899
./data/processed/test/Laura_Bush/Laura_Bush_0041.jpg,Laura_Bush,mask_outside_face,Nicole_Kidman,False,0.011518953368067741
./data/processed/test/Laura_Bush/Laura_Bush_0041.jpg,Laura_Bush,dark,Laura_Bush,True,0.031561776995658875
./data/processed/test/Laura_Bush/Laura_Bush_0041.jpg,Laura_Bush,bright,Laura_Bush,True,0.03154433146119118
./data/processed/test/Lindsay_Davenport/Lindsay_Davenport_0001.jpg,Lindsay_Davenport,original,Lindsay_Davenport,True,0.01853390783071518
./data/processed/test/Lindsay_Davenport/Lindsay_Davenport_0001.jpg,Lindsay_Davenport,mask_eyes,Lindsay_Davenport,True,0.014726933091878891
./data/processed/test/Lindsay_Davenport/Lindsay_Davenport_0001.jpg,Lindsay_Davenport,mask_nose,Lindsay_Davenport,True,0.017420196905732155
./data/processed/test/Lindsay_Davenport/Lindsay_Davenport_0001.jpg,Lindsay_Davenport,mask_mouth,Lindsay_Davenport,True,0.01854143664240837
./data/processed/test/Lindsay_Davenport/Lindsay_Davenport_0001.jpg,Lindsay_Davenport,mask_face_oval,Hugo_Chavez,False,0.009961566887795925
./data/processed/test/Lindsay_Davenport/Lindsay_Davenport_0001.jpg,Lindsay_Davenport,mask_outside_face,Lindsay_Davenport,True,0.015143360942602158
./data/processed/test/Lindsay_Davenport/Lindsay_Davenport_0001.jpg,Lindsay_Davenport,dark,Lindsay_Davenport,True,0.018448328599333763
./data/processed/test/Lindsay_Davenport/Lindsay_Davenport_0001.jpg,Lindsay_Davenport,bright,Lindsay_Davenport,True,0.01849130541086197
./data/processed/test/Lindsay_Davenport/Lindsay_Davenport_0002.jpg,Lindsay_Davenport,original,Lindsay_Davenport,True,0.018313784152269363
./data/processed/test/Lindsay_Davenport/Lindsay_Davenport_0002.jpg,Lindsay_Davenport,mask_eyes,Lindsay_Davenport,True,0.015377175994217396
./data/processed/test/Lindsay_Davenport/Lindsay_Davenport_0002.jpg,Lindsay_Davenport,mask_nose,Lindsay_Davenport,True,0.01750665158033371
./data/processed/test/Lindsay_Davenport/Lindsay_Davenport_0002.jpg,Lindsay_Davenport,mask_mouth,Lindsay_Davenport,True,0.01812894269824028
./data/processed/test/Lindsay_Davenport/Lindsay_Davenport_0002.jpg,Lindsay_Davenport,mask_face_oval,Hugo_Chavez,False,0.010340380482375622
./data/processed/test/Lindsay_Davenport/Lindsay_Davenport_0002.jpg,Lindsay_Davenport,mask_outside_face,Lindsay_Davenport,True,0.014071071520447731
./data/processed/test/Lindsay_Davenport/Lindsay_Davenport_0002.jpg,Lindsay_Davenport,dark,Lindsay_Davenport,True,0.018245544284582138
./data/processed/test/Lindsay_Davenport/Lindsay_Davenport_0002.jpg,Lindsay_Davenport,bright,Lindsay_Davenport,True,0.017954887822270393
./data/processed/test/Lindsay_Davenport/Lindsay_Davenport_0009.jpg,Lindsay_Davenport,original,Lindsay_Davenport,True,0.018753021955490112
./data/processed/test/Lindsay_Davenport/Lindsay_Davenport_0009.jpg,Lindsay_Davenport,mask_eyes,Lindsay_Davenport,True,0.015037483535706997
./data/processed/test/Lindsay_Davenport/Lindsay_Davenport_0009.jpg,Lindsay_Davenport,mask_nose,Lindsay_Davenport,True,0.018764544278383255
./data/processed/test/Lindsay_Davenport/Lindsay_Davenport_0009.jpg,Lindsay_Davenport,mask_mouth,Lindsay_Davenport,True,0.018590981140732765
./data/processed/test/Lindsay_Davenport/Lindsay_Davenport_0009.jpg,Lindsay_Davenport,mask_face_oval,Michael_Schumacher,False,0.01040117908269167
./data/processed/test/Lindsay_Davenport/Lindsay_Davenport_0009.jpg,Lindsay_Davenport,mask_outside_face,Lindsay_Davenport,True,0.017269426956772804
./data/processed/test/Lindsay_Davenport/Lindsay_Davenport_0009.jpg,Lindsay_Davenport,dark,Lindsay_Davenport,True,0.018775802105665207
./data/processed/test/Lindsay_Davenport/Lindsay_Davenport_0009.jpg,Lindsay_Davenport,bright,Lindsay_Davenport,True,0.01873210445046425
./data/processed/test/Lindsay_Davenport/Lindsay_Davenport_0014.jpg,Lindsay_Davenport,original,Lindsay_Davenport,True,0.01799922250211239
./data/processed/test/Lindsay_Davenport/Lindsay_Davenport_0014.jpg,Lindsay_Davenport,mask_eyes,Lindsay_Davenport,True,0.012922603636980057
./data/processed/test/Lindsay_Davenport/Lindsay_Davenport_0014.jpg,Lindsay_Davenport,mask_nose,Lindsay_Davenport,True,0.016431640833616257
./data/processed/test/Lindsay_Davenport/Lindsay_Davenport_0014.jpg,Lindsay_Davenport,mask_mouth,Lindsay_Davenport,True,0.017738500609993935
./data/processed/test/Lindsay_Davenport/Lindsay_Davenport_0014.jpg,Lindsay_Davenport,mask_face_oval,Hugo_Chavez,False,0.010258357040584087
./data/processed/test/Lindsay_Davenport/Lindsay_Davenport_0014.jpg,Lindsay_Davenport,mask_outside_face,Lindsay_Davenport,True,0.015557625330984592
./data/processed/test/Lindsay_Davenport/Lindsay_Davenport_0014.jpg,Lindsay_Davenport,dark,Lindsay_Davenport,True,0.018197132274508476
./data/processed/test/Lindsay_Davenport/Lindsay_Davenport_0014.jpg,Lindsay_Davenport,bright,Lindsay_Davenport,True,0.017462871968746185
./data/processed/test/Lindsay_Davenport/Lindsay_Davenport_0016.jpg,Lindsay_Davenport,original,Lindsay_Davenport,True,0.018522042781114578
./data/processed/test/Lindsay_Davenport/Lindsay_Davenport_0016.jpg,Lindsay_Davenport,mask_eyes,Lindsay_Davenport,True,0.015276560559868813
./data/processed/test/Lindsay_Davenport/Lindsay_Davenport_0016.jpg,Lindsay_Davenport,mask_nose,Lindsay_Davenport,True,0.018100837245583534
./data/processed/test/Lindsay_Davenport/Lindsay_Davenport_0016.jpg,Lindsay_Davenport,mask_mouth,Lindsay_Davenport,True,0.018289480358362198
./data/processed/test/Lindsay_Davenport/Lindsay_Davenport_0016.jpg,Lindsay_Davenport,mask_face_oval,Alejandro_Toledo,False,0.010303759947419167
./data/processed/test/Lindsay_Davenport/Lindsay_Davenport_0016.jpg,Lindsay_Davenport,mask_outside_face,Lindsay_Davenport,True,0.01665390655398369
./data/processed/test/Lindsay_Davenport/Lindsay_Davenport_0016.jpg,Lindsay_Davenport,dark,Lindsay_Davenport,True,0.018434574827551842
./data/processed/test/Lindsay_Davenport/Lindsay_Davenport_0016.jpg,Lindsay_Davenport,bright,Lindsay_Davenport,True,0.0185187216848135
./data/processed/test/Lleyton_Hewitt/Lleyton_Hewitt_0005.jpg,Lleyton_Hewitt,original,Lleyton_Hewitt,True,0.027892781421542168
./data/processed/test/Lleyton_Hewitt/Lleyton_Hewitt_0005.jpg,Lleyton_Hewitt,mask_eyes,Lleyton_Hewitt,True,0.028314931318163872
./data/processed/test/Lleyton_Hewitt/Lleyton_Hewitt_0005.jpg,Lleyton_Hewitt,mask_nose,Lleyton_Hewitt,True,0.025462942197918892
./data/processed/test/Lleyton_Hewitt/Lleyton_Hewitt_0005.jpg,Lleyton_Hewitt,mask_mouth,Lleyton_Hewitt,True,0.027924073860049248
./data/processed/test/Lleyton_Hewitt/Lleyton_Hewitt_0005.jpg,Lleyton_Hewitt,mask_face_oval,Michael_Schumacher,False,0.010358929634094238
./data/processed/test/Lleyton_Hewitt/Lleyton_Hewitt_0005.jpg,Lleyton_Hewitt,mask_outside_face,Lleyton_Hewitt,True,0.02519260346889496
./data/processed/test/Lleyton_Hewitt/Lleyton_Hewitt_0005.jpg,Lleyton_Hewitt,dark,Lleyton_Hewitt,True,0.028516441583633423
./data/processed/test/Lleyton_Hewitt/Lleyton_Hewitt_0005.jpg,Lleyton_Hewitt,bright,Lleyton_Hewitt,True,0.028483429923653603
./data/processed/test/Lleyton_Hewitt/Lleyton_Hewitt_0009.jpg,Lleyton_Hewitt,original,Lleyton_Hewitt,True,0.030827831476926804
./data/processed/test/Lleyton_Hewitt/Lleyton_Hewitt_0009.jpg,Lleyton_Hewitt,mask_eyes,Lleyton_Hewitt,True,0.030921688303351402
./data/processed/test/Lleyton_Hewitt/Lleyton_Hewitt_0009.jpg,Lleyton_Hewitt,mask_nose,Lleyton_Hewitt,True,0.030836142599582672
./data/processed/test/Lleyton_Hewitt/Lleyton_Hewitt_0009.jpg,Lleyton_Hewitt,mask_mouth,Lleyton_Hewitt,True,0.030835893005132675
./data/processed/test/Lleyton_Hewitt/Lleyton_Hewitt_0009.jpg,Lleyton_Hewitt,mask_face_oval,Hugo_Chavez,False,0.011965649202466011
./data/processed/test/Lleyton_Hewitt/Lleyton_Hewitt_0009.jpg,Lleyton_Hewitt,mask_outside_face,Lleyton_Hewitt,True,0.01474628783762455
./data/processed/test/Lleyton_Hewitt/Lleyton_Hewitt_0009.jpg,Lleyton_Hewitt,dark,Lleyton_Hewitt,True,0.03078278712928295
./data/processed/test/Lleyton_Hewitt/Lleyton_Hewitt_0009.jpg,Lleyton_Hewitt,bright,Lleyton_Hewitt,True,0.030739031732082367
./data/processed/test/Lleyton_Hewitt/Lleyton_Hewitt_0014.jpg,Lleyton_Hewitt,original,Lleyton_Hewitt,True,0.018462659791111946
./data/processed/test/Lleyton_Hewitt/Lleyton_Hewitt_0014.jpg,Lleyton_Hewitt,mask_eyes,Lleyton_Hewitt,True,0.0207198578864336
./data/processed/test/Lleyton_Hewitt/Lleyton_Hewitt_0014.jpg,Lleyton_Hewitt,mask_nose,Lleyton_Hewitt,True,0.020113689824938774
./data/processed/test/Lleyton_Hewitt/Lleyton_Hewitt_0014.jpg,Lleyton_Hewitt,mask_mouth,Lleyton_Hewitt,True,0.015895362943410873
./data/processed/test/Lleyton_Hewitt/Lleyton_Hewitt_0014.jpg,Lleyton_Hewitt,mask_face_oval,Michael_Schumacher,False,0.01035527978092432
./data/processed/test/Lleyton_Hewitt/Lleyton_Hewitt_0014.jpg,Lleyton_Hewitt,mask_outside_face,Lleyton_Hewitt,True,0.01488538272678852
./data/processed/test/Lleyton_Hewitt/Lleyton_Hewitt_0014.jpg,Lleyton_Hewitt,dark,Lleyton_Hewitt,True,0.018367834389209747
./data/processed/test/Lleyton_Hewitt/Lleyton_Hewitt_0014.jpg,Lleyton_Hewitt,bright,Lleyton_Hewitt,True,0.01952507160604
./data/processed/test/Lleyton_Hewitt/Lleyton_Hewitt_0020.jpg,Lleyton_Hewitt,original,Lleyton_Hewitt,True,0.03068631701171398
./data/processed/test/Lleyton_Hewitt/Lleyton_Hewitt_0020.jpg,Lleyton_Hewitt,mask_eyes,Lleyton_Hewitt,True,0.030683910474181175
./data/processed/test/Lleyton_Hewitt/Lleyton_Hewitt_0020.jpg,Lleyton_Hewitt,mask_nose,Lleyton_Hewitt,True,0.03060193359851837
./data/processed/test/Lleyton_Hewitt/Lleyton_Hewitt_0020.jpg,Lleyton_Hewitt,mask_mouth,Lleyton_Hewitt,True,0.030727999284863472
./data/processed/test/Lleyton_Hewitt/Lleyton_Hewitt_0020.jpg,Lleyton_Hewitt,mask_face_oval,Hugo_Chavez,False,0.011674691922962666
./data/processed/test/Lleyton_Hewitt/Lleyton_Hewitt_0020.jpg,Lleyton_Hewitt,mask_outside_face,Lleyton_Hewitt,True,0.019383247941732407
./data/processed/test/Lleyton_Hewitt/Lleyton_Hewitt_0020.jpg,Lleyton_Hewitt,dark,Lleyton_Hewitt,True,0.03057265467941761
./data/processed/test/Lleyton_Hewitt/Lleyton_Hewitt_0020.jpg,Lleyton_Hewitt,bright,Lleyton_Hewitt,True,0.030525635927915573
./data/processed/test/Lleyton_Hewitt/Lleyton_Hewitt_0025.jpg,Lleyton_Hewitt,original,Lleyton_Hewitt,True,0.030806945636868477
./data/processed/test/Lleyton_Hewitt/Lleyton_Hewitt_0025.jpg,Lleyton_Hewitt,mask_eyes,Lleyton_Hewitt,True,0.030746450647711754
./data/processed/test/Lleyton_Hewitt/Lleyton_Hewitt_0025.jpg,Lleyton_Hewitt,mask_nose,Lleyton_Hewitt,True,0.03080003522336483
./data/processed/test/Lleyton_Hewitt/Lleyton_Hewitt_0025.jpg,Lleyton_Hewitt,mask_mouth,Lleyton_Hewitt,True,0.030839063227176666
./data/processed/test/Lleyton_Hewitt/Lleyton_Hewitt_0025.jpg,Lleyton_Hewitt,mask_face_oval,Hugo_Chavez,False,0.01018233597278595
./data/processed/test/Lleyton_Hewitt/Lleyton_Hewitt_0025.jpg,Lleyton_Hewitt,mask_outside_face,Lleyton_Hewitt,True,0.013578176498413086
./data/processed/test/Lleyton_Hewitt/Lleyton_Hewitt_0025.jpg,Lleyton_Hewitt,dark,Lleyton_Hewitt,True,0.030778171494603157
./data/processed/test/Lleyton_Hewitt/Lleyton_Hewitt_0025.jpg,Lleyton_Hewitt,bright,Lleyton_Hewitt,True,0.030449209734797478
./data/processed/test/Lleyton_Hewitt/Lleyton_Hewitt_0026.jpg,Lleyton_Hewitt,original,Lleyton_Hewitt,True,0.030279522761702538
./data/processed/test/Lleyton_Hewitt/Lleyton_Hewitt_0026.jpg,Lleyton_Hewitt,mask_eyes,Lleyton_Hewitt,True,0.030307823792099953
./data/processed/test/Lleyton_Hewitt/Lleyton_Hewitt_0026.jpg,Lleyton_Hewitt,mask_nose,Lleyton_Hewitt,True,0.030318286269903183
./data/processed/test/Lleyton_Hewitt/Lleyton_Hewitt_0026.jpg,Lleyton_Hewitt,mask_mouth,Lleyton_Hewitt,True,0.030455265194177628
./data/processed/test/Lleyton_Hewitt/Lleyton_Hewitt_0026.jpg,Lleyton_Hewitt,mask_face_oval,Lleyton_Hewitt,True,0.012252106331288815
./data/processed/test/Lleyton_Hewitt/Lleyton_Hewitt_0026.jpg,Lleyton_Hewitt,mask_outside_face,John_Howard,False,0.013658902607858181
./data/processed/test/Lleyton_Hewitt/Lleyton_Hewitt_0026.jpg,Lleyton_Hewitt,dark,Lleyton_Hewitt,True,0.030189646407961845
./data/processed/test/Lleyton_Hewitt/Lleyton_Hewitt_0026.jpg,Lleyton_Hewitt,bright,Lleyton_Hewitt,True,0.03006758913397789
./data/processed/test/Lleyton_Hewitt/Lleyton_Hewitt_0030.jpg,Lleyton_Hewitt,original,Lleyton_Hewitt,True,0.030831845477223396
./data/processed/test/Lleyton_Hewitt/Lleyton_Hewitt_0030.jpg,Lleyton_Hewitt,mask_eyes,Lleyton_Hewitt,True,0.030843866989016533
./data/processed/test/Lleyton_Hewitt/Lleyton_Hewitt_0030.jpg,Lleyton_Hewitt,mask_nose,Lleyton_Hewitt,True,0.030866354703903198
./data/processed/test/Lleyton_Hewitt/Lleyton_Hewitt_0030.jpg,Lleyton_Hewitt,mask_mouth,Lleyton_Hewitt,True,0.030819658190011978
./data/processed/test/Lleyton_Hewitt/Lleyton_Hewitt_0030.jpg,Lleyton_Hewitt,mask_face_oval,Hugo_Chavez,False,0.011249029077589512
./data/processed/test/Lleyton_Hewitt/Lleyton_Hewitt_0030.jpg,Lleyton_Hewitt,mask_outside_face,Lleyton_Hewitt,True,0.017240453511476517
./data/processed/test/Lleyton_Hewitt/Lleyton_Hewitt_0030.jpg,Lleyton_Hewitt,dark,Lleyton_Hewitt,True,0.030833883211016655
./data/processed/test/Lleyton_Hewitt/Lleyton_Hewitt_0030.jpg,Lleyton_Hewitt,bright,Lleyton_Hewitt,True,0.030606549233198166
./data/processed/test/Lleyton_Hewitt/Lleyton_Hewitt_0040.jpg,Lleyton_Hewitt,original,Lleyton_Hewitt,True,0.026432393118739128
./data/processed/test/Lleyton_Hewitt/Lleyton_Hewitt_0040.jpg,Lleyton_Hewitt,mask_eyes,Lleyton_Hewitt,True,0.025834504514932632
./data/processed/test/Lleyton_Hewitt/Lleyton_Hewitt_0040.jpg,Lleyton_Hewitt,mask_nose,Lleyton_Hewitt,True,0.022636087611317635
./data/processed/test/Lleyton_Hewitt/Lleyton_Hewitt_0040.jpg,Lleyton_Hewitt,mask_mouth,Lleyton_Hewitt,True,0.025133691728115082
./data/processed/test/Lleyton_Hewitt/Lleyton_Hewitt_0040.jpg,Lleyton_Hewitt,mask_face_oval,Hugo_Chavez,False,0.010034521110355854
./data/processed/test/Lleyton_Hewitt/Lleyton_Hewitt_0040.jpg,Lleyton_Hewitt,mask_outside_face,Lleyton_Hewitt,True,0.017936596646904945
./data/processed/test/Lleyton_Hewitt/Lleyton_Hewitt_0040.jpg,Lleyton_Hewitt,dark,Lleyton_Hewitt,True,0.027209969237446785
./data/processed/test/Lleyton_Hewitt/Lleyton_Hewitt_0040.jpg,Lleyton_Hewitt,bright,Lleyton_Hewitt,True,0.02358340658247471
./data/processed/test/Lleyton_Hewitt/Lleyton_Hewitt_0041.jpg,Lleyton_Hewitt,original,Lleyton_Hewitt,True,0.0310011375695467
./data/processed/test/Lleyton_Hewitt/Lleyton_Hewitt_0041.jpg,Lleyton_Hewitt,mask_eyes,Lleyton_Hewitt,True,0.03098130039870739
./data/processed/test/Lleyton_Hewitt/Lleyton_Hewitt_0041.jpg,Lleyton_Hewitt,mask_nose,Lleyton_Hewitt,True,0.03093838505446911
./data/processed/test/Lleyton_Hewitt/Lleyton_Hewitt_0041.jpg,Lleyton_Hewitt,mask_mouth,Lleyton_Hewitt,True,0.031040895730257034
./data/processed/test/Lleyton_Hewitt/Lleyton_Hewitt_0041.jpg,Lleyton_Hewitt,mask_face_oval,Lleyton_Hewitt,True,0.015349450521171093
./data/processed/test/Lleyton_Hewitt/Lleyton_Hewitt_0041.jpg,Lleyton_Hewitt,mask_outside_face,Lleyton_Hewitt,True,0.023542730137705803
./data/processed/test/Lleyton_Hewitt/Lleyton_Hewitt_0041.jpg,Lleyton_Hewitt,dark,Lleyton_Hewitt,True,0.030967239290475845
./data/processed/test/Lleyton_Hewitt/Lleyton_Hewitt_0041.jpg,Lleyton_Hewitt,bright,Lleyton_Hewitt,True,0.030994616448879242
./data/processed/test/Lucio_Gutierrez/Lucio_Gutierrez_0001.jpg,Lucio_Gutierrez,original,Alejandro_Toledo,False,0.01293084118515253
./data/processed/test/Lucio_Gutierrez/Lucio_Gutierrez_0001.jpg,Lucio_Gutierrez,mask_eyes,Lucio_Gutierrez,True,0.011413482017815113
./data/processed/test/Lucio_Gutierrez/Lucio_Gutierrez_0001.jpg,Lucio_Gutierrez,mask_nose,Alejandro_Toledo,False,0.01290157437324524
./data/processed/test/Lucio_Gutierrez/Lucio_Gutierrez_0001.jpg,Lucio_Gutierrez,mask_mouth,Alejandro_Toledo,False,0.012556790374219418
./data/processed/test/Lucio_Gutierrez/Lucio_Gutierrez_0001.jpg,Lucio_Gutierrez,mask_face_oval,Alejandro_Toledo,False,0.011232693679630756
./data/processed/test/Lucio_Gutierrez/Lucio_Gutierrez_0001.jpg,Lucio_Gutierrez,mask_outside_face,Lleyton_Hewitt,False,0.011110908351838589
./data/processed/test/Lucio_Gutierrez/Lucio_Gutierrez_0001.jpg,Lucio_Gutierrez,dark,Alejandro_Toledo,False,0.014391705393791199
./data/processed/test/Lucio_Gutierrez/Lucio_Gutierrez_0001.jpg,Lucio_Gutierrez,bright,Alejandro_Toledo,False,0.01198930386453867
./data/processed/test/Lucio_Gutierrez/Lucio_Gutierrez_0010.jpg,Lucio_Gutierrez,original,Lucio_Gutierrez,True,0.011496336199343204
./data/processed/test/Lucio_Gutierrez/Lucio_Gutierrez_0010.jpg,Lucio_Gutierrez,mask_eyes,Lucio_Gutierrez,True,0.011487049981951714
./data/processed/test/Lucio_Gutierrez/Lucio_Gutierrez_0010.jpg,Lucio_Gutierrez,mask_nose,Alejandro_Toledo,False,0.011426001787185669
./data/processed/test/Lucio_Gutierrez/Lucio_Gutierrez_0010.jpg,Lucio_Gutierrez,mask_mouth,Lucio_Gutierrez,True,0.011454801075160503
./data/processed/test/Lucio_Gutierrez/Lucio_Gutierrez_0010.jpg,Lucio_Gutierrez,mask_face_oval,Arnold_Schwarzenegger,False,0.010877243243157864
./data/processed/test/Lucio_Gutierrez/Lucio_Gutierrez_0010.jpg,Lucio_Gutierrez,mask_outside_face,Lleyton_Hewitt,False,0.010992640629410744
./data/processed/test/Lucio_Gutierrez/Lucio_Gutierrez_0010.jpg,Lucio_Gutierrez,dark,Lucio_Gutierrez,True,0.011352083645761013
./data/processed/test/Lucio_Gutierrez/Lucio_Gutierrez_0010.jpg,Lucio_Gutierrez,bright,Lucio_Gutierrez,True,0.01129164919257164
./data/processed/test/Lucio_Gutierrez/Lucio_Gutierrez_0012.jpg,Lucio_Gutierrez,original,Hugo_Chavez,False,0.0133050000295043
./data/processed/test/Lucio_Gutierrez/Lucio_Gutierrez_0012.jpg,Lucio_Gutierrez,mask_eyes,Gerhard_Schroeder,False,0.015190533362329006
./data/processed/test/Lucio_Gutierrez/Lucio_Gutierrez_0012.jpg,Lucio_Gutierrez,mask_nose,Hugo_Chavez,False,0.013007309287786484
./data/processed/test/Lucio_Gutierrez/Lucio_Gutierrez_0012.jpg,Lucio_Gutierrez,mask_mouth,Hugo_Chavez,False,0.014737222343683243
./data/processed/test/Lucio_Gutierrez/Lucio_Gutierrez_0012.jpg,Lucio_Gutierrez,mask_face_oval,Hugo_Chavez,False,0.01460521575063467
./data/processed/test/Lucio_Gutierrez/Lucio_Gutierrez_0012.jpg,Lucio_Gutierrez,mask_outside_face,Recep_Tayyip_Erdogan,False,0.009963744319975376
./data/processed/test/Lucio_Gutierrez/Lucio_Gutierrez_0012.jpg,Lucio_Gutierrez,dark,Alejandro_Toledo,False,0.013501650653779507
./data/processed/test/Lucio_Gutierrez/Lucio_Gutierrez_0012.jpg,Lucio_Gutierrez,bright,Hugo_Chavez,False,0.015504265204071999
./data/processed/test/Luiz_Inacio_Lula_da_Silva/Luiz_Inacio_Lula_da_Silva_0005.jpg,Luiz_Inacio_Lula_da_Silva,original,Luiz_Inacio_Lula_da_Silva,True,0.03329300880432129
./data/processed/test/Luiz_Inacio_Lula_da_Silva/Luiz_Inacio_Lula_da_Silva_0005.jpg,Luiz_Inacio_Lula_da_Silva,mask_eyes,Luiz_Inacio_Lula_da_Silva,True,0.03321673721075058
./data/processed/test/Luiz_Inacio_Lula_da_Silva/Luiz_Inacio_Lula_da_Silva_0005.jpg,Luiz_Inacio_Lula_da_Silva,mask_nose,Luiz_Inacio_Lula_da_Silva,True,0.03327775001525879
./data/processed/test/Luiz_Inacio_Lula_da_Silva/Luiz_Inacio_Lula_da_Silva_0005.jpg,Luiz_Inacio_Lula_da_Silva,mask_mouth,Luiz_Inacio_Lula_da_Silva,True,0.03325938060879707
./data/processed/test/Luiz_Inacio_Lula_da_Silva/Luiz_Inacio_Lula_da_Silva_0005.jpg,Luiz_Inacio_Lula_da_Silva,mask_face_oval,Michael_Schumacher,False,0.00970509648323059
./data/processed/test/Luiz_Inacio_Lula_da_Silva/Luiz_Inacio_Lula_da_Silva_0005.jpg,Luiz_Inacio_Lula_da_Silva,mask_outside_face,Luiz_Inacio_Lula_da_Silva,True,0.03323071449995041
./data/processed/test/Luiz_Inacio_Lula_da_Silva/Luiz_Inacio_Lula_da_Silva_0005.jpg,Luiz_Inacio_Lula_da_Silva,dark,Luiz_Inacio_Lula_da_Silva,True,0.03326207771897316
./data/processed/test/Luiz_Inacio_Lula_da_Silva/Luiz_Inacio_Lula_da_Silva_0005.jpg,Luiz_Inacio_Lula_da_Silva,bright,Luiz_Inacio_Lula_da_Silva,True,0.0330621674656868
./data/processed/test/Luiz_Inacio_Lula_da_Silva/Luiz_Inacio_Lula_da_Silva_0013.jpg,Luiz_Inacio_Lula_da_Silva,original,Luiz_Inacio_Lula_da_Silva,True,0.03326065093278885
./data/processed/test/Luiz_Inacio_Lula_da_Silva/Luiz_Inacio_Lula_da_Silva_0013.jpg,Luiz_Inacio_Lula_da_Silva,mask_eyes,Luiz_Inacio_Lula_da_Silva,True,0.033248476684093475
./data/processed/test/Luiz_Inacio_Lula_da_Silva/Luiz_Inacio_Lula_da_Silva_0013.jpg,Luiz_Inacio_Lula_da_Silva,mask_nose,Luiz_Inacio_Lula_da_Silva,True,0.033225324004888535
./data/processed/test/Luiz_Inacio_Lula_da_Silva/Luiz_Inacio_Lula_da_Silva_0013.jpg,Luiz_Inacio_Lula_da_Silva,mask_mouth,Luiz_Inacio_Lula_da_Silva,True,0.03322811424732208
./data/processed/test/Luiz_Inacio_Lula_da_Silva/Luiz_Inacio_Lula_da_Silva_0013.jpg,Luiz_Inacio_Lula_da_Silva,mask_face_oval,Ariel_Sharon,False,0.010374283418059349
./data/processed/test/Luiz_Inacio_Lula_da_Silva/Luiz_Inacio_Lula_da_Silva_0013.jpg,Luiz_Inacio_Lula_da_Silva,mask_outside_face,Luiz_Inacio_Lula_da_Silva,True,0.0332438088953495
./data/processed/test/Luiz_Inacio_Lula_da_Silva/Luiz_Inacio_Lula_da_Silva_0013.jpg,Luiz_Inacio_Lula_da_Silva,dark,Luiz_Inacio_Lula_da_Silva,True,0.033065520226955414
./data/processed/test/Luiz_Inacio_Lula_da_Silva/Luiz_Inacio_Lula_da_Silva_0013.jpg,Luiz_Inacio_Lula_da_Silva,bright,Luiz_Inacio_Lula_da_Silva,True,0.03325998783111572
./data/processed/test/Luiz_Inacio_Lula_da_Silva/Luiz_Inacio_Lula_da_Silva_0020.jpg,Luiz_Inacio_Lula_da_Silva,original,Luiz_Inacio_Lula_da_Silva,True,0.033055149018764496
./data/processed/test/Luiz_Inacio_Lula_da_Silva/Luiz_Inacio_Lula_da_Silva_0020.jpg,Luiz_Inacio_Lula_da_Silva,mask_eyes,Luiz_Inacio_Lula_da_Silva,True,0.03305203095078468
./data/processed/test/Luiz_Inacio_Lula_da_Silva/Luiz_Inacio_Lula_da_Silva_0020.jpg,Luiz_Inacio_Lula_da_Silva,mask_nose,Luiz_Inacio_Lula_da_Silva,True,0.03268646076321602
./data/processed/test/Luiz_Inacio_Lula_da_Silva/Luiz_Inacio_Lula_da_Silva_0020.jpg,Luiz_Inacio_Lula_da_Silva,mask_mouth,Luiz_Inacio_Lula_da_Silva,True,0.03255152702331543
./data/processed/test/Luiz_Inacio_Lula_da_Silva/Luiz_Inacio_Lula_da_Silva_0020.jpg,Luiz_Inacio_Lula_da_Silva,mask_face_oval,Hugo_Chavez,False,0.00944066233932972
./data/processed/test/Luiz_Inacio_Lula_da_Silva/Luiz_Inacio_Lula_da_Silva_0020.jpg,Luiz_Inacio_Lula_da_Silva,mask_outside_face,Luiz_Inacio_Lula_da_Silva,True,0.030728690326213837
./data/processed/test/Luiz_Inacio_Lula_da_Silva/Luiz_Inacio_Lula_da_Silva_0020.jpg,Luiz_Inacio_Lula_da_Silva,dark,Luiz_Inacio_Lula_da_Silva,True,0.03242042288184166
./data/processed/test/Luiz_Inacio_Lula_da_Silva/Luiz_Inacio_Lula_da_Silva_0020.jpg,Luiz_Inacio_Lula_da_Silva,bright,Luiz_Inacio_Lula_da_Silva,True,0.032279159873723984
./data/processed/test/Luiz_Inacio_Lula_da_Silva/Luiz_Inacio_Lula_da_Silva_0025.jpg,Luiz_Inacio_Lula_da_Silva,original,Luiz_Inacio_Lula_da_Silva,True,0.03320945054292679
./data/processed/test/Luiz_Inacio_Lula_da_Silva/Luiz_Inacio_Lula_da_Silva_0025.jpg,Luiz_Inacio_Lula_da_Silva,mask_eyes,Luiz_Inacio_Lula_da_Silva,True,0.033202920109033585
./data/processed/test/Luiz_Inacio_Lula_da_Silva/Luiz_Inacio_Lula_da_Silva_0025.jpg,Luiz_Inacio_Lula_da_Silva,mask_nose,Luiz_Inacio_Lula_da_Silva,True,0.033227551728487015
./data/processed/test/Luiz_Inacio_Lula_da_Silva/Luiz_Inacio_Lula_da_Silva_0025.jpg,Luiz_Inacio_Lula_da_Silva,mask_mouth,Luiz_Inacio_Lula_da_Silva,True,0.0331571102142334
./data/processed/test/Luiz_Inacio_Lula_da_Silva/Luiz_Inacio_Lula_da_Silva_0025.jpg,Luiz_Inacio_Lula_da_Silva,mask_face_oval,Michael_Schumacher,False,0.009993310086429119
./data/processed/test/Luiz_Inacio_Lula_da_Silva/Luiz_Inacio_Lula_da_Silva_0025.jpg,Luiz_Inacio_Lula_da_Silva,mask_outside_face,Luiz_Inacio_Lula_da_Silva,True,0.03319068253040314
./data/processed/test/Luiz_Inacio_Lula_da_Silva/Luiz_Inacio_Lula_da_Silva_0025.jpg,Luiz_Inacio_Lula_da_Silva,dark,Luiz_Inacio_Lula_da_Silva,True,0.03312063217163086
./data/processed/test/Luiz_Inacio_Lula_da_Silva/Luiz_Inacio_Lula_da_Silva_0025.jpg,Luiz_Inacio_Lula_da_Silva,bright,Luiz_Inacio_Lula_da_Silva,True,0.0331585630774498
./data/processed/test/Luiz_Inacio_Lula_da_Silva/Luiz_Inacio_Lula_da_Silva_0026.jpg,Luiz_Inacio_Lula_da_Silva,original,Luiz_Inacio_Lula_da_Silva,True,0.03322780132293701
./data/processed/test/Luiz_Inacio_Lula_da_Silva/Luiz_Inacio_Lula_da_Silva_0026.jpg,Luiz_Inacio_Lula_da_Silva,mask_eyes,Luiz_Inacio_Lula_da_Silva,True,0.03319311514496803
./data/processed/test/Luiz_Inacio_Lula_da_Silva/Luiz_Inacio_Lula_da_Silva_0026.jpg,Luiz_Inacio_Lula_da_Silva,mask_nose,Luiz_Inacio_Lula_da_Silva,True,0.03303571417927742
./data/processed/test/Luiz_Inacio_Lula_da_Silva/Luiz_Inacio_Lula_da_Silva_0026.jpg,Luiz_Inacio_Lula_da_Silva,mask_mouth,Luiz_Inacio_Lula_da_Silva,True,0.03326156362891197
./data/processed/test/Luiz_Inacio_Lula_da_Silva/Luiz_Inacio_Lula_da_Silva_0026.jpg,Luiz_Inacio_Lula_da_Silva,mask_face_oval,Taha_Yassin_Ramadan,False,0.00846282858401537
./data/processed/test/Luiz_Inacio_Lula_da_Silva/Luiz_Inacio_Lula_da_Silva_0026.jpg,Luiz_Inacio_Lula_da_Silva,mask_outside_face,Luiz_Inacio_Lula_da_Silva,True,0.0330142006278038
./data/processed/test/Luiz_Inacio_Lula_da_Silva/Luiz_Inacio_Lula_da_Silva_0026.jpg,Luiz_Inacio_Lula_da_Silva,dark,Luiz_Inacio_Lula_da_Silva,True,0.033247821033000946
./data/processed/test/Luiz_Inacio_Lula_da_Silva/Luiz_Inacio_Lula_da_Silva_0026.jpg,Luiz_Inacio_Lula_da_Silva,bright,Luiz_Inacio_Lula_da_Silva,True,0.03318272903561592
./data/processed/test/Luiz_Inacio_Lula_da_Silva/Luiz_Inacio_Lula_da_Silva_0027.jpg,Luiz_Inacio_Lula_da_Silva,original,Luiz_Inacio_Lula_da_Silva,True,0.03318474814295769
./data/processed/test/Luiz_Inacio_Lula_da_Silva/Luiz_Inacio_Lula_da_Silva_0027.jpg,Luiz_Inacio_Lula_da_Silva,mask_eyes,Luiz_Inacio_Lula_da_Silva,True,0.033190444111824036
./data/processed/test/Luiz_Inacio_Lula_da_Silva/Luiz_Inacio_Lula_da_Silva_0027.jpg,Luiz_Inacio_Lula_da_Silva,mask_nose,Luiz_Inacio_Lula_da_Silva,True,0.0332442969083786
./data/processed/test/Luiz_Inacio_Lula_da_Silva/Luiz_Inacio_Lula_da_Silva_0027.jpg,Luiz_Inacio_Lula_da_Silva,mask_mouth,Luiz_Inacio_Lula_da_Silva,True,0.03320283442735672
./data/processed/test/Luiz_Inacio_Lula_da_Silva/Luiz_Inacio_Lula_da_Silva_0027.jpg,Luiz_Inacio_Lula_da_Silva,mask_face_oval,Jiang_Zemin,False,0.009481886401772499
./data/processed/test/Luiz_Inacio_Lula_da_Silva/Luiz_Inacio_Lula_da_Silva_0027.jpg,Luiz_Inacio_Lula_da_Silva,mask_outside_face,Luiz_Inacio_Lula_da_Silva,True,0.033036112785339355
./data/processed/test/Luiz_Inacio_Lula_da_Silva/Luiz_Inacio_Lula_da_Silva_0027.jpg,Luiz_Inacio_Lula_da_Silva,dark,Luiz_Inacio_Lula_da_Silva,True,0.03318537771701813
./data/processed/test/Luiz_Inacio_Lula_da_Silva/Luiz_Inacio_Lula_da_Silva_0027.jpg,Luiz_Inacio_Lula_da_Silva,bright,Luiz_Inacio_Lula_da_Silva,True,0.03318250924348831
./data/processed/test/Luiz_Inacio_Lula_da_Silva/Luiz_Inacio_Lula_da_Silva_0028.jpg,Luiz_Inacio_Lula_da_Silva,original,Luiz_Inacio_Lula_da_Silva,True,0.03334952890872955
./data/processed/test/Luiz_Inacio_Lula_da_Silva/Luiz_Inacio_Lula_da_Silva_0028.jpg,Luiz_Inacio_Lula_da_Silva,mask_eyes,Luiz_Inacio_Lula_da_Silva,True,0.03334477171301842
./data/processed/test/Luiz_Inacio_Lula_da_Silva/Luiz_Inacio_Lula_da_Silva_0028.jpg,Luiz_Inacio_Lula_da_Silva,mask_nose,Luiz_Inacio_Lula_da_Silva,True,0.0333702377974987
./data/processed/test/Luiz_Inacio_Lula_da_Silva/Luiz_Inacio_Lula_da_Silva_0028.jpg,Luiz_Inacio_Lula_da_Silva,mask_mouth,Luiz_Inacio_Lula_da_Silva,True,0.03334663063287735
./data/processed/test/Luiz_Inacio_Lula_da_Silva/Luiz_Inacio_Lula_da_Silva_0028.jpg,Luiz_Inacio_Lula_da_Silva,mask_face_oval,Colin_Powell,False,0.00987807847559452
./data/processed/test/Luiz_Inacio_Lula_da_Silva/Luiz_Inacio_Lula_da_Silva_0028.jpg,Luiz_Inacio_Lula_da_Silva,mask_outside_face,Luiz_Inacio_Lula_da_Silva,True,0.03299737721681595
./data/processed/test/Luiz_Inacio_Lula_da_Silva/Luiz_Inacio_Lula_da_Silva_0028.jpg,Luiz_Inacio_Lula_da_Silva,dark,Luiz_Inacio_Lula_da_Silva,True,0.03337455913424492
./data/processed/test/Luiz_Inacio_Lula_da_Silva/Luiz_Inacio_Lula_da_Silva_0028.jpg,Luiz_Inacio_Lula_da_Silva,bright,Luiz_Inacio_Lula_da_Silva,True,0.03331335633993149
./data/processed/test/Luiz_Inacio_Lula_da_Silva/Luiz_Inacio_Lula_da_Silva_0038.jpg,Luiz_Inacio_Lula_da_Silva,original,Luiz_Inacio_Lula_da_Silva,True,0.033177413046360016
./data/processed/test/Luiz_Inacio_Lula_da_Silva/Luiz_Inacio_Lula_da_Silva_0038.jpg,Luiz_Inacio_Lula_da_Silva,mask_eyes,Luiz_Inacio_Lula_da_Silva,True,0.03319400176405907
./data/processed/test/Luiz_Inacio_Lula_da_Silva/Luiz_Inacio_Lula_da_Silva_0038.jpg,Luiz_Inacio_Lula_da_Silva,mask_nose,Luiz_Inacio_Lula_da_Silva,True,0.03299077972769737
./data/processed/test/Luiz_Inacio_Lula_da_Silva/Luiz_Inacio_Lula_da_Silva_0038.jpg,Luiz_Inacio_Lula_da_Silva,mask_mouth,Luiz_Inacio_Lula_da_Silva,True,0.03308311849832535
./data/processed/test/Luiz_Inacio_Lula_da_Silva/Luiz_Inacio_Lula_da_Silva_0038.jpg,Luiz_Inacio_Lula_da_Silva,mask_face_oval,Gerhard_Schroeder,False,0.009951303713023663
./data/processed/test/Luiz_Inacio_Lula_da_Silva/Luiz_Inacio_Lula_da_Silva_0038.jpg,Luiz_Inacio_Lula_da_Silva,mask_outside_face,Luiz_Inacio_Lula_da_Silva,True,0.033187318593263626
./data/processed/test/Luiz_Inacio_Lula_da_Silva/Luiz_Inacio_Lula_da_Silva_0038.jpg,Luiz_Inacio_Lula_da_Silva,dark,Luiz_Inacio_Lula_da_Silva,True,0.03308955952525139
./data/processed/test/Luiz_Inacio_Lula_da_Silva/Luiz_Inacio_Lula_da_Silva_0038.jpg,Luiz_Inacio_Lula_da_Silva,bright,Luiz_Inacio_Lula_da_Silva,True,0.03320211172103882
./data/processed/test/Luiz_Inacio_Lula_da_Silva/Luiz_Inacio_Lula_da_Silva_0041.jpg,Luiz_Inacio_Lula_da_Silva,original,Luiz_Inacio_Lula_da_Silva,True,0.033176254481077194
./data/processed/test/Luiz_Inacio_Lula_da_Silva/Luiz_Inacio_Lula_da_Silva_0041.jpg,Luiz_Inacio_Lula_da_Silva,mask_eyes,Luiz_Inacio_Lula_da_Silva,True,0.03316987305879593
./data/processed/test/Luiz_Inacio_Lula_da_Silva/Luiz_Inacio_Lula_da_Silva_0041.jpg,Luiz_Inacio_Lula_da_Silva,mask_nose,Luiz_Inacio_Lula_da_Silva,True,0.033235449343919754
./data/processed/test/Luiz_Inacio_Lula_da_Silva/Luiz_Inacio_Lula_da_Silva_0041.jpg,Luiz_Inacio_Lula_da_Silva,mask_mouth,Luiz_Inacio_Lula_da_Silva,True,0.03319710120558739
./data/processed/test/Luiz_Inacio_Lula_da_Silva/Luiz_Inacio_Lula_da_Silva_0041.jpg,Luiz_Inacio_Lula_da_Silva,mask_face_oval,Hamid_Karzai,False,0.009807134978473186
./data/processed/test/Luiz_Inacio_Lula_da_Silva/Luiz_Inacio_Lula_da_Silva_0041.jpg,Luiz_Inacio_Lula_da_Silva,mask_outside_face,Luiz_Inacio_Lula_da_Silva,True,0.03296919912099838
./data/processed/test/Luiz_Inacio_Lula_da_Silva/Luiz_Inacio_Lula_da_Silva_0041.jpg,Luiz_Inacio_Lula_da_Silva,dark,Luiz_Inacio_Lula_da_Silva,True,0.03317464515566826
./data/processed/test/Luiz_Inacio_Lula_da_Silva/Luiz_Inacio_Lula_da_Silva_0041.jpg,Luiz_Inacio_Lula_da_Silva,bright,Luiz_Inacio_Lula_da_Silva,True,0.03308117017149925
./data/processed/test/Luiz_Inacio_Lula_da_Silva/Luiz_Inacio_Lula_da_Silva_0044.jpg,Luiz_Inacio_Lula_da_Silva,original,Luiz_Inacio_Lula_da_Silva,True,0.033227868378162384
./data/processed/test/Luiz_Inacio_Lula_da_Silva/Luiz_Inacio_Lula_da_Silva_0044.jpg,Luiz_Inacio_Lula_da_Silva,mask_eyes,Luiz_Inacio_Lula_da_Silva,True,0.033176593482494354
./data/processed/test/Luiz_Inacio_Lula_da_Silva/Luiz_Inacio_Lula_da_Silva_0044.jpg,Luiz_Inacio_Lula_da_Silva,mask_nose,Luiz_Inacio_Lula_da_Silva,True,0.03324951231479645
./data/processed/test/Luiz_Inacio_Lula_da_Silva/Luiz_Inacio_Lula_da_Silva_0044.jpg,Luiz_Inacio_Lula_da_Silva,mask_mouth,Luiz_Inacio_Lula_da_Silva,True,0.03317762538790703
./data/processed/test/Luiz_Inacio_Lula_da_Silva/Luiz_Inacio_Lula_da_Silva_0044.jpg,Luiz_Inacio_Lula_da_Silva,mask_face_oval,Alejandro_Toledo,False,0.009397036395967007
./data/processed/test/Luiz_Inacio_Lula_da_Silva/Luiz_Inacio_Lula_da_Silva_0044.jpg,Luiz_Inacio_Lula_da_Silva,mask_outside_face,Luiz_Inacio_Lula_da_Silva,True,0.03286996856331825
./data/processed/test/Luiz_Inacio_Lula_da_Silva/Luiz_Inacio_Lula_da_Silva_0044.jpg,Luiz_Inacio_Lula_da_Silva,dark,Luiz_Inacio_Lula_da_Silva,True,0.03310526907444
./data/processed/test/Luiz_Inacio_Lula_da_Silva/Luiz_Inacio_Lula_da_Silva_0044.jpg,Luiz_Inacio_Lula_da_Silva,bright,Luiz_Inacio_Lula_da_Silva,True,0.033264223486185074
./data/processed/test/Mahathir_Mohamad/Mahathir_Mohamad_0001.jpg,Mahathir_Mohamad,original,Mahathir_Mohamad,True,0.01184918824583292
./data/processed/test/Mahathir_Mohamad/Mahathir_Mohamad_0001.jpg,Mahathir_Mohamad,mask_eyes,Mahathir_Mohamad,True,0.011760327033698559
./data/processed/test/Mahathir_Mohamad/Mahathir_Mohamad_0001.jpg,Mahathir_Mohamad,mask_nose,Mahathir_Mohamad,True,0.011223165318369865
./data/processed/test/Mahathir_Mohamad/Mahathir_Mohamad_0001.jpg,Mahathir_Mohamad,mask_mouth,Mahathir_Mohamad,True,0.011366506107151508
./data/processed/test/Mahathir_Mohamad/Mahathir_Mohamad_0001.jpg,Mahathir_Mohamad,mask_face_oval,Hugo_Chavez,False,0.010341795161366463
./data/processed/test/Mahathir_Mohamad/Mahathir_Mohamad_0001.jpg,Mahathir_Mohamad,mask_outside_face,Colin_Powell,False,0.011688980273902416
./data/processed/test/Mahathir_Mohamad/Mahathir_Mohamad_0001.jpg,Mahathir_Mohamad,dark,Mahathir_Mohamad,True,0.011858738027513027
./data/processed/test/Mahathir_Mohamad/Mahathir_Mohamad_0001.jpg,Mahathir_Mohamad,bright,Mahathir_Mohamad,True,0.011689851991832256
./data/processed/test/Mahathir_Mohamad/Mahathir_Mohamad_0010.jpg,Mahathir_Mohamad,original,Mahathir_Mohamad,True,0.011640023440122604
./data/processed/test/Mahathir_Mohamad/Mahathir_Mohamad_0010.jpg,Mahathir_Mohamad,mask_eyes,Mahathir_Mohamad,True,0.011406035162508488
./data/processed/test/Mahathir_Mohamad/Mahathir_Mohamad_0010.jpg,Mahathir_Mohamad,mask_nose,Wen_Jiabao,False,0.010551933199167252
./data/processed/test/Mahathir_Mohamad/Mahathir_Mohamad_0010.jpg,Mahathir_Mohamad,mask_mouth,Mahathir_Mohamad,True,0.01114692073315382
./data/processed/test/Mahathir_Mohamad/Mahathir_Mohamad_0010.jpg,Mahathir_Mohamad,mask_face_oval,Jiang_Zemin,False,0.009502135217189789
./data/processed/test/Mahathir_Mohamad/Mahathir_Mohamad_0010.jpg,Mahathir_Mohamad,mask_outside_face,Mahathir_Mohamad,True,0.01124468445777893
./data/processed/test/Mahathir_Mohamad/Mahathir_Mohamad_0010.jpg,Mahathir_Mohamad,dark,Mahathir_Mohamad,True,0.01117666531354189
./data/processed/test/Mahathir_Mohamad/Mahathir_Mohamad_0010.jpg,Mahathir_Mohamad,bright,Mahathir_Mohamad,True,0.01169902365654707
./data/processed/test/Mahathir_Mohamad/Mahathir_Mohamad_0012.jpg,Mahathir_Mohamad,original,Mahathir_Mohamad,True,0.011952603235840797
./data/processed/test/Mahathir_Mohamad/Mahathir_Mohamad_0012.jpg,Mahathir_Mohamad,mask_eyes,Mahathir_Mohamad,True,0.011654486879706383
./data/processed/test/Mahathir_Mohamad/Mahathir_Mohamad_0012.jpg,Mahathir_Mohamad,mask_nose,Mahathir_Mohamad,True,0.011811576783657074
./data/processed/test/Mahathir_Mohamad/Mahathir_Mohamad_0012.jpg,Mahathir_Mohamad,mask_mouth,Mahathir_Mohamad,True,0.011989419348537922
./data/processed/test/Mahathir_Mohamad/Mahathir_Mohamad_0012.jpg,Mahathir_Mohamad,mask_face_oval,Hugo_Chavez,False,0.010321350768208504
./data/processed/test/Mahathir_Mohamad/Mahathir_Mohamad_0012.jpg,Mahathir_Mohamad,mask_outside_face,Mahathir_Mohamad,True,0.011638503521680832
./data/processed/test/Mahathir_Mohamad/Mahathir_Mohamad_0012.jpg,Mahathir_Mohamad,dark,Mahathir_Mohamad,True,0.012008155696094036
./data/processed/test/Mahathir_Mohamad/Mahathir_Mohamad_0012.jpg,Mahathir_Mohamad,bright,Mahathir_Mohamad,True,0.011740842834115028
./data/processed/test/Mahmoud_Abbas/Mahmoud_Abbas_0009.jpg,Mahmoud_Abbas,original,Mahmoud_Abbas,True,0.022610533982515335
./data/processed/test/Mahmoud_Abbas/Mahmoud_Abbas_0009.jpg,Mahmoud_Abbas,mask_eyes,Mahmoud_Abbas,True,0.02263195626437664
./data/processed/test/Mahmoud_Abbas/Mahmoud_Abbas_0009.jpg,Mahmoud_Abbas,mask_nose,Mahmoud_Abbas,True,0.022644851356744766
./data/processed/test/Mahmoud_Abbas/Mahmoud_Abbas_0009.jpg,Mahmoud_Abbas,mask_mouth,Mahmoud_Abbas,True,0.02260167896747589
./data/processed/test/Mahmoud_Abbas/Mahmoud_Abbas_0009.jpg,Mahmoud_Abbas,mask_face_oval,Ariel_Sharon,False,0.009877563454210758
./data/processed/test/Mahmoud_Abbas/Mahmoud_Abbas_0009.jpg,Mahmoud_Abbas,mask_outside_face,Mahmoud_Abbas,True,0.021108757704496384
./data/processed/test/Mahmoud_Abbas/Mahmoud_Abbas_0009.jpg,Mahmoud_Abbas,dark,Mahmoud_Abbas,True,0.02251058630645275
./data/processed/test/Mahmoud_Abbas/Mahmoud_Abbas_0009.jpg,Mahmoud_Abbas,bright,Mahmoud_Abbas,True,0.02261345647275448
./data/processed/test/Mahmoud_Abbas/Mahmoud_Abbas_0010.jpg,Mahmoud_Abbas,original,Mahmoud_Abbas,True,0.022614996880292892
./data/processed/test/Mahmoud_Abbas/Mahmoud_Abbas_0010.jpg,Mahmoud_Abbas,mask_eyes,Mahmoud_Abbas,True,0.02262955531477928
./data/processed/test/Mahmoud_Abbas/Mahmoud_Abbas_0010.jpg,Mahmoud_Abbas,mask_nose,Mahmoud_Abbas,True,0.022506197914481163
./data/processed/test/Mahmoud_Abbas/Mahmoud_Abbas_0010.jpg,Mahmoud_Abbas,mask_mouth,Mahmoud_Abbas,True,0.02262171171605587
./data/processed/test/Mahmoud_Abbas/Mahmoud_Abbas_0010.jpg,Mahmoud_Abbas,mask_face_oval,Joschka_Fischer,False,0.00924350880086422
./data/processed/test/Mahmoud_Abbas/Mahmoud_Abbas_0010.jpg,Mahmoud_Abbas,mask_outside_face,Mahmoud_Abbas,True,0.018066490069031715
./data/processed/test/Mahmoud_Abbas/Mahmoud_Abbas_0010.jpg,Mahmoud_Abbas,dark,Mahmoud_Abbas,True,0.02257252112030983
./data/processed/test/Mahmoud_Abbas/Mahmoud_Abbas_0010.jpg,Mahmoud_Abbas,bright,Mahmoud_Abbas,True,0.021566882729530334
./data/processed/test/Mahmoud_Abbas/Mahmoud_Abbas_0013.jpg,Mahmoud_Abbas,original,Mahmoud_Abbas,True,0.02218974381685257
./data/processed/test/Mahmoud_Abbas/Mahmoud_Abbas_0013.jpg,Mahmoud_Abbas,mask_eyes,Mahmoud_Abbas,True,0.022211479023098946
./data/processed/test/Mahmoud_Abbas/Mahmoud_Abbas_0013.jpg,Mahmoud_Abbas,mask_nose,Mahmoud_Abbas,True,0.021648824214935303
./data/processed/test/Mahmoud_Abbas/Mahmoud_Abbas_0013.jpg,Mahmoud_Abbas,mask_mouth,Mahmoud_Abbas,True,0.022148029878735542
./data/processed/test/Mahmoud_Abbas/Mahmoud_Abbas_0013.jpg,Mahmoud_Abbas,mask_face_oval,Michael_Schumacher,False,0.00939213391393423
./data/processed/test/Mahmoud_Abbas/Mahmoud_Abbas_0013.jpg,Mahmoud_Abbas,mask_outside_face,Mahmoud_Abbas,True,0.018445856869220734
./data/processed/test/Mahmoud_Abbas/Mahmoud_Abbas_0013.jpg,Mahmoud_Abbas,dark,Mahmoud_Abbas,True,0.02172931097447872
./data/processed/test/Mahmoud_Abbas/Mahmoud_Abbas_0013.jpg,Mahmoud_Abbas,bright,Mahmoud_Abbas,True,0.02227596566081047
./data/processed/test/Mahmoud_Abbas/Mahmoud_Abbas_0017.jpg,Mahmoud_Abbas,original,Mahmoud_Abbas,True,0.02261645905673504
./data/processed/test/Mahmoud_Abbas/Mahmoud_Abbas_0017.jpg,Mahmoud_Abbas,mask_eyes,Mahmoud_Abbas,True,0.022537020966410637
./data/processed/test/Mahmoud_Abbas/Mahmoud_Abbas_0017.jpg,Mahmoud_Abbas,mask_nose,Mahmoud_Abbas,True,0.022458571940660477
./data/processed/test/Mahmoud_Abbas/Mahmoud_Abbas_0017.jpg,Mahmoud_Abbas,mask_mouth,Mahmoud_Abbas,True,0.022594235837459564
./data/processed/test/Mahmoud_Abbas/Mahmoud_Abbas_0017.jpg,Mahmoud_Abbas,mask_face_oval,George_W_Bush,False,0.010937556624412537
./data/processed/test/Mahmoud_Abbas/Mahmoud_Abbas_0017.jpg,Mahmoud_Abbas,mask_outside_face,Mahmoud_Abbas,True,0.01588352955877781
./data/processed/test/Mahmoud_Abbas/Mahmoud_Abbas_0017.jpg,Mahmoud_Abbas,dark,Mahmoud_Abbas,True,0.022553054615855217
./data/processed/test/Mahmoud_Abbas/Mahmoud_Abbas_0017.jpg,Mahmoud_Abbas,bright,Mahmoud_Abbas,True,0.02260914444923401
./data/processed/test/Mahmoud_Abbas/Mahmoud_Abbas_0023.jpg,Mahmoud_Abbas,original,Mahmoud_Abbas,True,0.022677961736917496
./data/processed/test/Mahmoud_Abbas/Mahmoud_Abbas_0023.jpg,Mahmoud_Abbas,mask_eyes,Mahmoud_Abbas,True,0.022643951699137688
./data/processed/test/Mahmoud_Abbas/Mahmoud_Abbas_0023.jpg,Mahmoud_Abbas,mask_nose,Mahmoud_Abbas,True,0.02259991131722927
./data/processed/test/Mahmoud_Abbas/Mahmoud_Abbas_0023.jpg,Mahmoud_Abbas,mask_mouth,Mahmoud_Abbas,True,0.022674797102808952
./data/processed/test/Mahmoud_Abbas/Mahmoud_Abbas_0023.jpg,Mahmoud_Abbas,mask_face_oval,Michael_Schumacher,False,0.009658776223659515
./data/processed/test/Mahmoud_Abbas/Mahmoud_Abbas_0023.jpg,Mahmoud_Abbas,mask_outside_face,Mahmoud_Abbas,True,0.01725064218044281
./data/processed/test/Mahmoud_Abbas/Mahmoud_Abbas_0023.jpg,Mahmoud_Abbas,dark,Mahmoud_Abbas,True,0.022600261494517326
./data/processed/test/Mahmoud_Abbas/Mahmoud_Abbas_0023.jpg,Mahmoud_Abbas,bright,Mahmoud_Abbas,True,0.022577529773116112
./data/processed/test/Mahmoud_Abbas/Mahmoud_Abbas_0028.jpg,Mahmoud_Abbas,original,Mahmoud_Abbas,True,0.022451145574450493
./data/processed/test/Mahmoud_Abbas/Mahmoud_Abbas_0028.jpg,Mahmoud_Abbas,mask_eyes,Mahmoud_Abbas,True,0.02234259434044361
./data/processed/test/Mahmoud_Abbas/Mahmoud_Abbas_0028.jpg,Mahmoud_Abbas,mask_nose,Mahmoud_Abbas,True,0.022083187475800514
./data/processed/test/Mahmoud_Abbas/Mahmoud_Abbas_0028.jpg,Mahmoud_Abbas,mask_mouth,Mahmoud_Abbas,True,0.022450240328907967
./data/processed/test/Mahmoud_Abbas/Mahmoud_Abbas_0028.jpg,Mahmoud_Abbas,mask_face_oval,George_W_Bush,False,0.01236316841095686
./data/processed/test/Mahmoud_Abbas/Mahmoud_Abbas_0028.jpg,Mahmoud_Abbas,mask_outside_face,Mahmoud_Abbas,True,0.019466804340481758
./data/processed/test/Mahmoud_Abbas/Mahmoud_Abbas_0028.jpg,Mahmoud_Abbas,dark,Mahmoud_Abbas,True,0.021880485117435455
./data/processed/test/Mahmoud_Abbas/Mahmoud_Abbas_0028.jpg,Mahmoud_Abbas,bright,Mahmoud_Abbas,True,0.022411055862903595
./data/processed/test/Mark_Philippoussis/Mark_Philippoussis_0001.jpg,Mark_Philippoussis,original,Jose_Maria_Aznar,False,0.012011838145554066
./data/processed/test/Mark_Philippoussis/Mark_Philippoussis_0001.jpg,Mark_Philippoussis,mask_eyes,Jose_Maria_Aznar,False,0.011804004199802876
./data/processed/test/Mark_Philippoussis/Mark_Philippoussis_0001.jpg,Mark_Philippoussis,mask_nose,Jose_Maria_Aznar,False,0.012519514188170433
./data/processed/test/Mark_Philippoussis/Mark_Philippoussis_0001.jpg,Mark_Philippoussis,mask_mouth,Jose_Maria_Aznar,False,0.011835181154310703
./data/processed/test/Mark_Philippoussis/Mark_Philippoussis_0001.jpg,Mark_Philippoussis,mask_face_oval,Arnold_Schwarzenegger,False,0.011356549337506294
./data/processed/test/Mark_Philippoussis/Mark_Philippoussis_0001.jpg,Mark_Philippoussis,mask_outside_face,Lleyton_Hewitt,False,0.011513632722198963
./data/processed/test/Mark_Philippoussis/Mark_Philippoussis_0001.jpg,Mark_Philippoussis,dark,Jose_Maria_Aznar,False,0.0123243173584342
./data/processed/test/Mark_Philippoussis/Mark_Philippoussis_0001.jpg,Mark_Philippoussis,bright,Jose_Maria_Aznar,False,0.012338426895439625
./data/processed/test/Mark_Philippoussis/Mark_Philippoussis_0006.jpg,Mark_Philippoussis,original,Jose_Maria_Aznar,False,0.012693757191300392
./data/processed/test/Mark_Philippoussis/Mark_Philippoussis_0006.jpg,Mark_Philippoussis,mask_eyes,Jose_Maria_Aznar,False,0.012120984494686127
./data/processed/test/Mark_Philippoussis/Mark_Philippoussis_0006.jpg,Mark_Philippoussis,mask_nose,Jose_Maria_Aznar,False,0.013558457605540752
./data/processed/test/Mark_Philippoussis/Mark_Philippoussis_0006.jpg,Mark_Philippoussis,mask_mouth,Jose_Maria_Aznar,False,0.012729953043162823
./data/processed/test/Mark_Philippoussis/Mark_Philippoussis_0006.jpg,Mark_Philippoussis,mask_face_oval,Hugo_Chavez,False,0.010865159332752228
./data/processed/test/Mark_Philippoussis/Mark_Philippoussis_0006.jpg,Mark_Philippoussis,mask_outside_face,Jose_Maria_Aznar,False,0.012141706421971321
./data/processed/test/Mark_Philippoussis/Mark_Philippoussis_0006.jpg,Mark_Philippoussis,dark,Jose_Maria_Aznar,False,0.011812014505267143
./data/processed/test/Mark_Philippoussis/Mark_Philippoussis_0006.jpg,Mark_Philippoussis,bright,Jose_Maria_Aznar,False,0.012983439490199089
./data/processed/test/Mark_Philippoussis/Mark_Philippoussis_0010.jpg,Mark_Philippoussis,original,Jose_Maria_Aznar,False,0.01398884691298008
./data/processed/test/Mark_Philippoussis/Mark_Philippoussis_0010.jpg,Mark_Philippoussis,mask_eyes,Jose_Maria_Aznar,False,0.014076200313866138
./data/processed/test/Mark_Philippoussis/Mark_Philippoussis_0010.jpg,Mark_Philippoussis,mask_nose,Jose_Maria_Aznar,False,0.014067833311855793
./data/processed/test/Mark_Philippoussis/Mark_Philippoussis_0010.jpg,Mark_Philippoussis,mask_mouth,Jose_Maria_Aznar,False,0.013996521010994911
./data/processed/test/Mark_Philippoussis/Mark_Philippoussis_0010.jpg,Mark_Philippoussis,mask_face_oval,Michael_Schumacher,False,0.010268159210681915
./data/processed/test/Mark_Philippoussis/Mark_Philippoussis_0010.jpg,Mark_Philippoussis,mask_outside_face,Jose_Maria_Aznar,False,0.012943991459906101
./data/processed/test/Mark_Philippoussis/Mark_Philippoussis_0010.jpg,Mark_Philippoussis,dark,Jose_Maria_Aznar,False,0.012579125352203846
./data/processed/test/Mark_Philippoussis/Mark_Philippoussis_0010.jpg,Mark_Philippoussis,bright,Jose_Maria_Aznar,False,0.014069627039134502
./data/processed/test/Megawati_Sukarnoputri/Megawati_Sukarnoputri_0009.jpg,Megawati_Sukarnoputri,original,Megawati_Sukarnoputri,True,0.02371245250105858
./data/processed/test/Megawati_Sukarnoputri/Megawati_Sukarnoputri_0009.jpg,Megawati_Sukarnoputri,mask_eyes,Megawati_Sukarnoputri,True,0.02192777954041958
./data/processed/test/Megawati_Sukarnoputri/Megawati_Sukarnoputri_0009.jpg,Megawati_Sukarnoputri,mask_nose,Megawati_Sukarnoputri,True,0.023772921413183212
./data/processed/test/Megawati_Sukarnoputri/Megawati_Sukarnoputri_0009.jpg,Megawati_Sukarnoputri,mask_mouth,Megawati_Sukarnoputri,True,0.023656971752643585
./data/processed/test/Megawati_Sukarnoputri/Megawati_Sukarnoputri_0009.jpg,Megawati_Sukarnoputri,mask_face_oval,Arnold_Schwarzenegger,False,0.01042590569704771
./data/processed/test/Megawati_Sukarnoputri/Megawati_Sukarnoputri_0009.jpg,Megawati_Sukarnoputri,mask_outside_face,Megawati_Sukarnoputri,True,0.021583762019872665
./data/processed/test/Megawati_Sukarnoputri/Megawati_Sukarnoputri_0009.jpg,Megawati_Sukarnoputri,dark,Megawati_Sukarnoputri,True,0.023841608315706253
./data/processed/test/Megawati_Sukarnoputri/Megawati_Sukarnoputri_0009.jpg,Megawati_Sukarnoputri,bright,Megawati_Sukarnoputri,True,0.02366272546350956
./data/processed/test/Megawati_Sukarnoputri/Megawati_Sukarnoputri_0010.jpg,Megawati_Sukarnoputri,original,Megawati_Sukarnoputri,True,0.02355104871094227
./data/processed/test/Megawati_Sukarnoputri/Megawati_Sukarnoputri_0010.jpg,Megawati_Sukarnoputri,mask_eyes,Megawati_Sukarnoputri,True,0.02208796702325344
./data/processed/test/Megawati_Sukarnoputri/Megawati_Sukarnoputri_0010.jpg,Megawati_Sukarnoputri,mask_nose,Megawati_Sukarnoputri,True,0.023119205608963966
./data/processed/test/Megawati_Sukarnoputri/Megawati_Sukarnoputri_0010.jpg,Megawati_Sukarnoputri,mask_mouth,Megawati_Sukarnoputri,True,0.023393061012029648
./data/processed/test/Megawati_Sukarnoputri/Megawati_Sukarnoputri_0010.jpg,Megawati_Sukarnoputri,mask_face_oval,Arnold_Schwarzenegger,False,0.010263290256261826
./data/processed/test/Megawati_Sukarnoputri/Megawati_Sukarnoputri_0010.jpg,Megawati_Sukarnoputri,mask_outside_face,Megawati_Sukarnoputri,True,0.02036973461508751
./data/processed/test/Megawati_Sukarnoputri/Megawati_Sukarnoputri_0010.jpg,Megawati_Sukarnoputri,dark,Megawati_Sukarnoputri,True,0.02348562888801098
./data/processed/test/Megawati_Sukarnoputri/Megawati_Sukarnoputri_0010.jpg,Megawati_Sukarnoputri,bright,Megawati_Sukarnoputri,True,0.022805998101830482
./data/processed/test/Megawati_Sukarnoputri/Megawati_Sukarnoputri_0016.jpg,Megawati_Sukarnoputri,original,Megawati_Sukarnoputri,True,0.02367710880935192
./data/processed/test/Megawati_Sukarnoputri/Megawati_Sukarnoputri_0016.jpg,Megawati_Sukarnoputri,mask_eyes,Megawati_Sukarnoputri,True,0.02327520214021206
./data/processed/test/Megawati_Sukarnoputri/Megawati_Sukarnoputri_0016.jpg,Megawati_Sukarnoputri,mask_nose,Megawati_Sukarnoputri,True,0.02332058921456337
./data/processed/test/Megawati_Sukarnoputri/Megawati_Sukarnoputri_0016.jpg,Megawati_Sukarnoputri,mask_mouth,Megawati_Sukarnoputri,True,0.023692509159445763
./data/processed/test/Megawati_Sukarnoputri/Megawati_Sukarnoputri_0016.jpg,Megawati_Sukarnoputri,mask_face_oval,Arnold_Schwarzenegger,False,0.009378908202052116
./data/processed/test/Megawati_Sukarnoputri/Megawati_Sukarnoputri_0016.jpg,Megawati_Sukarnoputri,mask_outside_face,Megawati_Sukarnoputri,True,0.021772416308522224
./data/processed/test/Megawati_Sukarnoputri/Megawati_Sukarnoputri_0016.jpg,Megawati_Sukarnoputri,dark,Megawati_Sukarnoputri,True,0.02367638796567917
./data/processed/test/Megawati_Sukarnoputri/Megawati_Sukarnoputri_0016.jpg,Megawati_Sukarnoputri,bright,Megawati_Sukarnoputri,True,0.0232694074511528
./data/processed/test/Megawati_Sukarnoputri/Megawati_Sukarnoputri_0018.jpg,Megawati_Sukarnoputri,original,Megawati_Sukarnoputri,True,0.02378099597990513
./data/processed/test/Megawati_Sukarnoputri/Megawati_Sukarnoputri_0018.jpg,Megawati_Sukarnoputri,mask_eyes,Megawati_Sukarnoputri,True,0.023679513484239578
./data/processed/test/Megawati_Sukarnoputri/Megawati_Sukarnoputri_0018.jpg,Megawati_Sukarnoputri,mask_nose,Megawati_Sukarnoputri,True,0.023194855079054832
./data/processed/test/Megawati_Sukarnoputri/Megawati_Sukarnoputri_0018.jpg,Megawati_Sukarnoputri,mask_mouth,Megawati_Sukarnoputri,True,0.023797238245606422
./data/processed/test/Megawati_Sukarnoputri/Megawati_Sukarnoputri_0018.jpg,Megawati_Sukarnoputri,mask_face_oval,Arnold_Schwarzenegger,False,0.011932902969419956
./data/processed/test/Megawati_Sukarnoputri/Megawati_Sukarnoputri_0018.jpg,Megawati_Sukarnoputri,mask_outside_face,Megawati_Sukarnoputri,True,0.021189352497458458
./data/processed/test/Megawati_Sukarnoputri/Megawati_Sukarnoputri_0018.jpg,Megawati_Sukarnoputri,dark,Megawati_Sukarnoputri,True,0.02384204976260662
./data/processed/test/Megawati_Sukarnoputri/Megawati_Sukarnoputri_0018.jpg,Megawati_Sukarnoputri,bright,Megawati_Sukarnoputri,True,0.023610509932041168
./data/processed/test/Megawati_Sukarnoputri/Megawati_Sukarnoputri_0020.jpg,Megawati_Sukarnoputri,original,Megawati_Sukarnoputri,True,0.023864733055233955
./data/processed/test/Megawati_Sukarnoputri/Megawati_Sukarnoputri_0020.jpg,Megawati_Sukarnoputri,mask_eyes,Megawati_Sukarnoputri,True,0.023585692048072815
./data/processed/test/Megawati_Sukarnoputri/Megawati_Sukarnoputri_0020.jpg,Megawati_Sukarnoputri,mask_nose,Megawati_Sukarnoputri,True,0.023276029154658318
./data/processed/test/Megawati_Sukarnoputri/Megawati_Sukarnoputri_0020.jpg,Megawati_Sukarnoputri,mask_mouth,Megawati_Sukarnoputri,True,0.02385985292494297
./data/processed/test/Megawati_Sukarnoputri/Megawati_Sukarnoputri_0020.jpg,Megawati_Sukarnoputri,mask_face_oval,Ariel_Sharon,False,0.009785529226064682
./data/processed/test/Megawati_Sukarnoputri/Megawati_Sukarnoputri_0020.jpg,Megawati_Sukarnoputri,mask_outside_face,Megawati_Sukarnoputri,True,0.02287256345152855
./data/processed/test/Megawati_Sukarnoputri/Megawati_Sukarnoputri_0020.jpg,Megawati_Sukarnoputri,dark,Megawati_Sukarnoputri,True,0.02369709499180317
./data/processed/test/Megawati_Sukarnoputri/Megawati_Sukarnoputri_0020.jpg,Megawati_Sukarnoputri,bright,Megawati_Sukarnoputri,True,0.023762719705700874
./data/processed/test/Megawati_Sukarnoputri/Megawati_Sukarnoputri_0027.jpg,Megawati_Sukarnoputri,original,Megawati_Sukarnoputri,True,0.02364472486078739
./data/processed/test/Megawati_Sukarnoputri/Megawati_Sukarnoputri_0027.jpg,Megawati_Sukarnoputri,mask_eyes,Megawati_Sukarnoputri,True,0.02189692296087742
./data/processed/test/Megawati_Sukarnoputri/Megawati_Sukarnoputri_0027.jpg,Megawati_Sukarnoputri,mask_nose,Megawati_Sukarnoputri,True,0.023496780544519424
./data/processed/test/Megawati_Sukarnoputri/Megawati_Sukarnoputri_0027.jpg,Megawati_Sukarnoputri,mask_mouth,Megawati_Sukarnoputri,True,0.023587388917803764
./data/processed/test/Megawati_Sukarnoputri/Megawati_Sukarnoputri_0027.jpg,Megawati_Sukarnoputri,mask_face_oval,Alejandro_Toledo,False,0.009682606905698776
./data/processed/test/Megawati_Sukarnoputri/Megawati_Sukarnoputri_0027.jpg,Megawati_Sukarnoputri,mask_outside_face,Megawati_Sukarnoputri,True,0.02029990218579769
./data/processed/test/Megawati_Sukarnoputri/Megawati_Sukarnoputri_0027.jpg,Megawati_Sukarnoputri,dark,Megawati_Sukarnoputri,True,0.023772144690155983
./data/processed/test/Megawati_Sukarnoputri/Megawati_Sukarnoputri_0027.jpg,Megawati_Sukarnoputri,bright,Megawati_Sukarnoputri,True,0.02361081726849079
./data/processed/test/Megawati_Sukarnoputri/Megawati_Sukarnoputri_0032.jpg,Megawati_Sukarnoputri,original,Megawati_Sukarnoputri,True,0.023987365886569023
./data/processed/test/Megawati_Sukarnoputri/Megawati_Sukarnoputri_0032.jpg,Megawati_Sukarnoputri,mask_eyes,Megawati_Sukarnoputri,True,0.023876816034317017
./data/processed/test/Megawati_Sukarnoputri/Megawati_Sukarnoputri_0032.jpg,Megawati_Sukarnoputri,mask_nose,Megawati_Sukarnoputri,True,0.023635582998394966
./data/processed/test/Megawati_Sukarnoputri/Megawati_Sukarnoputri_0032.jpg,Megawati_Sukarnoputri,mask_mouth,Megawati_Sukarnoputri,True,0.023999320343136787
./data/processed/test/Megawati_Sukarnoputri/Megawati_Sukarnoputri_0032.jpg,Megawati_Sukarnoputri,mask_face_oval,Arnold_Schwarzenegger,False,0.011371896602213383
./data/processed/test/Megawati_Sukarnoputri/Megawati_Sukarnoputri_0032.jpg,Megawati_Sukarnoputri,mask_outside_face,Megawati_Sukarnoputri,True,0.023097112774848938
./data/processed/test/Megawati_Sukarnoputri/Megawati_Sukarnoputri_0032.jpg,Megawati_Sukarnoputri,dark,Megawati_Sukarnoputri,True,0.023948073387145996
./data/processed/test/Megawati_Sukarnoputri/Megawati_Sukarnoputri_0032.jpg,Megawati_Sukarnoputri,bright,Megawati_Sukarnoputri,True,0.023502271622419357
./data/processed/test/Meryl_Streep/Meryl_Streep_0001.jpg,Meryl_Streep,original,Meryl_Streep,True,0.011381463147699833
./data/processed/test/Meryl_Streep/Meryl_Streep_0001.jpg,Meryl_Streep,mask_eyes,Meryl_Streep,True,0.011133948341012001
./data/processed/test/Meryl_Streep/Meryl_Streep_0001.jpg,Meryl_Streep,mask_nose,Meryl_Streep,True,0.011782328598201275
./data/processed/test/Meryl_Streep/Meryl_Streep_0001.jpg,Meryl_Streep,mask_mouth,Meryl_Streep,True,0.011161230504512787
./data/processed/test/Meryl_Streep/Meryl_Streep_0001.jpg,Meryl_Streep,mask_face_oval,Hugo_Chavez,False,0.01074225828051567
./data/processed/test/Meryl_Streep/Meryl_Streep_0001.jpg,Meryl_Streep,mask_outside_face,Meryl_Streep,True,0.011664150282740593
./data/processed/test/Meryl_Streep/Meryl_Streep_0001.jpg,Meryl_Streep,dark,Winona_Ryder,False,0.011050735600292683
./data/processed/test/Meryl_Streep/Meryl_Streep_0001.jpg,Meryl_Streep,bright,Naomi_Watts,False,0.010975772514939308
./data/processed/test/Meryl_Streep/Meryl_Streep_0010.jpg,Meryl_Streep,original,Meryl_Streep,True,0.013111759908497334
./data/processed/test/Meryl_Streep/Meryl_Streep_0010.jpg,Meryl_Streep,mask_eyes,Meryl_Streep,True,0.013001551851630211
./data/processed/test/Meryl_Streep/Meryl_Streep_0010.jpg,Meryl_Streep,mask_nose,Meryl_Streep,True,0.013050314038991928
./data/processed/test/Meryl_Streep/Meryl_Streep_0010.jpg,Meryl_Streep,mask_mouth,Meryl_Streep,True,0.013055967167019844
./data/processed/test/Meryl_Streep/Meryl_Streep_0010.jpg,Meryl_Streep,mask_face_oval,Jiang_Zemin,False,0.010203588753938675
./data/processed/test/Meryl_Streep/Meryl_Streep_0010.jpg,Meryl_Streep,mask_outside_face,Meryl_Streep,True,0.013060329481959343
./data/processed/test/Meryl_Streep/Meryl_Streep_0010.jpg,Meryl_Streep,dark,Meryl_Streep,True,0.013063826598227024
./data/processed/test/Meryl_Streep/Meryl_Streep_0010.jpg,Meryl_Streep,bright,Meryl_Streep,True,0.012985914014279842
./data/processed/test/Meryl_Streep/Meryl_Streep_0012.jpg,Meryl_Streep,original,Meryl_Streep,True,0.013028617016971111
./data/processed/test/Meryl_Streep/Meryl_Streep_0012.jpg,Meryl_Streep,mask_eyes,Meryl_Streep,True,0.012678236700594425
./data/processed/test/Meryl_Streep/Meryl_Streep_0012.jpg,Meryl_Streep,mask_nose,Meryl_Streep,True,0.012780150398612022
./data/processed/test/Meryl_Streep/Meryl_Streep_0012.jpg,Meryl_Streep,mask_mouth,Meryl_Streep,True,0.01287736464291811
./data/processed/test/Meryl_Streep/Meryl_Streep_0012.jpg,Meryl_Streep,mask_face_oval,Jiang_Zemin,False,0.010158799588680267
./data/processed/test/Meryl_Streep/Meryl_Streep_0012.jpg,Meryl_Streep,mask_outside_face,Meryl_Streep,True,0.012824881821870804
./data/processed/test/Meryl_Streep/Meryl_Streep_0012.jpg,Meryl_Streep,dark,Meryl_Streep,True,0.012972393073141575
./data/processed/test/Meryl_Streep/Meryl_Streep_0012.jpg,Meryl_Streep,bright,Meryl_Streep,True,0.013133177533745766
./data/processed/test/Michael_Bloomberg/Michael_Bloomberg_0001.jpg,Michael_Bloomberg,original,Michael_Bloomberg,True,0.016728699207305908
./data/processed/test/Michael_Bloomberg/Michael_Bloomberg_0001.jpg,Michael_Bloomberg,mask_eyes,Michael_Bloomberg,True,0.01618095673620701
./data/processed/test/Michael_Bloomberg/Michael_Bloomberg_0001.jpg,Michael_Bloomberg,mask_nose,Michael_Bloomberg,True,0.016350841149687767
./data/processed/test/Michael_Bloomberg/Michael_Bloomberg_0001.jpg,Michael_Bloomberg,mask_mouth,Michael_Bloomberg,True,0.016794634982943535
./data/processed/test/Michael_Bloomberg/Michael_Bloomberg_0001.jpg,Michael_Bloomberg,mask_face_oval,Hugo_Chavez,False,0.009996882639825344
./data/processed/test/Michael_Bloomberg/Michael_Bloomberg_0001.jpg,Michael_Bloomberg,mask_outside_face,Michael_Bloomberg,True,0.011607075110077858
./data/processed/test/Michael_Bloomberg/Michael_Bloomberg_0001.jpg,Michael_Bloomberg,dark,Michael_Bloomberg,True,0.016730980947613716
./data/processed/test/Michael_Bloomberg/Michael_Bloomberg_0001.jpg,Michael_Bloomberg,bright,Michael_Bloomberg,True,0.01669897325336933
./data/processed/test/Michael_Bloomberg/Michael_Bloomberg_0002.jpg,Michael_Bloomberg,original,Michael_Bloomberg,True,0.016762791201472282
./data/processed/test/Michael_Bloomberg/Michael_Bloomberg_0002.jpg,Michael_Bloomberg,mask_eyes,Michael_Bloomberg,True,0.01663738302886486
./data/processed/test/Michael_Bloomberg/Michael_Bloomberg_0002.jpg,Michael_Bloomberg,mask_nose,Michael_Bloomberg,True,0.01673082448542118
./data/processed/test/Michael_Bloomberg/Michael_Bloomberg_0002.jpg,Michael_Bloomberg,mask_mouth,Michael_Bloomberg,True,0.016766920685768127
./data/processed/test/Michael_Bloomberg/Michael_Bloomberg_0002.jpg,Michael_Bloomberg,mask_face_oval,Jiang_Zemin,False,0.010418795980513096
./data/processed/test/Michael_Bloomberg/Michael_Bloomberg_0002.jpg,Michael_Bloomberg,mask_outside_face,Michael_Bloomberg,True,0.016225585713982582
./data/processed/test/Michael_Bloomberg/Michael_Bloomberg_0002.jpg,Michael_Bloomberg,dark,Michael_Bloomberg,True,0.016711169853806496
./data/processed/test/Michael_Bloomberg/Michael_Bloomberg_0002.jpg,Michael_Bloomberg,bright,Michael_Bloomberg,True,0.016745200380682945
./data/processed/test/Michael_Bloomberg/Michael_Bloomberg_0016.jpg,Michael_Bloomberg,original,Michael_Bloomberg,True,0.016740985214710236
./data/processed/test/Michael_Bloomberg/Michael_Bloomberg_0016.jpg,Michael_Bloomberg,mask_eyes,Michael_Bloomberg,True,0.016241591423749924
./data/processed/test/Michael_Bloomberg/Michael_Bloomberg_0016.jpg,Michael_Bloomberg,mask_nose,Michael_Bloomberg,True,0.016418490558862686
./data/processed/test/Michael_Bloomberg/Michael_Bloomberg_0016.jpg,Michael_Bloomberg,mask_mouth,Michael_Bloomberg,True,0.016785919666290283
./data/processed/test/Michael_Bloomberg/Michael_Bloomberg_0016.jpg,Michael_Bloomberg,mask_face_oval,Arnold_Schwarzenegger,False,0.010231022723019123
./data/processed/test/Michael_Bloomberg/Michael_Bloomberg_0016.jpg,Michael_Bloomberg,mask_outside_face,Michael_Bloomberg,True,0.016209080815315247
./data/processed/test/Michael_Bloomberg/Michael_Bloomberg_0016.jpg,Michael_Bloomberg,dark,Michael_Bloomberg,True,0.016578778624534607
./data/processed/test/Michael_Bloomberg/Michael_Bloomberg_0016.jpg,Michael_Bloomberg,bright,Michael_Bloomberg,True,0.016376513987779617
./data/processed/test/Michael_Bloomberg/Michael_Bloomberg_0018.jpg,Michael_Bloomberg,original,Michael_Bloomberg,True,0.01652437634766102
./data/processed/test/Michael_Bloomberg/Michael_Bloomberg_0018.jpg,Michael_Bloomberg,mask_eyes,Michael_Bloomberg,True,0.01625286601483822
./data/processed/test/Michael_Bloomberg/Michael_Bloomberg_0018.jpg,Michael_Bloomberg,mask_nose,Michael_Bloomberg,True,0.0159053485840559
./data/processed/test/Michael_Bloomberg/Michael_Bloomberg_0018.jpg,Michael_Bloomberg,mask_mouth,Michael_Bloomberg,True,0.016493283212184906
./data/processed/test/Michael_Bloomberg/Michael_Bloomberg_0018.jpg,Michael_Bloomberg,mask_face_oval,Jiang_Zemin,False,0.010161267593502998
./data/processed/test/Michael_Bloomberg/Michael_Bloomberg_0018.jpg,Michael_Bloomberg,mask_outside_face,Michael_Bloomberg,True,0.012958195060491562
./data/processed/test/Michael_Bloomberg/Michael_Bloomberg_0018.jpg,Michael_Bloomberg,dark,Michael_Bloomberg,True,0.01651695743203163
./data/processed/test/Michael_Bloomberg/Michael_Bloomberg_0018.jpg,Michael_Bloomberg,bright,Michael_Bloomberg,True,0.0156742874532938
./data/processed/test/Michael_Jackson/Michael_Jackson_0001.jpg,Michael_Jackson,original,Gloria_Macapagal_Arroyo,False,0.01236056536436081
./data/processed/test/Michael_Jackson/Michael_Jackson_0001.jpg,Michael_Jackson,mask_eyes,Gloria_Macapagal_Arroyo,False,0.011647622101008892
./data/processed/test/Michael_Jackson/Michael_Jackson_0001.jpg,Michael_Jackson,mask_nose,Gloria_Macapagal_Arroyo,False,0.011426822282373905
./data/processed/test/Michael_Jackson/Michael_Jackson_0001.jpg,Michael_Jackson,mask_mouth,Gloria_Macapagal_Arroyo,False,0.012865273281931877
./data/processed/test/Michael_Jackson/Michael_Jackson_0001.jpg,Michael_Jackson,mask_face_oval,Alejandro_Toledo,False,0.010539961978793144
./data/processed/test/Michael_Jackson/Michael_Jackson_0001.jpg,Michael_Jackson,mask_outside_face,Colin_Powell,False,0.010075137950479984
./data/processed/test/Michael_Jackson/Michael_Jackson_0001.jpg,Michael_Jackson,dark,Gloria_Macapagal_Arroyo,False,0.012363052926957607
./data/processed/test/Michael_Jackson/Michael_Jackson_0001.jpg,Michael_Jackson,bright,Gloria_Macapagal_Arroyo,False,0.011833611875772476
./data/processed/test/Michael_Jackson/Michael_Jackson_0010.jpg,Michael_Jackson,original,Gloria_Macapagal_Arroyo,False,0.01210036501288414
./data/processed/test/Michael_Jackson/Michael_Jackson_0010.jpg,Michael_Jackson,mask_eyes,Gloria_Macapagal_Arroyo,False,0.011885514482855797
./data/processed/test/Michael_Jackson/Michael_Jackson_0010.jpg,Michael_Jackson,mask_nose,Gloria_Macapagal_Arroyo,False,0.011263277381658554
./data/processed/test/Michael_Jackson/Michael_Jackson_0010.jpg,Michael_Jackson,mask_mouth,Gloria_Macapagal_Arroyo,False,0.012139227241277695
./data/processed/test/Michael_Jackson/Michael_Jackson_0010.jpg,Michael_Jackson,mask_face_oval,Arnold_Schwarzenegger,False,0.010145790874958038
./data/processed/test/Michael_Jackson/Michael_Jackson_0010.jpg,Michael_Jackson,mask_outside_face,Michael_Jackson,True,0.010453472845256329
./data/processed/test/Michael_Jackson/Michael_Jackson_0010.jpg,Michael_Jackson,dark,Gloria_Macapagal_Arroyo,False,0.012420982122421265
./data/processed/test/Michael_Jackson/Michael_Jackson_0010.jpg,Michael_Jackson,bright,Gloria_Macapagal_Arroyo,False,0.011612349189817905
./data/processed/test/Michael_Jackson/Michael_Jackson_0011.jpg,Michael_Jackson,original,Gloria_Macapagal_Arroyo,False,0.01256879884749651
./data/processed/test/Michael_Jackson/Michael_Jackson_0011.jpg,Michael_Jackson,mask_eyes,Gloria_Macapagal_Arroyo,False,0.012167948298156261
./data/processed/test/Michael_Jackson/Michael_Jackson_0011.jpg,Michael_Jackson,mask_nose,Gloria_Macapagal_Arroyo,False,0.012270503677427769
./data/processed/test/Michael_Jackson/Michael_Jackson_0011.jpg,Michael_Jackson,mask_mouth,Gloria_Macapagal_Arroyo,False,0.012429952621459961
./data/processed/test/Michael_Jackson/Michael_Jackson_0011.jpg,Michael_Jackson,mask_face_oval,Ariel_Sharon,False,0.010458727367222309
./data/processed/test/Michael_Jackson/Michael_Jackson_0011.jpg,Michael_Jackson,mask_outside_face,Julie_Gerberding,False,0.01180199719965458
./data/processed/test/Michael_Jackson/Michael_Jackson_0011.jpg,Michael_Jackson,dark,Gloria_Macapagal_Arroyo,False,0.012676028534770012
./data/processed/test/Michael_Jackson/Michael_Jackson_0011.jpg,Michael_Jackson,bright,Gloria_Macapagal_Arroyo,False,0.012527881190180779
./data/processed/test/Michael_Schumacher/Michael_Schumacher_0001.jpg,Michael_Schumacher,original,Michael_Schumacher,True,0.014800725504755974
./data/processed/test/Michael_Schumacher/Michael_Schumacher_0001.jpg,Michael_Schumacher,mask_eyes,Michael_Schumacher,True,0.014869807288050652
./data/processed/test/Michael_Schumacher/Michael_Schumacher_0001.jpg,Michael_Schumacher,mask_nose,Michael_Schumacher,True,0.014493112452328205
./data/processed/test/Michael_Schumacher/Michael_Schumacher_0001.jpg,Michael_Schumacher,mask_mouth,Michael_Schumacher,True,0.014764458872377872
./data/processed/test/Michael_Schumacher/Michael_Schumacher_0001.jpg,Michael_Schumacher,mask_face_oval,Michael_Schumacher,True,0.011106465943157673
./data/processed/test/Michael_Schumacher/Michael_Schumacher_0001.jpg,Michael_Schumacher,mask_outside_face,Michael_Schumacher,True,0.012678796425461769
./data/processed/test/Michael_Schumacher/Michael_Schumacher_0001.jpg,Michael_Schumacher,dark,Michael_Schumacher,True,0.014711798168718815
./data/processed/test/Michael_Schumacher/Michael_Schumacher_0001.jpg,Michael_Schumacher,bright,Michael_Schumacher,True,0.014814655296504498
./data/processed/test/Michael_Schumacher/Michael_Schumacher_0002.jpg,Michael_Schumacher,original,Gerhard_Schroeder,False,0.01400125864893198
./data/processed/test/Michael_Schumacher/Michael_Schumacher_0002.jpg,Michael_Schumacher,mask_eyes,Gerhard_Schroeder,False,0.015092846937477589
./data/processed/test/Michael_Schumacher/Michael_Schumacher_0002.jpg,Michael_Schumacher,mask_nose,Gerhard_Schroeder,False,0.014556231908500195
./data/processed/test/Michael_Schumacher/Michael_Schumacher_0002.jpg,Michael_Schumacher,mask_mouth,Gerhard_Schroeder,False,0.012283914722502232
./data/processed/test/Michael_Schumacher/Michael_Schumacher_0002.jpg,Michael_Schumacher,mask_face_oval,Gerhard_Schroeder,False,0.01065860316157341
./data/processed/test/Michael_Schumacher/Michael_Schumacher_0002.jpg,Michael_Schumacher,mask_outside_face,Vladimir_Putin,False,0.01852191984653473
./data/processed/test/Michael_Schumacher/Michael_Schumacher_0002.jpg,Michael_Schumacher,dark,Gerhard_Schroeder,False,0.013146312907338142
./data/processed/test/Michael_Schumacher/Michael_Schumacher_0002.jpg,Michael_Schumacher,bright,Gerhard_Schroeder,False,0.014472312293946743
./data/processed/test/Michael_Schumacher/Michael_Schumacher_0006.jpg,Michael_Schumacher,original,Michael_Schumacher,True,0.01420188695192337
./data/processed/test/Michael_Schumacher/Michael_Schumacher_0006.jpg,Michael_Schumacher,mask_eyes,Michael_Schumacher,True,0.014150798320770264
./data/processed/test/Michael_Schumacher/Michael_Schumacher_0006.jpg,Michael_Schumacher,mask_nose,Michael_Schumacher,True,0.013873458839952946
./data/processed/test/Michael_Schumacher/Michael_Schumacher_0006.jpg,Michael_Schumacher,mask_mouth,Michael_Schumacher,True,0.014122338965535164
./data/processed/test/Michael_Schumacher/Michael_Schumacher_0006.jpg,Michael_Schumacher,mask_face_oval,Hugo_Chavez,False,0.01112593524158001
./data/processed/test/Michael_Schumacher/Michael_Schumacher_0006.jpg,Michael_Schumacher,mask_outside_face,Michael_Schumacher,True,0.012019312009215355
./data/processed/test/Michael_Schumacher/Michael_Schumacher_0006.jpg,Michael_Schumacher,dark,Michael_Schumacher,True,0.01358763687312603
./data/processed/test/Michael_Schumacher/Michael_Schumacher_0006.jpg,Michael_Schumacher,bright,Michael_Schumacher,True,0.014236441813409328
./data/processed/test/Michael_Schumacher/Michael_Schumacher_0009.jpg,Michael_Schumacher,original,Michael_Schumacher,True,0.012453120201826096
./data/processed/test/Michael_Schumacher/Michael_Schumacher_0009.jpg,Michael_Schumacher,mask_eyes,Michael_Schumacher,True,0.012179730460047722
./data/processed/test/Michael_Schumacher/Michael_Schumacher_0009.jpg,Michael_Schumacher,mask_nose,Michael_Schumacher,True,0.011714635416865349
./data/processed/test/Michael_Schumacher/Michael_Schumacher_0009.jpg,Michael_Schumacher,mask_mouth,Michael_Schumacher,True,0.012215660884976387
./data/processed/test/Michael_Schumacher/Michael_Schumacher_0009.jpg,Michael_Schumacher,mask_face_oval,Michael_Schumacher,True,0.010874629952013493
./data/processed/test/Michael_Schumacher/Michael_Schumacher_0009.jpg,Michael_Schumacher,mask_outside_face,Michael_Schumacher,True,0.013004450127482414
./data/processed/test/Michael_Schumacher/Michael_Schumacher_0009.jpg,Michael_Schumacher,dark,Michael_Schumacher,True,0.011913173831999302
./data/processed/test/Michael_Schumacher/Michael_Schumacher_0009.jpg,Michael_Schumacher,bright,Michael_Schumacher,True,0.012818297371268272
./data/processed/test/Mike_Weir/Mike_Weir_0001.jpg,Mike_Weir,original,Mike_Weir,True,0.0108181182295084
./data/processed/test/Mike_Weir/Mike_Weir_0001.jpg,Mike_Weir,mask_eyes,Tiger_Woods,False,0.011119460687041283
./data/processed/test/Mike_Weir/Mike_Weir_0001.jpg,Mike_Weir,mask_nose,Mike_Weir,True,0.010632182471454144
./data/processed/test/Mike_Weir/Mike_Weir_0001.jpg,Mike_Weir,mask_mouth,Tiger_Woods,False,0.010966685600578785
./data/processed/test/Mike_Weir/Mike_Weir_0001.jpg,Mike_Weir,mask_face_oval,Hugo_Chavez,False,0.011426462791860104
./data/processed/test/Mike_Weir/Mike_Weir_0001.jpg,Mike_Weir,mask_outside_face,Andy_Roddick,False,0.01066887378692627
./data/processed/test/Mike_Weir/Mike_Weir_0001.jpg,Mike_Weir,dark,Mike_Weir,True,0.010865344665944576
./data/processed/test/Mike_Weir/Mike_Weir_0001.jpg,Mike_Weir,bright,Mike_Weir,True,0.01090907957404852
./data/processed/test/Mike_Weir/Mike_Weir_0006.jpg,Mike_Weir,original,Tiger_Woods,False,0.011184356175363064
./data/processed/test/Mike_Weir/Mike_Weir_0006.jpg,Mike_Weir,mask_eyes,Lleyton_Hewitt,False,0.01062792632728815
./data/processed/test/Mike_Weir/Mike_Weir_0006.jpg,Mike_Weir,mask_nose,Nestor_Kirchner,False,0.009975261054933071
./data/processed/test/Mike_Weir/Mike_Weir_0006.jpg,Mike_Weir,mask_mouth,David_Beckham,False,0.00926852785050869
./data/processed/test/Mike_Weir/Mike_Weir_0006.jpg,Mike_Weir,mask_face_oval,Arnold_Schwarzenegger,False,0.011464018374681473
./data/processed/test/Mike_Weir/Mike_Weir_0006.jpg,Mike_Weir,mask_outside_face,Tiger_Woods,False,0.011640611104667187
./data/processed/test/Mike_Weir/Mike_Weir_0006.jpg,Mike_Weir,dark,Tiger_Woods,False,0.010862769559025764
./data/processed/test/Mike_Weir/Mike_Weir_0006.jpg,Mike_Weir,bright,Tiger_Woods,False,0.010836021974682808
./data/processed/test/Mike_Weir/Mike_Weir_0010.jpg,Mike_Weir,original,Tiger_Woods,False,0.011109564453363419
./data/processed/test/Mike_Weir/Mike_Weir_0010.jpg,Mike_Weir,mask_eyes,Tiger_Woods,False,0.011091122403740883
./data/processed/test/Mike_Weir/Mike_Weir_0010.jpg,Mike_Weir,mask_nose,Tiger_Woods,False,0.01178711000829935
./data/processed/test/Mike_Weir/Mike_Weir_0010.jpg,Mike_Weir,mask_mouth,Tiger_Woods,False,0.014288675040006638
./data/processed/test/Mike_Weir/Mike_Weir_0010.jpg,Mike_Weir,mask_face_oval,Hugo_Chavez,False,0.01246974989771843
./data/processed/test/Mike_Weir/Mike_Weir_0010.jpg,Mike_Weir,mask_outside_face,Tiger_Woods,False,0.011373478919267654
./data/processed/test/Mike_Weir/Mike_Weir_0010.jpg,Mike_Weir,dark,Andy_Roddick,False,0.010724539868533611
./data/processed/test/Mike_Weir/Mike_Weir_0010.jpg,Mike_Weir,bright,Tiger_Woods,False,0.011147771961987019
./data/processed/test/Mohammad_Khatami/Mohammad_Khatami_0002.jpg,Mohammad_Khatami,original,Mohammad_Khatami,True,0.011229258961975574
./data/processed/test/Mohammad_Khatami/Mohammad_Khatami_0002.jpg,Mohammad_Khatami,mask_eyes,Alvaro_Uribe,False,0.010924345813691616
./data/processed/test/Mohammad_Khatami/Mohammad_Khatami_0002.jpg,Mohammad_Khatami,mask_nose,Alvaro_Uribe,False,0.01245942898094654
./data/processed/test/Mohammad_Khatami/Mohammad_Khatami_0002.jpg,Mohammad_Khatami,mask_mouth,Alvaro_Uribe,False,0.011068487539887428
./data/processed/test/Mohammad_Khatami/Mohammad_Khatami_0002.jpg,Mohammad_Khatami,mask_face_oval,Lance_Armstrong,False,0.009091399610042572
./data/processed/test/Mohammad_Khatami/Mohammad_Khatami_0002.jpg,Mohammad_Khatami,mask_outside_face,Andre_Agassi,False,0.011732724495232105
./data/processed/test/Mohammad_Khatami/Mohammad_Khatami_0002.jpg,Mohammad_Khatami,dark,Mohammad_Khatami,True,0.011149108409881592
./data/processed/test/Mohammad_Khatami/Mohammad_Khatami_0002.jpg,Mohammad_Khatami,bright,Mohammad_Khatami,True,0.011399900540709496
./data/processed/test/Mohammad_Khatami/Mohammad_Khatami_0009.jpg,Mohammad_Khatami,original,Mohammad_Khatami,True,0.011967446655035019
./data/processed/test/Mohammad_Khatami/Mohammad_Khatami_0009.jpg,Mohammad_Khatami,mask_eyes,Mohammad_Khatami,True,0.011817141436040401
./data/processed/test/Mohammad_Khatami/Mohammad_Khatami_0009.jpg,Mohammad_Khatami,mask_nose,Mohammad_Khatami,True,0.011756129562854767
./data/processed/test/Mohammad_Khatami/Mohammad_Khatami_0009.jpg,Mohammad_Khatami,mask_mouth,Jeremy_Greenstock,False,0.012225840240716934
./data/processed/test/Mohammad_Khatami/Mohammad_Khatami_0009.jpg,Mohammad_Khatami,mask_face_oval,Lance_Armstrong,False,0.009238950908184052
./data/processed/test/Mohammad_Khatami/Mohammad_Khatami_0009.jpg,Mohammad_Khatami,mask_outside_face,Andre_Agassi,False,0.011652176268398762
./data/processed/test/Mohammad_Khatami/Mohammad_Khatami_0009.jpg,Mohammad_Khatami,dark,Mohammad_Khatami,True,0.011829116381704807
./data/processed/test/Mohammad_Khatami/Mohammad_Khatami_0009.jpg,Mohammad_Khatami,bright,Mohammad_Khatami,True,0.012046115472912788
./data/processed/test/Mohammed_Al-Douri/Mohammed_Al-Douri_0001.jpg,Mohammed_Al-Douri,original,Mohammed_Al-Douri,True,0.014350641518831253
./data/processed/test/Mohammed_Al-Douri/Mohammed_Al-Douri_0001.jpg,Mohammed_Al-Douri,mask_eyes,Mohammed_Al-Douri,True,0.01436629705131054
./data/processed/test/Mohammed_Al-Douri/Mohammed_Al-Douri_0001.jpg,Mohammed_Al-Douri,mask_nose,Mohammed_Al-Douri,True,0.014371239580214024
./data/processed/test/Mohammed_Al-Douri/Mohammed_Al-Douri_0001.jpg,Mohammed_Al-Douri,mask_mouth,Mohammed_Al-Douri,True,0.014363031834363937
./data/processed/test/Mohammed_Al-Douri/Mohammed_Al-Douri_0001.jpg,Mohammed_Al-Douri,mask_face_oval,Mohammed_Al-Douri,True,0.014353126287460327
./data/processed/test/Mohammed_Al-Douri/Mohammed_Al-Douri_0001.jpg,Mohammed_Al-Douri,mask_outside_face,Michael_Schumacher,False,0.009801755659282207
./data/processed/test/Mohammed_Al-Douri/Mohammed_Al-Douri_0001.jpg,Mohammed_Al-Douri,dark,Mohammed_Al-Douri,True,0.014214982278645039
./data/processed/test/Mohammed_Al-Douri/Mohammed_Al-Douri_0001.jpg,Mohammed_Al-Douri,bright,Mohammed_Al-Douri,True,0.014324228279292583
./data/processed/test/Mohammed_Al-Douri/Mohammed_Al-Douri_0010.jpg,Mohammed_Al-Douri,original,Mohammed_Al-Douri,True,0.01345328614115715
./data/processed/test/Mohammed_Al-Douri/Mohammed_Al-Douri_0010.jpg,Mohammed_Al-Douri,mask_eyes,Mohammed_Al-Douri,True,0.013168903067708015
./data/processed/test/Mohammed_Al-Douri/Mohammed_Al-Douri_0010.jpg,Mohammed_Al-Douri,mask_nose,Mohammed_Al-Douri,True,0.013744712807238102
./data/processed/test/Mohammed_Al-Douri/Mohammed_Al-Douri_0010.jpg,Mohammed_Al-Douri,mask_mouth,Mohammed_Al-Douri,True,0.013594957068562508
./data/processed/test/Mohammed_Al-Douri/Mohammed_Al-Douri_0010.jpg,Mohammed_Al-Douri,mask_face_oval,Michael_Schumacher,False,0.011739111505448818
./data/processed/test/Mohammed_Al-Douri/Mohammed_Al-Douri_0010.jpg,Mohammed_Al-Douri,mask_outside_face,Ariel_Sharon,False,0.011129862628877163
./data/processed/test/Mohammed_Al-Douri/Mohammed_Al-Douri_0010.jpg,Mohammed_Al-Douri,dark,Mohammed_Al-Douri,True,0.013978308998048306
./data/processed/test/Mohammed_Al-Douri/Mohammed_Al-Douri_0010.jpg,Mohammed_Al-Douri,bright,Mohammed_Al-Douri,True,0.01353757455945015
./data/processed/test/Mohammed_Al-Douri/Mohammed_Al-Douri_0012.jpg,Mohammed_Al-Douri,original,Alejandro_Toledo,False,0.010717105120420456
./data/processed/test/Mohammed_Al-Douri/Mohammed_Al-Douri_0012.jpg,Mohammed_Al-Douri,mask_eyes,Serena_Williams,False,0.010945117101073265
./data/processed/test/Mohammed_Al-Douri/Mohammed_Al-Douri_0012.jpg,Mohammed_Al-Douri,mask_nose,Alejandro_Toledo,False,0.012192916125059128
./data/processed/test/Mohammed_Al-Douri/Mohammed_Al-Douri_0012.jpg,Mohammed_Al-Douri,mask_mouth,Serena_Williams,False,0.010954567231237888
./data/processed/test/Mohammed_Al-Douri/Mohammed_Al-Douri_0012.jpg,Mohammed_Al-Douri,mask_face_oval,Hugo_Chavez,False,0.01751907728612423
./data/processed/test/Mohammed_Al-Douri/Mohammed_Al-Douri_0012.jpg,Mohammed_Al-Douri,mask_outside_face,Tiger_Woods,False,0.011222516186535358
./data/processed/test/Mohammed_Al-Douri/Mohammed_Al-Douri_0012.jpg,Mohammed_Al-Douri,dark,Alejandro_Toledo,False,0.012122167274355888
./data/processed/test/Mohammed_Al-Douri/Mohammed_Al-Douri_0012.jpg,Mohammed_Al-Douri,bright,Alejandro_Toledo,False,0.00992308184504509
./data/processed/test/Muhammad_Ali/Muhammad_Ali_0002.jpg,Muhammad_Ali,original,Abdullah_Gul,False,0.009824136272072792
./data/processed/test/Muhammad_Ali/Muhammad_Ali_0002.jpg,Muhammad_Ali,mask_eyes,Gerhard_Schroeder,False,0.010076111182570457
./data/processed/test/Muhammad_Ali/Muhammad_Ali_0002.jpg,Muhammad_Ali,mask_nose,Pervez_Musharraf,False,0.009764336049556732
./data/processed/test/Muhammad_Ali/Muhammad_Ali_0002.jpg,Muhammad_Ali,mask_mouth,Arnold_Schwarzenegger,False,0.009713348001241684
./data/processed/test/Muhammad_Ali/Muhammad_Ali_0002.jpg,Muhammad_Ali,mask_face_oval,Hugo_Chavez,False,0.01103975996375084
./data/processed/test/Muhammad_Ali/Muhammad_Ali_0002.jpg,Muhammad_Ali,mask_outside_face,Hamid_Karzai,False,0.010634121485054493
./data/processed/test/Muhammad_Ali/Muhammad_Ali_0002.jpg,Muhammad_Ali,dark,Arnold_Schwarzenegger,False,0.009431124664843082
./data/processed/test/Muhammad_Ali/Muhammad_Ali_0002.jpg,Muhammad_Ali,bright,Abdullah_Gul,False,0.01036870013922453
./data/processed/test/Muhammad_Ali/Muhammad_Ali_0009.jpg,Muhammad_Ali,original,Muhammad_Ali,True,0.010671709664165974
./data/processed/test/Muhammad_Ali/Muhammad_Ali_0009.jpg,Muhammad_Ali,mask_eyes,Vicente_Fox,False,0.010869041085243225
./data/processed/test/Muhammad_Ali/Muhammad_Ali_0009.jpg,Muhammad_Ali,mask_nose,Vicente_Fox,False,0.015753164887428284
./data/processed/test/Muhammad_Ali/Muhammad_Ali_0009.jpg,Muhammad_Ali,mask_mouth,Muhammad_Ali,True,0.01046693790704012
./data/processed/test/Muhammad_Ali/Muhammad_Ali_0009.jpg,Muhammad_Ali,mask_face_oval,Mahathir_Mohamad,False,0.009379223920404911
./data/processed/test/Muhammad_Ali/Muhammad_Ali_0009.jpg,Muhammad_Ali,mask_outside_face,Hamid_Karzai,False,0.011084228754043579
./data/processed/test/Muhammad_Ali/Muhammad_Ali_0009.jpg,Muhammad_Ali,dark,Muhammad_Ali,True,0.010702373459935188
./data/processed/test/Muhammad_Ali/Muhammad_Ali_0009.jpg,Muhammad_Ali,bright,Vicente_Fox,False,0.011095071211457253
./data/processed/test/Nancy_Pelosi/Nancy_Pelosi_0001.jpg,Nancy_Pelosi,original,Tony_Blair,False,0.016159994527697563
./data/processed/test/Nancy_Pelosi/Nancy_Pelosi_0001.jpg,Nancy_Pelosi,mask_eyes,Tony_Blair,False,0.014555398374795914
./data/processed/test/Nancy_Pelosi/Nancy_Pelosi_0001.jpg,Nancy_Pelosi,mask_nose,Tony_Blair,False,0.01545193511992693
./data/processed/test/Nancy_Pelosi/Nancy_Pelosi_0001.jpg,Nancy_Pelosi,mask_mouth,Tony_Blair,False,0.015756817534565926
./data/processed/test/Nancy_Pelosi/Nancy_Pelosi_0001.jpg,Nancy_Pelosi,mask_face_oval,Jiang_Zemin,False,0.009393518790602684
./data/processed/test/Nancy_Pelosi/Nancy_Pelosi_0001.jpg,Nancy_Pelosi,mask_outside_face,Jennifer_Lopez,False,0.011317784897983074
./data/processed/test/Nancy_Pelosi/Nancy_Pelosi_0001.jpg,Nancy_Pelosi,dark,Tony_Blair,False,0.0143497409299016
./data/processed/test/Nancy_Pelosi/Nancy_Pelosi_0001.jpg,Nancy_Pelosi,bright,Tony_Blair,False,0.016752006486058235
./data/processed/test/Nancy_Pelosi/Nancy_Pelosi_0010.jpg,Nancy_Pelosi,original,Tony_Blair,False,0.013394903391599655
./data/processed/test/Nancy_Pelosi/Nancy_Pelosi_0010.jpg,Nancy_Pelosi,mask_eyes,Tony_Blair,False,0.013526663184165955
./data/processed/test/Nancy_Pelosi/Nancy_Pelosi_0010.jpg,Nancy_Pelosi,mask_nose,Nancy_Pelosi,True,0.013111026026308537
./data/processed/test/Nancy_Pelosi/Nancy_Pelosi_0010.jpg,Nancy_Pelosi,mask_mouth,Nancy_Pelosi,True,0.013182814233005047
./data/processed/test/Nancy_Pelosi/Nancy_Pelosi_0010.jpg,Nancy_Pelosi,mask_face_oval,Jiang_Zemin,False,0.009761660359799862
./data/processed/test/Nancy_Pelosi/Nancy_Pelosi_0010.jpg,Nancy_Pelosi,mask_outside_face,Colin_Powell,False,0.012006552889943123
./data/processed/test/Nancy_Pelosi/Nancy_Pelosi_0010.jpg,Nancy_Pelosi,dark,Nancy_Pelosi,True,0.013015707023441792
./data/processed/test/Nancy_Pelosi/Nancy_Pelosi_0010.jpg,Nancy_Pelosi,bright,Nancy_Pelosi,True,0.013034502975642681
./data/processed/test/Nancy_Pelosi/Nancy_Pelosi_0012.jpg,Nancy_Pelosi,original,Tony_Blair,False,0.013438931666314602
./data/processed/test/Nancy_Pelosi/Nancy_Pelosi_0012.jpg,Nancy_Pelosi,mask_eyes,Tony_Blair,False,0.015007423236966133
./data/processed/test/Nancy_Pelosi/Nancy_Pelosi_0012.jpg,Nancy_Pelosi,mask_nose,Tony_Blair,False,0.013183005154132843
./data/processed/test/Nancy_Pelosi/Nancy_Pelosi_0012.jpg,Nancy_Pelosi,mask_mouth,Nancy_Pelosi,True,0.013226371258497238
./data/processed/test/Nancy_Pelosi/Nancy_Pelosi_0012.jpg,Nancy_Pelosi,mask_face_oval,George_Robertson,False,0.009421013295650482
./data/processed/test/Nancy_Pelosi/Nancy_Pelosi_0012.jpg,Nancy_Pelosi,mask_outside_face,Nancy_Pelosi,True,0.012831021100282669
./data/processed/test/Nancy_Pelosi/Nancy_Pelosi_0012.jpg,Nancy_Pelosi,dark,Nancy_Pelosi,True,0.013341205194592476
./data/processed/test/Nancy_Pelosi/Nancy_Pelosi_0012.jpg,Nancy_Pelosi,bright,Nancy_Pelosi,True,0.013092484325170517
./data/processed/test/Naomi_Watts/Naomi_Watts_0001.jpg,Naomi_Watts,original,Naomi_Watts,True,0.016779160127043724
./data/processed/test/Naomi_Watts/Naomi_Watts_0001.jpg,Naomi_Watts,mask_eyes,Naomi_Watts,True,0.01671779528260231
./data/processed/test/Naomi_Watts/Naomi_Watts_0001.jpg,Naomi_Watts,mask_nose,Naomi_Watts,True,0.016847047954797745
./data/processed/test/Naomi_Watts/Naomi_Watts_0001.jpg,Naomi_Watts,mask_mouth,Naomi_Watts,True,0.016753826290369034
./data/processed/test/Naomi_Watts/Naomi_Watts_0001.jpg,Naomi_Watts,mask_face_oval,Jiang_Zemin,False,0.009641221724450588
./data/processed/test/Naomi_Watts/Naomi_Watts_0001.jpg,Naomi_Watts,mask_outside_face,Naomi_Watts,True,0.012671476230025291
./data/processed/test/Naomi_Watts/Naomi_Watts_0001.jpg,Naomi_Watts,dark,Naomi_Watts,True,0.016557108610868454
./data/processed/test/Naomi_Watts/Naomi_Watts_0001.jpg,Naomi_Watts,bright,Naomi_Watts,True,0.016803408041596413
./data/processed/test/Naomi_Watts/Naomi_Watts_0002.jpg,Naomi_Watts,original,Naomi_Watts,True,0.013621662743389606
./data/processed/test/Naomi_Watts/Naomi_Watts_0002.jpg,Naomi_Watts,mask_eyes,Naomi_Watts,True,0.013238712213933468
./data/processed/test/Naomi_Watts/Naomi_Watts_0002.jpg,Naomi_Watts,mask_nose,Naomi_Watts,True,0.013525901362299919
./data/processed/test/Naomi_Watts/Naomi_Watts_0002.jpg,Naomi_Watts,mask_mouth,Naomi_Watts,True,0.013402669690549374
./data/processed/test/Naomi_Watts/Naomi_Watts_0002.jpg,Naomi_Watts,mask_face_oval,Hugo_Chavez,False,0.009936900809407234
./data/processed/test/Naomi_Watts/Naomi_Watts_0002.jpg,Naomi_Watts,mask_outside_face,Naomi_Watts,True,0.012106877751648426
./data/processed/test/Naomi_Watts/Naomi_Watts_0002.jpg,Naomi_Watts,dark,Naomi_Watts,True,0.013241449370980263
./data/processed/test/Naomi_Watts/Naomi_Watts_0002.jpg,Naomi_Watts,bright,Naomi_Watts,True,0.012439051643013954
./data/processed/test/Naomi_Watts/Naomi_Watts_0009.jpg,Naomi_Watts,original,Naomi_Watts,True,0.017131071537733078
./data/processed/test/Naomi_Watts/Naomi_Watts_0009.jpg,Naomi_Watts,mask_eyes,Naomi_Watts,True,0.017052607610821724
./data/processed/test/Naomi_Watts/Naomi_Watts_0009.jpg,Naomi_Watts,mask_nose,Naomi_Watts,True,0.017093993723392487
./data/processed/test/Naomi_Watts/Naomi_Watts_0009.jpg,Naomi_Watts,mask_mouth,Naomi_Watts,True,0.01706092245876789
./data/processed/test/Naomi_Watts/Naomi_Watts_0009.jpg,Naomi_Watts,mask_face_oval,Jiang_Zemin,False,0.009990395046770573
./data/processed/test/Naomi_Watts/Naomi_Watts_0009.jpg,Naomi_Watts,mask_outside_face,Naomi_Watts,True,0.013643086887896061
./data/processed/test/Naomi_Watts/Naomi_Watts_0009.jpg,Naomi_Watts,dark,Naomi_Watts,True,0.01699494943022728
./data/processed/test/Naomi_Watts/Naomi_Watts_0009.jpg,Naomi_Watts,bright,Naomi_Watts,True,0.017071453854441643
./data/processed/test/Naomi_Watts/Naomi_Watts_0014.jpg,Naomi_Watts,original,Naomi_Watts,True,0.0170853603631258
./data/processed/test/Naomi_Watts/Naomi_Watts_0014.jpg,Naomi_Watts,mask_eyes,Naomi_Watts,True,0.017031250521540642
./data/processed/test/Naomi_Watts/Naomi_Watts_0014.jpg,Naomi_Watts,mask_nose,Naomi_Watts,True,0.016986319795250893
./data/processed/test/Naomi_Watts/Naomi_Watts_0014.jpg,Naomi_Watts,mask_mouth,Naomi_Watts,True,0.017052708193659782
./data/processed/test/Naomi_Watts/Naomi_Watts_0014.jpg,Naomi_Watts,mask_face_oval,Michael_Schumacher,False,0.010220448486506939
./data/processed/test/Naomi_Watts/Naomi_Watts_0014.jpg,Naomi_Watts,mask_outside_face,Naomi_Watts,True,0.013599744997918606
./data/processed/test/Naomi_Watts/Naomi_Watts_0014.jpg,Naomi_Watts,dark,Naomi_Watts,True,0.0170112494379282
./data/processed/test/Naomi_Watts/Naomi_Watts_0014.jpg,Naomi_Watts,bright,Naomi_Watts,True,0.017068907618522644
./data/processed/test/Naomi_Watts/Naomi_Watts_0016.jpg,Naomi_Watts,original,Naomi_Watts,True,0.016935814172029495
./data/processed/test/Naomi_Watts/Naomi_Watts_0016.jpg,Naomi_Watts,mask_eyes,Naomi_Watts,True,0.016869423910975456
./data/processed/test/Naomi_Watts/Naomi_Watts_0016.jpg,Naomi_Watts,mask_nose,Naomi_Watts,True,0.01674097217619419
./data/processed/test/Naomi_Watts/Naomi_Watts_0016.jpg,Naomi_Watts,mask_mouth,Naomi_Watts,True,0.016775555908679962
./data/processed/test/Naomi_Watts/Naomi_Watts_0016.jpg,Naomi_Watts,mask_face_oval,Jiang_Zemin,False,0.009429359808564186
./data/processed/test/Naomi_Watts/Naomi_Watts_0016.jpg,Naomi_Watts,mask_outside_face,Naomi_Watts,True,0.015157845802605152
./data/processed/test/Naomi_Watts/Naomi_Watts_0016.jpg,Naomi_Watts,dark,Naomi_Watts,True,0.016771122813224792
./data/processed/test/Naomi_Watts/Naomi_Watts_0016.jpg,Naomi_Watts,bright,Naomi_Watts,True,0.01691533625125885
./data/processed/test/Nestor_Kirchner/Nestor_Kirchner_0005.jpg,Nestor_Kirchner,original,Nestor_Kirchner,True,0.027481062337756157
./data/processed/test/Nestor_Kirchner/Nestor_Kirchner_0005.jpg,Nestor_Kirchner,mask_eyes,Nestor_Kirchner,True,0.027315791696310043
./data/processed/test/Nestor_Kirchner/Nestor_Kirchner_0005.jpg,Nestor_Kirchner,mask_nose,Nestor_Kirchner,True,0.02745705097913742
./data/processed/test/Nestor_Kirchner/Nestor_Kirchner_0005.jpg,Nestor_Kirchner,mask_mouth,Nestor_Kirchner,True,0.027473200112581253
./data/processed/test/Nestor_Kirchner/Nestor_Kirchner_0005.jpg,Nestor_Kirchner,mask_face_oval,Hugo_Chavez,False,0.009961775504052639
./data/processed/test/Nestor_Kirchner/Nestor_Kirchner_0005.jpg,Nestor_Kirchner,mask_outside_face,Nestor_Kirchner,True,0.026950526982545853
./data/processed/test/Nestor_Kirchner/Nestor_Kirchner_0005.jpg,Nestor_Kirchner,dark,Nestor_Kirchner,True,0.027475111186504364
./data/processed/test/Nestor_Kirchner/Nestor_Kirchner_0005.jpg,Nestor_Kirchner,bright,Nestor_Kirchner,True,0.027457842603325844
./data/processed/test/Nestor_Kirchner/Nestor_Kirchner_0007.jpg,Nestor_Kirchner,original,Nestor_Kirchner,True,0.020896729081869125
./data/processed/test/Nestor_Kirchner/Nestor_Kirchner_0007.jpg,Nestor_Kirchner,mask_eyes,Nestor_Kirchner,True,0.01823977194726467
./data/processed/test/Nestor_Kirchner/Nestor_Kirchner_0007.jpg,Nestor_Kirchner,mask_nose,Nestor_Kirchner,True,0.022037534043192863
./data/processed/test/Nestor_Kirchner/Nestor_Kirchner_0007.jpg,Nestor_Kirchner,mask_mouth,Nestor_Kirchner,True,0.02095840498805046
./data/processed/test/Nestor_Kirchner/Nestor_Kirchner_0007.jpg,Nestor_Kirchner,mask_face_oval,Ariel_Sharon,False,0.010997513309121132
./data/processed/test/Nestor_Kirchner/Nestor_Kirchner_0007.jpg,Nestor_Kirchner,mask_outside_face,Silvio_Berlusconi,False,0.012564261443912983
./data/processed/test/Nestor_Kirchner/Nestor_Kirchner_0007.jpg,Nestor_Kirchner,dark,Nestor_Kirchner,True,0.019398843869566917
./data/processed/test/Nestor_Kirchner/Nestor_Kirchner_0007.jpg,Nestor_Kirchner,bright,Nestor_Kirchner,True,0.022949611768126488
./data/processed/test/Nestor_Kirchner/Nestor_Kirchner_0014.jpg,Nestor_Kirchner,original,Nestor_Kirchner,True,0.02094924822449684
./data/processed/test/Nestor_Kirchner/Nestor_Kirchner_0014.jpg,Nestor_Kirchner,mask_eyes,Nestor_Kirchner,True,0.019009636715054512
./data/processed/test/Nestor_Kirchner/Nestor_Kirchner_0014.jpg,Nestor_Kirchner,mask_nose,Nestor_Kirchner,True,0.015096217393875122
./data/processed/test/Nestor_Kirchner/Nestor_Kirchner_0014.jpg,Nestor_Kirchner,mask_mouth,Nestor_Kirchner,True,0.018951060250401497
./data/processed/test/Nestor_Kirchner/Nestor_Kirchner_0014.jpg,Nestor_Kirchner,mask_face_oval,Jiang_Zemin,False,0.009726179763674736
./data/processed/test/Nestor_Kirchner/Nestor_Kirchner_0014.jpg,Nestor_Kirchner,mask_outside_face,Nestor_Kirchner,True,0.015521852299571037
./data/processed/test/Nestor_Kirchner/Nestor_Kirchner_0014.jpg,Nestor_Kirchner,dark,Nestor_Kirchner,True,0.02075800485908985
./data/processed/test/Nestor_Kirchner/Nestor_Kirchner_0014.jpg,Nestor_Kirchner,bright,Nestor_Kirchner,True,0.020092731341719627
./data/processed/test/Nestor_Kirchner/Nestor_Kirchner_0018.jpg,Nestor_Kirchner,original,Nestor_Kirchner,True,0.027346789836883545
./data/processed/test/Nestor_Kirchner/Nestor_Kirchner_0018.jpg,Nestor_Kirchner,mask_eyes,Nestor_Kirchner,True,0.02715771459043026
./data/processed/test/Nestor_Kirchner/Nestor_Kirchner_0018.jpg,Nestor_Kirchner,mask_nose,Nestor_Kirchner,True,0.02739584632217884
./data/processed/test/Nestor_Kirchner/Nestor_Kirchner_0018.jpg,Nestor_Kirchner,mask_mouth,Nestor_Kirchner,True,0.027360467240214348
./data/processed/test/Nestor_Kirchner/Nestor_Kirchner_0018.jpg,Nestor_Kirchner,mask_face_oval,Michael_Schumacher,False,0.009396566078066826
./data/processed/test/Nestor_Kirchner/Nestor_Kirchner_0018.jpg,Nestor_Kirchner,mask_outside_face,Nestor_Kirchner,True,0.027130689471960068
./data/processed/test/Nestor_Kirchner/Nestor_Kirchner_0018.jpg,Nestor_Kirchner,dark,Nestor_Kirchner,True,0.02729831449687481
./data/processed/test/Nestor_Kirchner/Nestor_Kirchner_0018.jpg,Nestor_Kirchner,bright,Nestor_Kirchner,True,0.0273745097219944
./data/processed/test/Nestor_Kirchner/Nestor_Kirchner_0026.jpg,Nestor_Kirchner,original,Nestor_Kirchner,True,0.026782171800732613
./data/processed/test/Nestor_Kirchner/Nestor_Kirchner_0026.jpg,Nestor_Kirchner,mask_eyes,Nestor_Kirchner,True,0.02688474953174591
./data/processed/test/Nestor_Kirchner/Nestor_Kirchner_0026.jpg,Nestor_Kirchner,mask_nose,Nestor_Kirchner,True,0.025937620550394058
./data/processed/test/Nestor_Kirchner/Nestor_Kirchner_0026.jpg,Nestor_Kirchner,mask_mouth,Nestor_Kirchner,True,0.026460207998752594
./data/processed/test/Nestor_Kirchner/Nestor_Kirchner_0026.jpg,Nestor_Kirchner,mask_face_oval,Jiang_Zemin,False,0.009607481770217419
./data/processed/test/Nestor_Kirchner/Nestor_Kirchner_0026.jpg,Nestor_Kirchner,mask_outside_face,Nestor_Kirchner,True,0.020504476502537727
./data/processed/test/Nestor_Kirchner/Nestor_Kirchner_0026.jpg,Nestor_Kirchner,dark,Nestor_Kirchner,True,0.026598574593663216
./data/processed/test/Nestor_Kirchner/Nestor_Kirchner_0026.jpg,Nestor_Kirchner,bright,Nestor_Kirchner,True,0.026703370735049248
./data/processed/test/Nestor_Kirchner/Nestor_Kirchner_0027.jpg,Nestor_Kirchner,original,Nestor_Kirchner,True,0.026387639343738556
./data/processed/test/Nestor_Kirchner/Nestor_Kirchner_0027.jpg,Nestor_Kirchner,mask_eyes,Nestor_Kirchner,True,0.025356680154800415
./data/processed/test/Nestor_Kirchner/Nestor_Kirchner_0027.jpg,Nestor_Kirchner,mask_nose,Nestor_Kirchner,True,0.026125794276595116
./data/processed/test/Nestor_Kirchner/Nestor_Kirchner_0027.jpg,Nestor_Kirchner,mask_mouth,Nestor_Kirchner,True,0.026455333456397057
./data/processed/test/Nestor_Kirchner/Nestor_Kirchner_0027.jpg,Nestor_Kirchner,mask_face_oval,Jose_Maria_Aznar,False,0.009389272890985012
./data/processed/test/Nestor_Kirchner/Nestor_Kirchner_0027.jpg,Nestor_Kirchner,mask_outside_face,Nestor_Kirchner,True,0.024553680792450905
./data/processed/test/Nestor_Kirchner/Nestor_Kirchner_0027.jpg,Nestor_Kirchner,dark,Nestor_Kirchner,True,0.02632260136306286
./data/processed/test/Nestor_Kirchner/Nestor_Kirchner_0027.jpg,Nestor_Kirchner,bright,Nestor_Kirchner,True,0.02587384358048439
./data/processed/test/Nestor_Kirchner/Nestor_Kirchner_0030.jpg,Nestor_Kirchner,original,Nestor_Kirchner,True,0.027398955076932907
./data/processed/test/Nestor_Kirchner/Nestor_Kirchner_0030.jpg,Nestor_Kirchner,mask_eyes,Nestor_Kirchner,True,0.0271367896348238
./data/processed/test/Nestor_Kirchner/Nestor_Kirchner_0030.jpg,Nestor_Kirchner,mask_nose,Nestor_Kirchner,True,0.027343377470970154
./data/processed/test/Nestor_Kirchner/Nestor_Kirchner_0030.jpg,Nestor_Kirchner,mask_mouth,Nestor_Kirchner,True,0.027390656992793083
./data/processed/test/Nestor_Kirchner/Nestor_Kirchner_0030.jpg,Nestor_Kirchner,mask_face_oval,Arnold_Schwarzenegger,False,0.009549384005367756
./data/processed/test/Nestor_Kirchner/Nestor_Kirchner_0030.jpg,Nestor_Kirchner,mask_outside_face,Nestor_Kirchner,True,0.027005605399608612
./data/processed/test/Nestor_Kirchner/Nestor_Kirchner_0030.jpg,Nestor_Kirchner,dark,Nestor_Kirchner,True,0.027332130819559097
./data/processed/test/Nestor_Kirchner/Nestor_Kirchner_0030.jpg,Nestor_Kirchner,bright,Nestor_Kirchner,True,0.02734089083969593
./data/processed/test/Nestor_Kirchner/Nestor_Kirchner_0036.jpg,Nestor_Kirchner,original,Nestor_Kirchner,True,0.027352197095751762
./data/processed/test/Nestor_Kirchner/Nestor_Kirchner_0036.jpg,Nestor_Kirchner,mask_eyes,Nestor_Kirchner,True,0.027294497936964035
./data/processed/test/Nestor_Kirchner/Nestor_Kirchner_0036.jpg,Nestor_Kirchner,mask_nose,Nestor_Kirchner,True,0.02729739062488079
./data/processed/test/Nestor_Kirchner/Nestor_Kirchner_0036.jpg,Nestor_Kirchner,mask_mouth,Nestor_Kirchner,True,0.027318522334098816
./data/processed/test/Nestor_Kirchner/Nestor_Kirchner_0036.jpg,Nestor_Kirchner,mask_face_oval,Hugo_Chavez,False,0.010924261063337326
./data/processed/test/Nestor_Kirchner/Nestor_Kirchner_0036.jpg,Nestor_Kirchner,mask_outside_face,Nestor_Kirchner,True,0.027274709194898605
./data/processed/test/Nestor_Kirchner/Nestor_Kirchner_0036.jpg,Nestor_Kirchner,dark,Nestor_Kirchner,True,0.02736256644129753
./data/processed/test/Nestor_Kirchner/Nestor_Kirchner_0036.jpg,Nestor_Kirchner,bright,Nestor_Kirchner,True,0.02735433727502823
./data/processed/test/Nicanor_Duarte_Frutos/Nicanor_Duarte_Frutos_0001.jpg,Nicanor_Duarte_Frutos,original,Megawati_Sukarnoputri,False,0.011193124577403069
./data/processed/test/Nicanor_Duarte_Frutos/Nicanor_Duarte_Frutos_0001.jpg,Nicanor_Duarte_Frutos,mask_eyes,Megawati_Sukarnoputri,False,0.010455138981342316
./data/processed/test/Nicanor_Duarte_Frutos/Nicanor_Duarte_Frutos_0001.jpg,Nicanor_Duarte_Frutos,mask_nose,Megawati_Sukarnoputri,False,0.010928845964372158
./data/processed/test/Nicanor_Duarte_Frutos/Nicanor_Duarte_Frutos_0001.jpg,Nicanor_Duarte_Frutos,mask_mouth,Megawati_Sukarnoputri,False,0.011064454913139343
./data/processed/test/Nicanor_Duarte_Frutos/Nicanor_Duarte_Frutos_0001.jpg,Nicanor_Duarte_Frutos,mask_face_oval,George_W_Bush,False,0.009330402128398418
./data/processed/test/Nicanor_Duarte_Frutos/Nicanor_Duarte_Frutos_0001.jpg,Nicanor_Duarte_Frutos,mask_outside_face,Megawati_Sukarnoputri,False,0.010940385982394218
./data/processed/test/Nicanor_Duarte_Frutos/Nicanor_Duarte_Frutos_0001.jpg,Nicanor_Duarte_Frutos,dark,Megawati_Sukarnoputri,False,0.011873681098222733
./data/processed/test/Nicanor_Duarte_Frutos/Nicanor_Duarte_Frutos_0001.jpg,Nicanor_Duarte_Frutos,bright,Megawati_Sukarnoputri,False,0.010620825923979282
./data/processed/test/Nicanor_Duarte_Frutos/Nicanor_Duarte_Frutos_0006.jpg,Nicanor_Duarte_Frutos,original,Nicanor_Duarte_Frutos,True,0.011048626154661179
./data/processed/test/Nicanor_Duarte_Frutos/Nicanor_Duarte_Frutos_0006.jpg,Nicanor_Duarte_Frutos,mask_eyes,Pete_Sampras,False,0.010789048857986927
./data/processed/test/Nicanor_Duarte_Frutos/Nicanor_Duarte_Frutos_0006.jpg,Nicanor_Duarte_Frutos,mask_nose,Nicanor_Duarte_Frutos,True,0.010788178071379662
./data/processed/test/Nicanor_Duarte_Frutos/Nicanor_Duarte_Frutos_0006.jpg,Nicanor_Duarte_Frutos,mask_mouth,Nicanor_Duarte_Frutos,True,0.010743125341832638
./data/processed/test/Nicanor_Duarte_Frutos/Nicanor_Duarte_Frutos_0006.jpg,Nicanor_Duarte_Frutos,mask_face_oval,Gerhard_Schroeder,False,0.010844013653695583
./data/processed/test/Nicanor_Duarte_Frutos/Nicanor_Duarte_Frutos_0006.jpg,Nicanor_Duarte_Frutos,mask_outside_face,Alejandro_Toledo,False,0.010391395539045334
./data/processed/test/Nicanor_Duarte_Frutos/Nicanor_Duarte_Frutos_0006.jpg,Nicanor_Duarte_Frutos,dark,Nicanor_Duarte_Frutos,True,0.01096423715353012
./data/processed/test/Nicanor_Duarte_Frutos/Nicanor_Duarte_Frutos_0006.jpg,Nicanor_Duarte_Frutos,bright,Nicanor_Duarte_Frutos,True,0.010899335145950317
./data/processed/test/Nicanor_Duarte_Frutos/Nicanor_Duarte_Frutos_0010.jpg,Nicanor_Duarte_Frutos,original,Bill_Gates,False,0.010240224190056324
./data/processed/test/Nicanor_Duarte_Frutos/Nicanor_Duarte_Frutos_0010.jpg,Nicanor_Duarte_Frutos,mask_eyes,Bill_Gates,False,0.011156649328768253
./data/processed/test/Nicanor_Duarte_Frutos/Nicanor_Duarte_Frutos_0010.jpg,Nicanor_Duarte_Frutos,mask_nose,Hu_Jintao,False,0.010305911302566528
./data/processed/test/Nicanor_Duarte_Frutos/Nicanor_Duarte_Frutos_0010.jpg,Nicanor_Duarte_Frutos,mask_mouth,Pete_Sampras,False,0.01040664128959179
./data/processed/test/Nicanor_Duarte_Frutos/Nicanor_Duarte_Frutos_0010.jpg,Nicanor_Duarte_Frutos,mask_face_oval,Jiang_Zemin,False,0.009899107739329338
./data/processed/test/Nicanor_Duarte_Frutos/Nicanor_Duarte_Frutos_0010.jpg,Nicanor_Duarte_Frutos,mask_outside_face,Donald_Rumsfeld,False,0.010318624787032604
./data/processed/test/Nicanor_Duarte_Frutos/Nicanor_Duarte_Frutos_0010.jpg,Nicanor_Duarte_Frutos,dark,Bill_Gates,False,0.01001923717558384
./data/processed/test/Nicanor_Duarte_Frutos/Nicanor_Duarte_Frutos_0010.jpg,Nicanor_Duarte_Frutos,bright,Bill_Gates,False,0.010332142002880573
./data/processed/test/Nicole_Kidman/Nicole_Kidman_0001.jpg,Nicole_Kidman,original,Nicole_Kidman,True,0.014737981371581554
./data/processed/test/Nicole_Kidman/Nicole_Kidman_0001.jpg,Nicole_Kidman,mask_eyes,Nicole_Kidman,True,0.014481822028756142
./data/processed/test/Nicole_Kidman/Nicole_Kidman_0001.jpg,Nicole_Kidman,mask_nose,Nicole_Kidman,True,0.012700743041932583
./data/processed/test/Nicole_Kidman/Nicole_Kidman_0001.jpg,Nicole_Kidman,mask_mouth,Nicole_Kidman,True,0.014358093962073326
./data/processed/test/Nicole_Kidman/Nicole_Kidman_0001.jpg,Nicole_Kidman,mask_face_oval,Michael_Schumacher,False,0.009834974072873592
./data/processed/test/Nicole_Kidman/Nicole_Kidman_0001.jpg,Nicole_Kidman,mask_outside_face,Nicole_Kidman,True,0.013418762013316154
./data/processed/test/Nicole_Kidman/Nicole_Kidman_0001.jpg,Nicole_Kidman,dark,Nicole_Kidman,True,0.01437947154045105
./data/processed/test/Nicole_Kidman/Nicole_Kidman_0001.jpg,Nicole_Kidman,bright,Nicole_Kidman,True,0.01372182834893465
./data/processed/test/Nicole_Kidman/Nicole_Kidman_0002.jpg,Nicole_Kidman,original,Naomi_Watts,False,0.012196322903037071
./data/processed/test/Nicole_Kidman/Nicole_Kidman_0002.jpg,Nicole_Kidman,mask_eyes,Jennifer_Aniston,False,0.012400338426232338
./data/processed/test/Nicole_Kidman/Nicole_Kidman_0002.jpg,Nicole_Kidman,mask_nose,Jennifer_Aniston,False,0.011474823579192162
./data/processed/test/Nicole_Kidman/Nicole_Kidman_0002.jpg,Nicole_Kidman,mask_mouth,Naomi_Watts,False,0.012471087276935577
./data/processed/test/Nicole_Kidman/Nicole_Kidman_0002.jpg,Nicole_Kidman,mask_face_oval,Jennifer_Aniston,False,0.009130865335464478
./data/processed/test/Nicole_Kidman/Nicole_Kidman_0002.jpg,Nicole_Kidman,mask_outside_face,Nicole_Kidman,True,0.013824518769979477
./data/processed/test/Nicole_Kidman/Nicole_Kidman_0002.jpg,Nicole_Kidman,dark,Jennifer_Aniston,False,0.012497281655669212
./data/processed/test/Nicole_Kidman/Nicole_Kidman_0002.jpg,Nicole_Kidman,bright,Naomi_Watts,False,0.013291559182107449
./data/processed/test/Nicole_Kidman/Nicole_Kidman_0006.jpg,Nicole_Kidman,original,Jennifer_Aniston,False,0.010236302390694618
./data/processed/test/Nicole_Kidman/Nicole_Kidman_0006.jpg,Nicole_Kidman,mask_eyes,Jennifer_Aniston,False,0.010490787215530872
./data/processed/test/Nicole_Kidman/Nicole_Kidman_0006.jpg,Nicole_Kidman,mask_nose,Jennifer_Aniston,False,0.010477499105036259
./data/processed/test/Nicole_Kidman/Nicole_Kidman_0006.jpg,Nicole_Kidman,mask_mouth,Megawati_Sukarnoputri,False,0.010023255832493305
./data/processed/test/Nicole_Kidman/Nicole_Kidman_0006.jpg,Nicole_Kidman,mask_face_oval,Laura_Bush,False,0.011487928219139576
./data/processed/test/Nicole_Kidman/Nicole_Kidman_0006.jpg,Nicole_Kidman,mask_outside_face,Megawati_Sukarnoputri,False,0.009944690391421318
./data/processed/test/Nicole_Kidman/Nicole_Kidman_0006.jpg,Nicole_Kidman,dark,Megawati_Sukarnoputri,False,0.010015992447733879
./data/processed/test/Nicole_Kidman/Nicole_Kidman_0006.jpg,Nicole_Kidman,bright,Megawati_Sukarnoputri,False,0.009945489466190338
./data/processed/test/Nicole_Kidman/Nicole_Kidman_0012.jpg,Nicole_Kidman,original,Nicole_Kidman,True,0.014573536813259125
./data/processed/test/Nicole_Kidman/Nicole_Kidman_0012.jpg,Nicole_Kidman,mask_eyes,Winona_Ryder,False,0.01452196016907692
./data/processed/test/Nicole_Kidman/Nicole_Kidman_0012.jpg,Nicole_Kidman,mask_nose,Winona_Ryder,False,0.015442097559571266
./data/processed/test/Nicole_Kidman/Nicole_Kidman_0012.jpg,Nicole_Kidman,mask_mouth,Winona_Ryder,False,0.014502800069749355
./data/processed/test/Nicole_Kidman/Nicole_Kidman_0012.jpg,Nicole_Kidman,mask_face_oval,Michael_Schumacher,False,0.01022593304514885
./data/processed/test/Nicole_Kidman/Nicole_Kidman_0012.jpg,Nicole_Kidman,mask_outside_face,Winona_Ryder,False,0.01540588028728962
./data/processed/test/Nicole_Kidman/Nicole_Kidman_0012.jpg,Nicole_Kidman,dark,Winona_Ryder,False,0.01521521806716919
./data/processed/test/Nicole_Kidman/Nicole_Kidman_0012.jpg,Nicole_Kidman,bright,Nicole_Kidman,True,0.014918058179318905
./data/processed/test/Norah_Jones/Norah_Jones_0001.jpg,Norah_Jones,original,Norah_Jones,True,0.012241464108228683
./data/processed/test/Norah_Jones/Norah_Jones_0001.jpg,Norah_Jones,mask_eyes,Angelina_Jolie,False,0.01276877149939537
./data/processed/test/Norah_Jones/Norah_Jones_0001.jpg,Norah_Jones,mask_nose,Norah_Jones,True,0.012125435285270214
./data/processed/test/Norah_Jones/Norah_Jones_0001.jpg,Norah_Jones,mask_mouth,Norah_Jones,True,0.011720043607056141
./data/processed/test/Norah_Jones/Norah_Jones_0001.jpg,Norah_Jones,mask_face_oval,Alejandro_Toledo,False,0.012498047202825546
./data/processed/test/Norah_Jones/Norah_Jones_0001.jpg,Norah_Jones,mask_outside_face,Megawati_Sukarnoputri,False,0.01034742034971714
./data/processed/test/Norah_Jones/Norah_Jones_0001.jpg,Norah_Jones,dark,Gloria_Macapagal_Arroyo,False,0.012335528619587421
./data/processed/test/Norah_Jones/Norah_Jones_0001.jpg,Norah_Jones,bright,Norah_Jones,True,0.01229521632194519
./data/processed/test/Norah_Jones/Norah_Jones_0010.jpg,Norah_Jones,original,Norah_Jones,True,0.01248347107321024
./data/processed/test/Norah_Jones/Norah_Jones_0010.jpg,Norah_Jones,mask_eyes,Norah_Jones,True,0.012425197288393974
./data/processed/test/Norah_Jones/Norah_Jones_0010.jpg,Norah_Jones,mask_nose,Norah_Jones,True,0.01205593440681696
./data/processed/test/Norah_Jones/Norah_Jones_0010.jpg,Norah_Jones,mask_mouth,Norah_Jones,True,0.0121172945946455
./data/processed/test/Norah_Jones/Norah_Jones_0010.jpg,Norah_Jones,mask_face_oval,Jiang_Zemin,False,0.009508509188890457
./data/processed/test/Norah_Jones/Norah_Jones_0010.jpg,Norah_Jones,mask_outside_face,Serena_Williams,False,0.009417396038770676
./data/processed/test/Norah_Jones/Norah_Jones_0010.jpg,Norah_Jones,dark,Gloria_Macapagal_Arroyo,False,0.0110533582046628
./data/processed/test/Norah_Jones/Norah_Jones_0010.jpg,Norah_Jones,bright,Norah_Jones,True,0.012333623133599758
./data/processed/test/Norah_Jones/Norah_Jones_0012.jpg,Norah_Jones,original,Angelina_Jolie,False,0.011197894811630249
./data/processed/test/Norah_Jones/Norah_Jones_0012.jpg,Norah_Jones,mask_eyes,Angelina_Jolie,False,0.012225189246237278
./data/processed/test/Norah_Jones/Norah_Jones_0012.jpg,Norah_Jones,mask_nose,Winona_Ryder,False,0.011299758218228817
./data/processed/test/Norah_Jones/Norah_Jones_0012.jpg,Norah_Jones,mask_mouth,Angelina_Jolie,False,0.011326294392347336
./data/processed/test/Norah_Jones/Norah_Jones_0012.jpg,Norah_Jones,mask_face_oval,Alejandro_Toledo,False,0.010455531999468803
./data/processed/test/Norah_Jones/Norah_Jones_0012.jpg,Norah_Jones,mask_outside_face,Winona_Ryder,False,0.011000510305166245
./data/processed/test/Norah_Jones/Norah_Jones_0012.jpg,Norah_Jones,dark,Angelina_Jolie,False,0.011002550832927227
./data/processed/test/Norah_Jones/Norah_Jones_0012.jpg,Norah_Jones,bright,Angelina_Jolie,False,0.011223706416785717
./data/processed/test/Paradorn_Srichaphan/Paradorn_Srichaphan_0002.jpg,Paradorn_Srichaphan,original,Pete_Sampras,False,0.01047554798424244
./data/processed/test/Paradorn_Srichaphan/Paradorn_Srichaphan_0002.jpg,Paradorn_Srichaphan,mask_eyes,Pete_Sampras,False,0.011099360883235931
./data/processed/test/Paradorn_Srichaphan/Paradorn_Srichaphan_0002.jpg,Paradorn_Srichaphan,mask_nose,Junichiro_Koizumi,False,0.010791911743581295
./data/processed/test/Paradorn_Srichaphan/Paradorn_Srichaphan_0002.jpg,Paradorn_Srichaphan,mask_mouth,Pete_Sampras,False,0.010829846374690533
./data/processed/test/Paradorn_Srichaphan/Paradorn_Srichaphan_0002.jpg,Paradorn_Srichaphan,mask_face_oval,Lance_Armstrong,False,0.010657276958227158
./data/processed/test/Paradorn_Srichaphan/Paradorn_Srichaphan_0002.jpg,Paradorn_Srichaphan,mask_outside_face,John_Howard,False,0.011672708205878735
./data/processed/test/Paradorn_Srichaphan/Paradorn_Srichaphan_0002.jpg,Paradorn_Srichaphan,dark,Paradorn_Srichaphan,True,0.01028305571526289
./data/processed/test/Paradorn_Srichaphan/Paradorn_Srichaphan_0002.jpg,Paradorn_Srichaphan,bright,Pete_Sampras,False,0.01048779021948576
./data/processed/test/Paradorn_Srichaphan/Paradorn_Srichaphan_0009.jpg,Paradorn_Srichaphan,original,Tiger_Woods,False,0.013157575391232967
./data/processed/test/Paradorn_Srichaphan/Paradorn_Srichaphan_0009.jpg,Paradorn_Srichaphan,mask_eyes,Tiger_Woods,False,0.013501771725714207
./data/processed/test/Paradorn_Srichaphan/Paradorn_Srichaphan_0009.jpg,Paradorn_Srichaphan,mask_nose,Tiger_Woods,False,0.010176047682762146
./data/processed/test/Paradorn_Srichaphan/Paradorn_Srichaphan_0009.jpg,Paradorn_Srichaphan,mask_mouth,Tiger_Woods,False,0.015426522120833397
./data/processed/test/Paradorn_Srichaphan/Paradorn_Srichaphan_0009.jpg,Paradorn_Srichaphan,mask_face_oval,Ariel_Sharon,False,0.010573593899607658
./data/processed/test/Paradorn_Srichaphan/Paradorn_Srichaphan_0009.jpg,Paradorn_Srichaphan,mask_outside_face,Tiger_Woods,False,0.015625284984707832
./data/processed/test/Paradorn_Srichaphan/Paradorn_Srichaphan_0009.jpg,Paradorn_Srichaphan,dark,Tiger_Woods,False,0.012534251436591148
./data/processed/test/Paradorn_Srichaphan/Paradorn_Srichaphan_0009.jpg,Paradorn_Srichaphan,bright,Tiger_Woods,False,0.012824448756873608
./data/processed/test/Paul_Bremer/Paul_Bremer_0001.jpg,Paul_Bremer,original,Paul_Bremer,True,0.013174797408282757
./data/processed/test/Paul_Bremer/Paul_Bremer_0001.jpg,Paul_Bremer,mask_eyes,Alvaro_Uribe,False,0.011183476075530052
./data/processed/test/Paul_Bremer/Paul_Bremer_0001.jpg,Paul_Bremer,mask_nose,Paul_Bremer,True,0.012125053443014622
./data/processed/test/Paul_Bremer/Paul_Bremer_0001.jpg,Paul_Bremer,mask_mouth,Paul_Bremer,True,0.012781058438122272
./data/processed/test/Paul_Bremer/Paul_Bremer_0001.jpg,Paul_Bremer,mask_face_oval,Gerhard_Schroeder,False,0.012849709950387478
./data/processed/test/Paul_Bremer/Paul_Bremer_0001.jpg,Paul_Bremer,mask_outside_face,Jacques_Chirac,False,0.01743950881063938
./data/processed/test/Paul_Bremer/Paul_Bremer_0001.jpg,Paul_Bremer,dark,Paul_Bremer,True,0.012577361427247524
./data/processed/test/Paul_Bremer/Paul_Bremer_0001.jpg,Paul_Bremer,bright,Paul_Bremer,True,0.013993626460433006
./data/processed/test/Paul_Bremer/Paul_Bremer_0002.jpg,Paul_Bremer,original,Paul_Bremer,True,0.014812923036515713
./data/processed/test/Paul_Bremer/Paul_Bremer_0002.jpg,Paul_Bremer,mask_eyes,Paul_Bremer,True,0.013597005978226662
./data/processed/test/Paul_Bremer/Paul_Bremer_0002.jpg,Paul_Bremer,mask_nose,Paul_Bremer,True,0.012116271071135998
./data/processed/test/Paul_Bremer/Paul_Bremer_0002.jpg,Paul_Bremer,mask_mouth,Paul_Bremer,True,0.014846564270555973
./data/processed/test/Paul_Bremer/Paul_Bremer_0002.jpg,Paul_Bremer,mask_face_oval,Michael_Schumacher,False,0.00939752347767353
./data/processed/test/Paul_Bremer/Paul_Bremer_0002.jpg,Paul_Bremer,mask_outside_face,Arnold_Schwarzenegger,False,0.009694497101008892
./data/processed/test/Paul_Bremer/Paul_Bremer_0002.jpg,Paul_Bremer,dark,Paul_Bremer,True,0.01469841506332159
./data/processed/test/Paul_Bremer/Paul_Bremer_0002.jpg,Paul_Bremer,bright,Paul_Bremer,True,0.015556625090539455
./data/processed/test/Paul_Bremer/Paul_Bremer_0016.jpg,Paul_Bremer,original,Paul_Bremer,True,0.01640394516289234
./data/processed/test/Paul_Bremer/Paul_Bremer_0016.jpg,Paul_Bremer,mask_eyes,Paul_Bremer,True,0.016197970137000084
./data/processed/test/Paul_Bremer/Paul_Bremer_0016.jpg,Paul_Bremer,mask_nose,Paul_Bremer,True,0.01637108437716961
./data/processed/test/Paul_Bremer/Paul_Bremer_0016.jpg,Paul_Bremer,mask_mouth,Paul_Bremer,True,0.016388189047574997
./data/processed/test/Paul_Bremer/Paul_Bremer_0016.jpg,Paul_Bremer,mask_face_oval,Arnold_Schwarzenegger,False,0.009890330024063587
./data/processed/test/Paul_Bremer/Paul_Bremer_0016.jpg,Paul_Bremer,mask_outside_face,Paul_Bremer,True,0.011169185861945152
./data/processed/test/Paul_Bremer/Paul_Bremer_0016.jpg,Paul_Bremer,dark,Paul_Bremer,True,0.0163744930177927
./data/processed/test/Paul_Bremer/Paul_Bremer_0016.jpg,Paul_Bremer,bright,Paul_Bremer,True,0.016415398567914963
./data/processed/test/Paul_Bremer/Paul_Bremer_0018.jpg,Paul_Bremer,original,Paul_Bremer,True,0.016469493508338928
./data/processed/test/Paul_Bremer/Paul_Bremer_0018.jpg,Paul_Bremer,mask_eyes,Paul_Bremer,True,0.01642189919948578
./data/processed/test/Paul_Bremer/Paul_Bremer_0018.jpg,Paul_Bremer,mask_nose,Paul_Bremer,True,0.016453800722956657
./data/processed/test/Paul_Bremer/Paul_Bremer_0018.jpg,Paul_Bremer,mask_mouth,Paul_Bremer,True,0.016501011326909065
./data/processed/test/Paul_Bremer/Paul_Bremer_0018.jpg,Paul_Bremer,mask_face_oval,Gerhard_Schroeder,False,0.010640092194080353
./data/processed/test/Paul_Bremer/Paul_Bremer_0018.jpg,Paul_Bremer,mask_outside_face,Paul_Bremer,True,0.011618038639426231
./data/processed/test/Paul_Bremer/Paul_Bremer_0018.jpg,Paul_Bremer,dark,Paul_Bremer,True,0.01648624800145626
./data/processed/test/Paul_Bremer/Paul_Bremer_0018.jpg,Paul_Bremer,bright,Paul_Bremer,True,0.01643802970647812
./data/processed/test/Paul_Burrell/Paul_Burrell_0001.jpg,Paul_Burrell,original,Gerhard_Schroeder,False,0.01765616424381733
./data/processed/test/Paul_Burrell/Paul_Burrell_0001.jpg,Paul_Burrell,mask_eyes,Gerhard_Schroeder,False,0.019843384623527527
./data/processed/test/Paul_Burrell/Paul_Burrell_0001.jpg,Paul_Burrell,mask_nose,Gerhard_Schroeder,False,0.01655419170856476
./data/processed/test/Paul_Burrell/Paul_Burrell_0001.jpg,Paul_Burrell,mask_mouth,Gerhard_Schroeder,False,0.015960901975631714
./data/processed/test/Paul_Burrell/Paul_Burrell_0001.jpg,Paul_Burrell,mask_face_oval,Michael_Schumacher,False,0.010992920026183128
./data/processed/test/Paul_Burrell/Paul_Burrell_0001.jpg,Paul_Burrell,mask_outside_face,Tom_Ridge,False,0.010241941548883915
./data/processed/test/Paul_Burrell/Paul_Burrell_0001.jpg,Paul_Burrell,dark,Gerhard_Schroeder,False,0.016228148713707924
./data/processed/test/Paul_Burrell/Paul_Burrell_0001.jpg,Paul_Burrell,bright,Gerhard_Schroeder,False,0.018797045573592186
./data/processed/test/Paul_Burrell/Paul_Burrell_0006.jpg,Paul_Burrell,original,Gerhard_Schroeder,False,0.01840205490589142
./data/processed/test/Paul_Burrell/Paul_Burrell_0006.jpg,Paul_Burrell,mask_eyes,Gerhard_Schroeder,False,0.023856554180383682
./data/processed/test/Paul_Burrell/Paul_Burrell_0006.jpg,Paul_Burrell,mask_nose,Gerhard_Schroeder,False,0.018105629831552505
./data/processed/test/Paul_Burrell/Paul_Burrell_0006.jpg,Paul_Burrell,mask_mouth,Gerhard_Schroeder,False,0.01693870685994625
./data/processed/test/Paul_Burrell/Paul_Burrell_0006.jpg,Paul_Burrell,mask_face_oval,Michael_Schumacher,False,0.009763043373823166
./data/processed/test/Paul_Burrell/Paul_Burrell_0006.jpg,Paul_Burrell,mask_outside_face,Gerhard_Schroeder,False,0.0122576504945755
./data/processed/test/Paul_Burrell/Paul_Burrell_0006.jpg,Paul_Burrell,dark,Gerhard_Schroeder,False,0.016670752316713333
./data/processed/test/Paul_Burrell/Paul_Burrell_0006.jpg,Paul_Burrell,bright,Gerhard_Schroeder,False,0.01619560830295086
./data/processed/test/Paul_Burrell/Paul_Burrell_0010.jpg,Paul_Burrell,original,Gerhard_Schroeder,False,0.017934823408722878
./data/processed/test/Paul_Burrell/Paul_Burrell_0010.jpg,Paul_Burrell,mask_eyes,Gerhard_Schroeder,False,0.01965898647904396
./data/processed/test/Paul_Burrell/Paul_Burrell_0010.jpg,Paul_Burrell,mask_nose,Gerhard_Schroeder,False,0.017384782433509827
./data/processed/test/Paul_Burrell/Paul_Burrell_0010.jpg,Paul_Burrell,mask_mouth,Gerhard_Schroeder,False,0.016375789418816566
./data/processed/test/Paul_Burrell/Paul_Burrell_0010.jpg,Paul_Burrell,mask_face_oval,Michael_Schumacher,False,0.0095322635024786
./data/processed/test/Paul_Burrell/Paul_Burrell_0010.jpg,Paul_Burrell,mask_outside_face,Gerhard_Schroeder,False,0.011820897459983826
./data/processed/test/Paul_Burrell/Paul_Burrell_0010.jpg,Paul_Burrell,dark,Gerhard_Schroeder,False,0.01834442839026451
./data/processed/test/Paul_Burrell/Paul_Burrell_0010.jpg,Paul_Burrell,bright,Gerhard_Schroeder,False,0.017322100698947906
./data/processed/test/Paul_Wolfowitz/Paul_Wolfowitz_0002.jpg,Paul_Wolfowitz,original,David_Beckham,False,0.0114161791279912
./data/processed/test/Paul_Wolfowitz/Paul_Wolfowitz_0002.jpg,Paul_Wolfowitz,mask_eyes,Vicente_Fox,False,0.010903331451117992
./data/processed/test/Paul_Wolfowitz/Paul_Wolfowitz_0002.jpg,Paul_Wolfowitz,mask_nose,Vicente_Fox,False,0.011654285714030266
./data/processed/test/Paul_Wolfowitz/Paul_Wolfowitz_0002.jpg,Paul_Wolfowitz,mask_mouth,David_Beckham,False,0.011334696784615517
./data/processed/test/Paul_Wolfowitz/Paul_Wolfowitz_0002.jpg,Paul_Wolfowitz,mask_face_oval,Jiang_Zemin,False,0.008958419784903526
./data/processed/test/Paul_Wolfowitz/Paul_Wolfowitz_0002.jpg,Paul_Wolfowitz,mask_outside_face,David_Beckham,False,0.010670522227883339
./data/processed/test/Paul_Wolfowitz/Paul_Wolfowitz_0002.jpg,Paul_Wolfowitz,dark,David_Beckham,False,0.012062642723321915
./data/processed/test/Paul_Wolfowitz/Paul_Wolfowitz_0002.jpg,Paul_Wolfowitz,bright,David_Beckham,False,0.011242618784308434
./data/processed/test/Paul_Wolfowitz/Paul_Wolfowitz_0009.jpg,Paul_Wolfowitz,original,David_Beckham,False,0.010477031581103802
./data/processed/test/Paul_Wolfowitz/Paul_Wolfowitz_0009.jpg,Paul_Wolfowitz,mask_eyes,Pervez_Musharraf,False,0.00986406672745943
./data/processed/test/Paul_Wolfowitz/Paul_Wolfowitz_0009.jpg,Paul_Wolfowitz,mask_nose,David_Beckham,False,0.010722502134740353
./data/processed/test/Paul_Wolfowitz/Paul_Wolfowitz_0009.jpg,Paul_Wolfowitz,mask_mouth,Vicente_Fox,False,0.011421404778957367
./data/processed/test/Paul_Wolfowitz/Paul_Wolfowitz_0009.jpg,Paul_Wolfowitz,mask_face_oval,Michael_Schumacher,False,0.009772207587957382
./data/processed/test/Paul_Wolfowitz/Paul_Wolfowitz_0009.jpg,Paul_Wolfowitz,mask_outside_face,David_Beckham,False,0.010161255486309528
./data/processed/test/Paul_Wolfowitz/Paul_Wolfowitz_0009.jpg,Paul_Wolfowitz,dark,Paul_Wolfowitz,True,0.010274060070514679
./data/processed/test/Paul_Wolfowitz/Paul_Wolfowitz_0009.jpg,Paul_Wolfowitz,bright,Vicente_Fox,False,0.010860155336558819
./data/processed/test/Pervez_Musharraf/Pervez_Musharraf_0001.jpg,Pervez_Musharraf,original,Pervez_Musharraf,True,0.01535241398960352
./data/processed/test/Pervez_Musharraf/Pervez_Musharraf_0001.jpg,Pervez_Musharraf,mask_eyes,Pervez_Musharraf,True,0.015121137723326683
./data/processed/test/Pervez_Musharraf/Pervez_Musharraf_0001.jpg,Pervez_Musharraf,mask_nose,Pervez_Musharraf,True,0.0149071691557765
./data/processed/test/Pervez_Musharraf/Pervez_Musharraf_0001.jpg,Pervez_Musharraf,mask_mouth,Pervez_Musharraf,True,0.015182550065219402
./data/processed/test/Pervez_Musharraf/Pervez_Musharraf_0001.jpg,Pervez_Musharraf,mask_face_oval,Arnold_Schwarzenegger,False,0.012921991758048534
./data/processed/test/Pervez_Musharraf/Pervez_Musharraf_0001.jpg,Pervez_Musharraf,mask_outside_face,Pervez_Musharraf,True,0.01388035248965025
./data/processed/test/Pervez_Musharraf/Pervez_Musharraf_0001.jpg,Pervez_Musharraf,dark,Pervez_Musharraf,True,0.01519565936177969
./data/processed/test/Pervez_Musharraf/Pervez_Musharraf_0001.jpg,Pervez_Musharraf,bright,Pervez_Musharraf,True,0.01513249333947897
./data/processed/test/Pervez_Musharraf/Pervez_Musharraf_0002.jpg,Pervez_Musharraf,original,Tony_Blair,False,0.016334660351276398
./data/processed/test/Pervez_Musharraf/Pervez_Musharraf_0002.jpg,Pervez_Musharraf,mask_eyes,Tony_Blair,False,0.016269709914922714
./data/processed/test/Pervez_Musharraf/Pervez_Musharraf_0002.jpg,Pervez_Musharraf,mask_nose,Tony_Blair,False,0.01829824596643448
./data/processed/test/Pervez_Musharraf/Pervez_Musharraf_0002.jpg,Pervez_Musharraf,mask_mouth,Tony_Blair,False,0.01687280274927616
./data/processed/test/Pervez_Musharraf/Pervez_Musharraf_0002.jpg,Pervez_Musharraf,mask_face_oval,Alejandro_Toledo,False,0.009213482961058617
./data/processed/test/Pervez_Musharraf/Pervez_Musharraf_0002.jpg,Pervez_Musharraf,mask_outside_face,Pervez_Musharraf,True,0.010551239363849163
./data/processed/test/Pervez_Musharraf/Pervez_Musharraf_0002.jpg,Pervez_Musharraf,dark,Pervez_Musharraf,True,0.014818034134805202
./data/processed/test/Pervez_Musharraf/Pervez_Musharraf_0002.jpg,Pervez_Musharraf,bright,Pervez_Musharraf,True,0.015015866607427597
./data/processed/test/Pervez_Musharraf/Pervez_Musharraf_0006.jpg,Pervez_Musharraf,original,Pervez_Musharraf,True,0.015173124149441719
./data/processed/test/Pervez_Musharraf/Pervez_Musharraf_0006.jpg,Pervez_Musharraf,mask_eyes,Pervez_Musharraf,True,0.014621368609368801
./data/processed/test/Pervez_Musharraf/Pervez_Musharraf_0006.jpg,Pervez_Musharraf,mask_nose,Pervez_Musharraf,True,0.015329990535974503
./data/processed/test/Pervez_Musharraf/Pervez_Musharraf_0006.jpg,Pervez_Musharraf,mask_mouth,Pervez_Musharraf,True,0.015067202039062977
./data/processed/test/Pervez_Musharraf/Pervez_Musharraf_0006.jpg,Pervez_Musharraf,mask_face_oval,Hugo_Chavez,False,0.010127206332981586
./data/processed/test/Pervez_Musharraf/Pervez_Musharraf_0006.jpg,Pervez_Musharraf,mask_outside_face,Pervez_Musharraf,True,0.014048377051949501
./data/processed/test/Pervez_Musharraf/Pervez_Musharraf_0006.jpg,Pervez_Musharraf,dark,Pervez_Musharraf,True,0.015597077086567879
./data/processed/test/Pervez_Musharraf/Pervez_Musharraf_0006.jpg,Pervez_Musharraf,bright,Pervez_Musharraf,True,0.01540794875472784
./data/processed/test/Pervez_Musharraf/Pervez_Musharraf_0009.jpg,Pervez_Musharraf,original,Pervez_Musharraf,True,0.015602308325469494
./data/processed/test/Pervez_Musharraf/Pervez_Musharraf_0009.jpg,Pervez_Musharraf,mask_eyes,Pervez_Musharraf,True,0.01522093266248703
./data/processed/test/Pervez_Musharraf/Pervez_Musharraf_0009.jpg,Pervez_Musharraf,mask_nose,Pervez_Musharraf,True,0.015732385218143463
./data/processed/test/Pervez_Musharraf/Pervez_Musharraf_0009.jpg,Pervez_Musharraf,mask_mouth,Tony_Blair,False,0.015672484412789345
./data/processed/test/Pervez_Musharraf/Pervez_Musharraf_0009.jpg,Pervez_Musharraf,mask_face_oval,Alejandro_Toledo,False,0.010382542386651039
./data/processed/test/Pervez_Musharraf/Pervez_Musharraf_0009.jpg,Pervez_Musharraf,mask_outside_face,Pervez_Musharraf,True,0.012737934477627277
./data/processed/test/Pervez_Musharraf/Pervez_Musharraf_0009.jpg,Pervez_Musharraf,dark,Pervez_Musharraf,True,0.015601052902638912
./data/processed/test/Pervez_Musharraf/Pervez_Musharraf_0009.jpg,Pervez_Musharraf,bright,Pervez_Musharraf,True,0.01526018138974905
./data/processed/test/Pete_Sampras/Pete_Sampras_0001.jpg,Pete_Sampras,original,Pete_Sampras,True,0.018308935686945915
./data/processed/test/Pete_Sampras/Pete_Sampras_0001.jpg,Pete_Sampras,mask_eyes,Pete_Sampras,True,0.01820392534136772
./data/processed/test/Pete_Sampras/Pete_Sampras_0001.jpg,Pete_Sampras,mask_nose,Pete_Sampras,True,0.018260104581713676
./data/processed/test/Pete_Sampras/Pete_Sampras_0001.jpg,Pete_Sampras,mask_mouth,Pete_Sampras,True,0.018325025215744972
./data/processed/test/Pete_Sampras/Pete_Sampras_0001.jpg,Pete_Sampras,mask_face_oval,Lance_Armstrong,False,0.009819570928812027
./data/processed/test/Pete_Sampras/Pete_Sampras_0001.jpg,Pete_Sampras,mask_outside_face,Pete_Sampras,True,0.016440652310848236
./data/processed/test/Pete_Sampras/Pete_Sampras_0001.jpg,Pete_Sampras,dark,Pete_Sampras,True,0.01832452043890953
./data/processed/test/Pete_Sampras/Pete_Sampras_0001.jpg,Pete_Sampras,bright,Pete_Sampras,True,0.018277369439601898
./data/processed/test/Pete_Sampras/Pete_Sampras_0002.jpg,Pete_Sampras,original,Pete_Sampras,True,0.018285730853676796
./data/processed/test/Pete_Sampras/Pete_Sampras_0002.jpg,Pete_Sampras,mask_eyes,Pete_Sampras,True,0.018222322687506676
./data/processed/test/Pete_Sampras/Pete_Sampras_0002.jpg,Pete_Sampras,mask_nose,Pete_Sampras,True,0.01825040951371193
./data/processed/test/Pete_Sampras/Pete_Sampras_0002.jpg,Pete_Sampras,mask_mouth,Pete_Sampras,True,0.018292829394340515
./data/processed/test/Pete_Sampras/Pete_Sampras_0002.jpg,Pete_Sampras,mask_face_oval,Hugo_Chavez,False,0.011236683465540409
./data/processed/test/Pete_Sampras/Pete_Sampras_0002.jpg,Pete_Sampras,mask_outside_face,Pete_Sampras,True,0.01711629144847393
./data/processed/test/Pete_Sampras/Pete_Sampras_0002.jpg,Pete_Sampras,dark,Pete_Sampras,True,0.01825782284140587
./data/processed/test/Pete_Sampras/Pete_Sampras_0002.jpg,Pete_Sampras,bright,Pete_Sampras,True,0.01830960065126419
./data/processed/test/Pete_Sampras/Pete_Sampras_0009.jpg,Pete_Sampras,original,Pete_Sampras,True,0.018045393750071526
./data/processed/test/Pete_Sampras/Pete_Sampras_0009.jpg,Pete_Sampras,mask_eyes,Pete_Sampras,True,0.018038934096693993
./data/processed/test/Pete_Sampras/Pete_Sampras_0009.jpg,Pete_Sampras,mask_nose,Pete_Sampras,True,0.017741480842232704
./data/processed/test/Pete_Sampras/Pete_Sampras_0009.jpg,Pete_Sampras,mask_mouth,Pete_Sampras,True,0.01809222251176834
./data/processed/test/Pete_Sampras/Pete_Sampras_0009.jpg,Pete_Sampras,mask_face_oval,Arnold_Schwarzenegger,False,0.012438633479177952
./data/processed/test/Pete_Sampras/Pete_Sampras_0009.jpg,Pete_Sampras,mask_outside_face,Pete_Sampras,True,0.013286109082400799
./data/processed/test/Pete_Sampras/Pete_Sampras_0009.jpg,Pete_Sampras,dark,Pete_Sampras,True,0.01786699704825878
./data/processed/test/Pete_Sampras/Pete_Sampras_0009.jpg,Pete_Sampras,bright,Pete_Sampras,True,0.01797475293278694
./data/processed/test/Pete_Sampras/Pete_Sampras_0014.jpg,Pete_Sampras,original,Pete_Sampras,True,0.018297430127859116
./data/processed/test/Pete_Sampras/Pete_Sampras_0014.jpg,Pete_Sampras,mask_eyes,Pete_Sampras,True,0.01824950985610485
./data/processed/test/Pete_Sampras/Pete_Sampras_0014.jpg,Pete_Sampras,mask_nose,Pete_Sampras,True,0.018261315301060677
./data/processed/test/Pete_Sampras/Pete_Sampras_0014.jpg,Pete_Sampras,mask_mouth,Pete_Sampras,True,0.018296517431735992
./data/processed/test/Pete_Sampras/Pete_Sampras_0014.jpg,Pete_Sampras,mask_face_oval,Hugo_Chavez,False,0.011915614828467369
./data/processed/test/Pete_Sampras/Pete_Sampras_0014.jpg,Pete_Sampras,mask_outside_face,Pete_Sampras,True,0.015085795894265175
./data/processed/test/Pete_Sampras/Pete_Sampras_0014.jpg,Pete_Sampras,dark,Pete_Sampras,True,0.018274690955877304
./data/processed/test/Pete_Sampras/Pete_Sampras_0014.jpg,Pete_Sampras,bright,Pete_Sampras,True,0.01831582933664322
./data/processed/test/Pete_Sampras/Pete_Sampras_0016.jpg,Pete_Sampras,original,Pete_Sampras,True,0.018397022038698196
./data/processed/test/Pete_Sampras/Pete_Sampras_0016.jpg,Pete_Sampras,mask_eyes,Pete_Sampras,True,0.018329689279198647
./data/processed/test/Pete_Sampras/Pete_Sampras_0016.jpg,Pete_Sampras,mask_nose,Pete_Sampras,True,0.01832575350999832
./data/processed/test/Pete_Sampras/Pete_Sampras_0016.jpg,Pete_Sampras,mask_mouth,Pete_Sampras,True,0.018398243933916092
./data/processed/test/Pete_Sampras/Pete_Sampras_0016.jpg,Pete_Sampras,mask_face_oval,Arnold_Schwarzenegger,False,0.009576701559126377
./data/processed/test/Pete_Sampras/Pete_Sampras_0016.jpg,Pete_Sampras,mask_outside_face,Pete_Sampras,True,0.015573924407362938
./data/processed/test/Pete_Sampras/Pete_Sampras_0016.jpg,Pete_Sampras,dark,Pete_Sampras,True,0.018400441855192184
./data/processed/test/Pete_Sampras/Pete_Sampras_0016.jpg,Pete_Sampras,bright,Pete_Sampras,True,0.018370838835835457
./data/processed/test/Pierce_Brosnan/Pierce_Brosnan_0001.jpg,Pierce_Brosnan,original,Gerhard_Schroeder,False,0.013175099156796932
./data/processed/test/Pierce_Brosnan/Pierce_Brosnan_0001.jpg,Pierce_Brosnan,mask_eyes,Gerhard_Schroeder,False,0.0152754420414567
./data/processed/test/Pierce_Brosnan/Pierce_Brosnan_0001.jpg,Pierce_Brosnan,mask_nose,Gerhard_Schroeder,False,0.012205289676785469
./data/processed/test/Pierce_Brosnan/Pierce_Brosnan_0001.jpg,Pierce_Brosnan,mask_mouth,Gerhard_Schroeder,False,0.013436669483780861
./data/processed/test/Pierce_Brosnan/Pierce_Brosnan_0001.jpg,Pierce_Brosnan,mask_face_oval,Gerhard_Schroeder,False,0.012035772204399109
./data/processed/test/Pierce_Brosnan/Pierce_Brosnan_0001.jpg,Pierce_Brosnan,mask_outside_face,Gerhard_Schroeder,False,0.013200349174439907
./data/processed/test/Pierce_Brosnan/Pierce_Brosnan_0001.jpg,Pierce_Brosnan,dark,Gerhard_Schroeder,False,0.013260314241051674
./data/processed/test/Pierce_Brosnan/Pierce_Brosnan_0001.jpg,Pierce_Brosnan,bright,Gerhard_Schroeder,False,0.01583598181605339
./data/processed/test/Pierce_Brosnan/Pierce_Brosnan_0010.jpg,Pierce_Brosnan,original,Gerhard_Schroeder,False,0.012086198665201664
./data/processed/test/Pierce_Brosnan/Pierce_Brosnan_0010.jpg,Pierce_Brosnan,mask_eyes,Gerhard_Schroeder,False,0.013879435136914253
./data/processed/test/Pierce_Brosnan/Pierce_Brosnan_0010.jpg,Pierce_Brosnan,mask_nose,Gerhard_Schroeder,False,0.01321452483534813
./data/processed/test/Pierce_Brosnan/Pierce_Brosnan_0010.jpg,Pierce_Brosnan,mask_mouth,Gerhard_Schroeder,False,0.011724184267222881
./data/processed/test/Pierce_Brosnan/Pierce_Brosnan_0010.jpg,Pierce_Brosnan,mask_face_oval,Arnold_Schwarzenegger,False,0.01118643768131733
./data/processed/test/Pierce_Brosnan/Pierce_Brosnan_0010.jpg,Pierce_Brosnan,mask_outside_face,Vicente_Fox,False,0.011187070049345493
./data/processed/test/Pierce_Brosnan/Pierce_Brosnan_0010.jpg,Pierce_Brosnan,dark,Gerhard_Schroeder,False,0.011505452916026115
./data/processed/test/Pierce_Brosnan/Pierce_Brosnan_0010.jpg,Pierce_Brosnan,bright,Gerhard_Schroeder,False,0.01219897996634245
./data/processed/test/Pierce_Brosnan/Pierce_Brosnan_0012.jpg,Pierce_Brosnan,original,Gerhard_Schroeder,False,0.016501154750585556
./data/processed/test/Pierce_Brosnan/Pierce_Brosnan_0012.jpg,Pierce_Brosnan,mask_eyes,Gerhard_Schroeder,False,0.01774030551314354
./data/processed/test/Pierce_Brosnan/Pierce_Brosnan_0012.jpg,Pierce_Brosnan,mask_nose,Gerhard_Schroeder,False,0.017096342518925667
./data/processed/test/Pierce_Brosnan/Pierce_Brosnan_0012.jpg,Pierce_Brosnan,mask_mouth,Gerhard_Schroeder,False,0.016871055588126183
./data/processed/test/Pierce_Brosnan/Pierce_Brosnan_0012.jpg,Pierce_Brosnan,mask_face_oval,Arnold_Schwarzenegger,False,0.012559796683490276
./data/processed/test/Pierce_Brosnan/Pierce_Brosnan_0012.jpg,Pierce_Brosnan,mask_outside_face,Vicente_Fox,False,0.010026654228568077
./data/processed/test/Pierce_Brosnan/Pierce_Brosnan_0012.jpg,Pierce_Brosnan,dark,Gerhard_Schroeder,False,0.016318429261446
./data/processed/test/Pierce_Brosnan/Pierce_Brosnan_0012.jpg,Pierce_Brosnan,bright,Gerhard_Schroeder,False,0.017024951055645943
./data/processed/test/Queen_Elizabeth_II/Queen_Elizabeth_II_0001.jpg,Queen_Elizabeth_II,original,Queen_Elizabeth_II,True,0.012712576426565647
./data/processed/test/Queen_Elizabeth_II/Queen_Elizabeth_II_0001.jpg,Queen_Elizabeth_II,mask_eyes,Queen_Elizabeth_II,True,0.011765937320888042
./data/processed/test/Queen_Elizabeth_II/Queen_Elizabeth_II_0001.jpg,Queen_Elizabeth_II,mask_nose,Queen_Elizabeth_II,True,0.012595868669450283
./data/processed/test/Queen_Elizabeth_II/Queen_Elizabeth_II_0001.jpg,Queen_Elizabeth_II,mask_mouth,Ariel_Sharon,False,0.013026845641434193
./data/processed/test/Queen_Elizabeth_II/Queen_Elizabeth_II_0001.jpg,Queen_Elizabeth_II,mask_face_oval,Michael_Schumacher,False,0.010454428382217884
./data/processed/test/Queen_Elizabeth_II/Queen_Elizabeth_II_0001.jpg,Queen_Elizabeth_II,mask_outside_face,Ariel_Sharon,False,0.013220866210758686
./data/processed/test/Queen_Elizabeth_II/Queen_Elizabeth_II_0001.jpg,Queen_Elizabeth_II,dark,Queen_Elizabeth_II,True,0.01279128435999155
./data/processed/test/Queen_Elizabeth_II/Queen_Elizabeth_II_0001.jpg,Queen_Elizabeth_II,bright,Queen_Elizabeth_II,True,0.012611143290996552
./data/processed/test/Queen_Elizabeth_II/Queen_Elizabeth_II_0010.jpg,Queen_Elizabeth_II,original,Queen_Elizabeth_II,True,0.012049390934407711
./data/processed/test/Queen_Elizabeth_II/Queen_Elizabeth_II_0010.jpg,Queen_Elizabeth_II,mask_eyes,Queen_Elizabeth_II,True,0.010756892152130604
./data/processed/test/Queen_Elizabeth_II/Queen_Elizabeth_II_0010.jpg,Queen_Elizabeth_II,mask_nose,Queen_Elizabeth_II,True,0.011725018732249737
./data/processed/test/Queen_Elizabeth_II/Queen_Elizabeth_II_0010.jpg,Queen_Elizabeth_II,mask_mouth,Queen_Elizabeth_II,True,0.010403956286609173
./data/processed/test/Queen_Elizabeth_II/Queen_Elizabeth_II_0010.jpg,Queen_Elizabeth_II,mask_face_oval,Hugo_Chavez,False,0.01297867763787508
./data/processed/test/Queen_Elizabeth_II/Queen_Elizabeth_II_0010.jpg,Queen_Elizabeth_II,mask_outside_face,Queen_Elizabeth_II,True,0.012322379276156425
./data/processed/test/Queen_Elizabeth_II/Queen_Elizabeth_II_0010.jpg,Queen_Elizabeth_II,dark,Queen_Elizabeth_II,True,0.011726298369467258
./data/processed/test/Queen_Elizabeth_II/Queen_Elizabeth_II_0010.jpg,Queen_Elizabeth_II,bright,Queen_Elizabeth_II,True,0.01192469522356987
./data/processed/test/Queen_Elizabeth_II/Queen_Elizabeth_II_0012.jpg,Queen_Elizabeth_II,original,Queen_Elizabeth_II,True,0.012591484002768993
./data/processed/test/Queen_Elizabeth_II/Queen_Elizabeth_II_0012.jpg,Queen_Elizabeth_II,mask_eyes,Laura_Bush,False,0.01095808669924736
./data/processed/test/Queen_Elizabeth_II/Queen_Elizabeth_II_0012.jpg,Queen_Elizabeth_II,mask_nose,Queen_Elizabeth_II,True,0.01249566487967968
./data/processed/test/Queen_Elizabeth_II/Queen_Elizabeth_II_0012.jpg,Queen_Elizabeth_II,mask_mouth,Queen_Elizabeth_II,True,0.011985672637820244
./data/processed/test/Queen_Elizabeth_II/Queen_Elizabeth_II_0012.jpg,Queen_Elizabeth_II,mask_face_oval,Michael_Schumacher,False,0.011569933034479618
./data/processed/test/Queen_Elizabeth_II/Queen_Elizabeth_II_0012.jpg,Queen_Elizabeth_II,mask_outside_face,Queen_Elizabeth_II,True,0.012569686397910118
./data/processed/test/Queen_Elizabeth_II/Queen_Elizabeth_II_0012.jpg,Queen_Elizabeth_II,dark,Queen_Elizabeth_II,True,0.012541349045932293
./data/processed/test/Queen_Elizabeth_II/Queen_Elizabeth_II_0012.jpg,Queen_Elizabeth_II,bright,Queen_Elizabeth_II,True,0.012622974812984467
./data/processed/test/Recep_Tayyip_Erdogan/Recep_Tayyip_Erdogan_0009.jpg,Recep_Tayyip_Erdogan,original,Recep_Tayyip_Erdogan,True,0.02140425518155098
./data/processed/test/Recep_Tayyip_Erdogan/Recep_Tayyip_Erdogan_0009.jpg,Recep_Tayyip_Erdogan,mask_eyes,Recep_Tayyip_Erdogan,True,0.016810543835163116
./data/processed/test/Recep_Tayyip_Erdogan/Recep_Tayyip_Erdogan_0009.jpg,Recep_Tayyip_Erdogan,mask_nose,Recep_Tayyip_Erdogan,True,0.02072642184793949
./data/processed/test/Recep_Tayyip_Erdogan/Recep_Tayyip_Erdogan_0009.jpg,Recep_Tayyip_Erdogan,mask_mouth,Recep_Tayyip_Erdogan,True,0.019954867660999298
./data/processed/test/Recep_Tayyip_Erdogan/Recep_Tayyip_Erdogan_0009.jpg,Recep_Tayyip_Erdogan,mask_face_oval,Gerhard_Schroeder,False,0.010259062983095646
./data/processed/test/Recep_Tayyip_Erdogan/Recep_Tayyip_Erdogan_0009.jpg,Recep_Tayyip_Erdogan,mask_outside_face,Recep_Tayyip_Erdogan,True,0.018854042515158653
./data/processed/test/Recep_Tayyip_Erdogan/Recep_Tayyip_Erdogan_0009.jpg,Recep_Tayyip_Erdogan,dark,Recep_Tayyip_Erdogan,True,0.021576326340436935
./data/processed/test/Recep_Tayyip_Erdogan/Recep_Tayyip_Erdogan_0009.jpg,Recep_Tayyip_Erdogan,bright,Recep_Tayyip_Erdogan,True,0.022084850817918777
./data/processed/test/Recep_Tayyip_Erdogan/Recep_Tayyip_Erdogan_0010.jpg,Recep_Tayyip_Erdogan,original,Recep_Tayyip_Erdogan,True,0.02362377941608429
./data/processed/test/Recep_Tayyip_Erdogan/Recep_Tayyip_Erdogan_0010.jpg,Recep_Tayyip_Erdogan,mask_eyes,Recep_Tayyip_Erdogan,True,0.023165229707956314
./data/processed/test/Recep_Tayyip_Erdogan/Recep_Tayyip_Erdogan_0010.jpg,Recep_Tayyip_Erdogan,mask_nose,Recep_Tayyip_Erdogan,True,0.023166026920080185
./data/processed/test/Recep_Tayyip_Erdogan/Recep_Tayyip_Erdogan_0010.jpg,Recep_Tayyip_Erdogan,mask_mouth,Recep_Tayyip_Erdogan,True,0.023413658142089844
./data/processed/test/Recep_Tayyip_Erdogan/Recep_Tayyip_Erdogan_0010.jpg,Recep_Tayyip_Erdogan,mask_face_oval,Gerhard_Schroeder,False,0.010340569540858269
./data/processed/test/Recep_Tayyip_Erdogan/Recep_Tayyip_Erdogan_0010.jpg,Recep_Tayyip_Erdogan,mask_outside_face,Recep_Tayyip_Erdogan,True,0.021296659484505653
./data/processed/test/Recep_Tayyip_Erdogan/Recep_Tayyip_Erdogan_0010.jpg,Recep_Tayyip_Erdogan,dark,Recep_Tayyip_Erdogan,True,0.023645756766200066
./data/processed/test/Recep_Tayyip_Erdogan/Recep_Tayyip_Erdogan_0010.jpg,Recep_Tayyip_Erdogan,bright,Recep_Tayyip_Erdogan,True,0.023617619648575783
./data/processed/test/Recep_Tayyip_Erdogan/Recep_Tayyip_Erdogan_0016.jpg,Recep_Tayyip_Erdogan,original,Recep_Tayyip_Erdogan,True,0.023579634726047516
./data/processed/test/Recep_Tayyip_Erdogan/Recep_Tayyip_Erdogan_0016.jpg,Recep_Tayyip_Erdogan,mask_eyes,Recep_Tayyip_Erdogan,True,0.023386631160974503
./data/processed/test/Recep_Tayyip_Erdogan/Recep_Tayyip_Erdogan_0016.jpg,Recep_Tayyip_Erdogan,mask_nose,Recep_Tayyip_Erdogan,True,0.0228742603212595
./data/processed/test/Recep_Tayyip_Erdogan/Recep_Tayyip_Erdogan_0016.jpg,Recep_Tayyip_Erdogan,mask_mouth,Recep_Tayyip_Erdogan,True,0.023510154336690903
./data/processed/test/Recep_Tayyip_Erdogan/Recep_Tayyip_Erdogan_0016.jpg,Recep_Tayyip_Erdogan,mask_face_oval,Arnold_Schwarzenegger,False,0.0127861388027668
./data/processed/test/Recep_Tayyip_Erdogan/Recep_Tayyip_Erdogan_0016.jpg,Recep_Tayyip_Erdogan,mask_outside_face,Recep_Tayyip_Erdogan,True,0.022552408277988434
./data/processed/test/Recep_Tayyip_Erdogan/Recep_Tayyip_Erdogan_0016.jpg,Recep_Tayyip_Erdogan,dark,Recep_Tayyip_Erdogan,True,0.02353350631892681
./data/processed/test/Recep_Tayyip_Erdogan/Recep_Tayyip_Erdogan_0016.jpg,Recep_Tayyip_Erdogan,bright,Recep_Tayyip_Erdogan,True,0.023665331304073334
./data/processed/test/Recep_Tayyip_Erdogan/Recep_Tayyip_Erdogan_0018.jpg,Recep_Tayyip_Erdogan,original,Recep_Tayyip_Erdogan,True,0.02334432303905487
./data/processed/test/Recep_Tayyip_Erdogan/Recep_Tayyip_Erdogan_0018.jpg,Recep_Tayyip_Erdogan,mask_eyes,Recep_Tayyip_Erdogan,True,0.02327696420252323
./data/processed/test/Recep_Tayyip_Erdogan/Recep_Tayyip_Erdogan_0018.jpg,Recep_Tayyip_Erdogan,mask_nose,Recep_Tayyip_Erdogan,True,0.021700730547308922
./data/processed/test/Recep_Tayyip_Erdogan/Recep_Tayyip_Erdogan_0018.jpg,Recep_Tayyip_Erdogan,mask_mouth,Recep_Tayyip_Erdogan,True,0.023334892466664314
./data/processed/test/Recep_Tayyip_Erdogan/Recep_Tayyip_Erdogan_0018.jpg,Recep_Tayyip_Erdogan,mask_face_oval,Arnold_Schwarzenegger,False,0.010503201745450497
./data/processed/test/Recep_Tayyip_Erdogan/Recep_Tayyip_Erdogan_0018.jpg,Recep_Tayyip_Erdogan,mask_outside_face,Recep_Tayyip_Erdogan,True,0.02093305066227913
./data/processed/test/Recep_Tayyip_Erdogan/Recep_Tayyip_Erdogan_0018.jpg,Recep_Tayyip_Erdogan,dark,Recep_Tayyip_Erdogan,True,0.02304038032889366
./data/processed/test/Recep_Tayyip_Erdogan/Recep_Tayyip_Erdogan_0018.jpg,Recep_Tayyip_Erdogan,bright,Recep_Tayyip_Erdogan,True,0.02297062985599041
./data/processed/test/Recep_Tayyip_Erdogan/Recep_Tayyip_Erdogan_0024.jpg,Recep_Tayyip_Erdogan,original,Recep_Tayyip_Erdogan,True,0.023713668808341026
./data/processed/test/Recep_Tayyip_Erdogan/Recep_Tayyip_Erdogan_0024.jpg,Recep_Tayyip_Erdogan,mask_eyes,Recep_Tayyip_Erdogan,True,0.023589011281728745
./data/processed/test/Recep_Tayyip_Erdogan/Recep_Tayyip_Erdogan_0024.jpg,Recep_Tayyip_Erdogan,mask_nose,Recep_Tayyip_Erdogan,True,0.022887876257300377
./data/processed/test/Recep_Tayyip_Erdogan/Recep_Tayyip_Erdogan_0024.jpg,Recep_Tayyip_Erdogan,mask_mouth,Recep_Tayyip_Erdogan,True,0.02361813560128212
./data/processed/test/Recep_Tayyip_Erdogan/Recep_Tayyip_Erdogan_0024.jpg,Recep_Tayyip_Erdogan,mask_face_oval,Arnold_Schwarzenegger,False,0.012865173630416393
./data/processed/test/Recep_Tayyip_Erdogan/Recep_Tayyip_Erdogan_0024.jpg,Recep_Tayyip_Erdogan,mask_outside_face,Recep_Tayyip_Erdogan,True,0.02102983556687832
./data/processed/test/Recep_Tayyip_Erdogan/Recep_Tayyip_Erdogan_0024.jpg,Recep_Tayyip_Erdogan,dark,Recep_Tayyip_Erdogan,True,0.023750735446810722
./data/processed/test/Recep_Tayyip_Erdogan/Recep_Tayyip_Erdogan_0024.jpg,Recep_Tayyip_Erdogan,bright,Recep_Tayyip_Erdogan,True,0.023670602589845657
./data/processed/test/Recep_Tayyip_Erdogan/Recep_Tayyip_Erdogan_0028.jpg,Recep_Tayyip_Erdogan,original,Recep_Tayyip_Erdogan,True,0.022710157558321953
./data/processed/test/Recep_Tayyip_Erdogan/Recep_Tayyip_Erdogan_0028.jpg,Recep_Tayyip_Erdogan,mask_eyes,Recep_Tayyip_Erdogan,True,0.022775348275899887
./data/processed/test/Recep_Tayyip_Erdogan/Recep_Tayyip_Erdogan_0028.jpg,Recep_Tayyip_Erdogan,mask_nose,Recep_Tayyip_Erdogan,True,0.020194794982671738
./data/processed/test/Recep_Tayyip_Erdogan/Recep_Tayyip_Erdogan_0028.jpg,Recep_Tayyip_Erdogan,mask_mouth,Recep_Tayyip_Erdogan,True,0.02165818400681019
./data/processed/test/Recep_Tayyip_Erdogan/Recep_Tayyip_Erdogan_0028.jpg,Recep_Tayyip_Erdogan,mask_face_oval,Gerhard_Schroeder,False,0.010419574566185474
./data/processed/test/Recep_Tayyip_Erdogan/Recep_Tayyip_Erdogan_0028.jpg,Recep_Tayyip_Erdogan,mask_outside_face,Recep_Tayyip_Erdogan,True,0.020538784563541412
./data/processed/test/Recep_Tayyip_Erdogan/Recep_Tayyip_Erdogan_0028.jpg,Recep_Tayyip_Erdogan,dark,Recep_Tayyip_Erdogan,True,0.02026675082743168
./data/processed/test/Recep_Tayyip_Erdogan/Recep_Tayyip_Erdogan_0028.jpg,Recep_Tayyip_Erdogan,bright,Recep_Tayyip_Erdogan,True,0.017918899655342102
./data/processed/test/Renee_Zellweger/Renee_Zellweger_0001.jpg,Renee_Zellweger,original,Renee_Zellweger,True,0.01259266771376133
./data/processed/test/Renee_Zellweger/Renee_Zellweger_0001.jpg,Renee_Zellweger,mask_eyes,Renee_Zellweger,True,0.012500975281000137
./data/processed/test/Renee_Zellweger/Renee_Zellweger_0001.jpg,Renee_Zellweger,mask_nose,Renee_Zellweger,True,0.012857573106884956
./data/processed/test/Renee_Zellweger/Renee_Zellweger_0001.jpg,Renee_Zellweger,mask_mouth,Renee_Zellweger,True,0.01217479445040226
./data/processed/test/Renee_Zellweger/Renee_Zellweger_0001.jpg,Renee_Zellweger,mask_face_oval,Michael_Schumacher,False,0.010049063712358475
./data/processed/test/Renee_Zellweger/Renee_Zellweger_0001.jpg,Renee_Zellweger,mask_outside_face,Renee_Zellweger,True,0.011095085181295872
./data/processed/test/Renee_Zellweger/Renee_Zellweger_0001.jpg,Renee_Zellweger,dark,Renee_Zellweger,True,0.011992811225354671
./data/processed/test/Renee_Zellweger/Renee_Zellweger_0001.jpg,Renee_Zellweger,bright,Renee_Zellweger,True,0.011133603751659393
./data/processed/test/Renee_Zellweger/Renee_Zellweger_0002.jpg,Renee_Zellweger,original,Renee_Zellweger,True,0.012995722703635693
./data/processed/test/Renee_Zellweger/Renee_Zellweger_0002.jpg,Renee_Zellweger,mask_eyes,Renee_Zellweger,True,0.012835666537284851
./data/processed/test/Renee_Zellweger/Renee_Zellweger_0002.jpg,Renee_Zellweger,mask_nose,Renee_Zellweger,True,0.012854717671871185
./data/processed/test/Renee_Zellweger/Renee_Zellweger_0002.jpg,Renee_Zellweger,mask_mouth,Renee_Zellweger,True,0.012922603636980057
./data/processed/test/Renee_Zellweger/Renee_Zellweger_0002.jpg,Renee_Zellweger,mask_face_oval,Michael_Schumacher,False,0.009823201224207878
./data/processed/test/Renee_Zellweger/Renee_Zellweger_0002.jpg,Renee_Zellweger,mask_outside_face,Renee_Zellweger,True,0.012584571726620197
./data/processed/test/Renee_Zellweger/Renee_Zellweger_0002.jpg,Renee_Zellweger,dark,Renee_Zellweger,True,0.012903908267617226
./data/processed/test/Renee_Zellweger/Renee_Zellweger_0002.jpg,Renee_Zellweger,bright,Renee_Zellweger,True,0.012727910652756691
./data/processed/test/Renee_Zellweger/Renee_Zellweger_0006.jpg,Renee_Zellweger,original,Renee_Zellweger,True,0.012398473918437958
./data/processed/test/Renee_Zellweger/Renee_Zellweger_0006.jpg,Renee_Zellweger,mask_eyes,Renee_Zellweger,True,0.012148953042924404
./data/processed/test/Renee_Zellweger/Renee_Zellweger_0006.jpg,Renee_Zellweger,mask_nose,Nicole_Kidman,False,0.012595416978001595
./data/processed/test/Renee_Zellweger/Renee_Zellweger_0006.jpg,Renee_Zellweger,mask_mouth,Renee_Zellweger,True,0.012393237091600895
./data/processed/test/Renee_Zellweger/Renee_Zellweger_0006.jpg,Renee_Zellweger,mask_face_oval,Michael_Schumacher,False,0.009754876606166363
./data/processed/test/Renee_Zellweger/Renee_Zellweger_0006.jpg,Renee_Zellweger,mask_outside_face,Renee_Zellweger,True,0.01195164117962122
./data/processed/test/Renee_Zellweger/Renee_Zellweger_0006.jpg,Renee_Zellweger,dark,Renee_Zellweger,True,0.011963821947574615
./data/processed/test/Renee_Zellweger/Renee_Zellweger_0006.jpg,Renee_Zellweger,bright,Renee_Zellweger,True,0.012446272186934948
./data/processed/test/Renee_Zellweger/Renee_Zellweger_0016.jpg,Renee_Zellweger,original,Renee_Zellweger,True,0.01200324296951294
./data/processed/test/Renee_Zellweger/Renee_Zellweger_0016.jpg,Renee_Zellweger,mask_eyes,Angelina_Jolie,False,0.011154713109135628
./data/processed/test/Renee_Zellweger/Renee_Zellweger_0016.jpg,Renee_Zellweger,mask_nose,Renee_Zellweger,True,0.011755933985114098
./data/processed/test/Renee_Zellweger/Renee_Zellweger_0016.jpg,Renee_Zellweger,mask_mouth,Renee_Zellweger,True,0.010702943429350853
./data/processed/test/Renee_Zellweger/Renee_Zellweger_0016.jpg,Renee_Zellweger,mask_face_oval,Hugo_Chavez,False,0.010334434919059277
./data/processed/test/Renee_Zellweger/Renee_Zellweger_0016.jpg,Renee_Zellweger,mask_outside_face,Renee_Zellweger,True,0.010976282879710197
./data/processed/test/Renee_Zellweger/Renee_Zellweger_0016.jpg,Renee_Zellweger,dark,Renee_Zellweger,True,0.011643958278000355
./data/processed/test/Renee_Zellweger/Renee_Zellweger_0016.jpg,Renee_Zellweger,bright,Renee_Zellweger,True,0.012034999206662178
./data/processed/test/Ricardo_Lagos/Ricardo_Lagos_0001.jpg,Ricardo_Lagos,original,Ricardo_Lagos,True,0.021392185240983963
./data/processed/test/Ricardo_Lagos/Ricardo_Lagos_0001.jpg,Ricardo_Lagos,mask_eyes,Ricardo_Lagos,True,0.020625710487365723
./data/processed/test/Ricardo_Lagos/Ricardo_Lagos_0001.jpg,Ricardo_Lagos,mask_nose,Ricardo_Lagos,True,0.019757481291890144
./data/processed/test/Ricardo_Lagos/Ricardo_Lagos_0001.jpg,Ricardo_Lagos,mask_mouth,Ricardo_Lagos,True,0.021352050825953484
./data/processed/test/Ricardo_Lagos/Ricardo_Lagos_0001.jpg,Ricardo_Lagos,mask_face_oval,Michael_Schumacher,False,0.010131391696631908
./data/processed/test/Ricardo_Lagos/Ricardo_Lagos_0001.jpg,Ricardo_Lagos,mask_outside_face,Ricardo_Lagos,True,0.016952907666563988
./data/processed/test/Ricardo_Lagos/Ricardo_Lagos_0001.jpg,Ricardo_Lagos,dark,Ricardo_Lagos,True,0.020209280773997307
./data/processed/test/Ricardo_Lagos/Ricardo_Lagos_0001.jpg,Ricardo_Lagos,bright,Ricardo_Lagos,True,0.021390898153185844
./data/processed/test/Ricardo_Lagos/Ricardo_Lagos_0009.jpg,Ricardo_Lagos,original,Ricardo_Lagos,True,0.021947352215647697
./data/processed/test/Ricardo_Lagos/Ricardo_Lagos_0009.jpg,Ricardo_Lagos,mask_eyes,Ricardo_Lagos,True,0.021693574264645576
./data/processed/test/Ricardo_Lagos/Ricardo_Lagos_0009.jpg,Ricardo_Lagos,mask_nose,Ricardo_Lagos,True,0.02194090187549591
./data/processed/test/Ricardo_Lagos/Ricardo_Lagos_0009.jpg,Ricardo_Lagos,mask_mouth,Ricardo_Lagos,True,0.021982939913868904
./data/processed/test/Ricardo_Lagos/Ricardo_Lagos_0009.jpg,Ricardo_Lagos,mask_face_oval,Michael_Schumacher,False,0.009646836668252945
./data/processed/test/Ricardo_Lagos/Ricardo_Lagos_0009.jpg,Ricardo_Lagos,mask_outside_face,Ricardo_Lagos,True,0.015562850050628185
./data/processed/test/Ricardo_Lagos/Ricardo_Lagos_0009.jpg,Ricardo_Lagos,dark,Ricardo_Lagos,True,0.021608741953969002
./data/processed/test/Ricardo_Lagos/Ricardo_Lagos_0009.jpg,Ricardo_Lagos,bright,Ricardo_Lagos,True,0.021897032856941223
./data/processed/test/Ricardo_Lagos/Ricardo_Lagos_0010.jpg,Ricardo_Lagos,original,Ricardo_Lagos,True,0.022098872810602188
./data/processed/test/Ricardo_Lagos/Ricardo_Lagos_0010.jpg,Ricardo_Lagos,mask_eyes,Ricardo_Lagos,True,0.021756744012236595
./data/processed/test/Ricardo_Lagos/Ricardo_Lagos_0010.jpg,Ricardo_Lagos,mask_nose,Ricardo_Lagos,True,0.02204904705286026
./data/processed/test/Ricardo_Lagos/Ricardo_Lagos_0010.jpg,Ricardo_Lagos,mask_mouth,Ricardo_Lagos,True,0.0221023578196764
./data/processed/test/Ricardo_Lagos/Ricardo_Lagos_0010.jpg,Ricardo_Lagos,mask_face_oval,Michael_Schumacher,False,0.010044380091130733
./data/processed/test/Ricardo_Lagos/Ricardo_Lagos_0010.jpg,Ricardo_Lagos,mask_outside_face,Ricardo_Lagos,True,0.01959853805601597
./data/processed/test/Ricardo_Lagos/Ricardo_Lagos_0010.jpg,Ricardo_Lagos,dark,Ricardo_Lagos,True,0.022066833451390266
./data/processed/test/Ricardo_Lagos/Ricardo_Lagos_0010.jpg,Ricardo_Lagos,bright,Ricardo_Lagos,True,0.022118302062153816
./data/processed/test/Ricardo_Lagos/Ricardo_Lagos_0012.jpg,Ricardo_Lagos,original,Ricardo_Lagos,True,0.021344488486647606
./data/processed/test/Ricardo_Lagos/Ricardo_Lagos_0012.jpg,Ricardo_Lagos,mask_eyes,Ricardo_Lagos,True,0.020348045974969864
./data/processed/test/Ricardo_Lagos/Ricardo_Lagos_0012.jpg,Ricardo_Lagos,mask_nose,Ricardo_Lagos,True,0.021494191139936447
./data/processed/test/Ricardo_Lagos/Ricardo_Lagos_0012.jpg,Ricardo_Lagos,mask_mouth,Ricardo_Lagos,True,0.021533343940973282
./data/processed/test/Ricardo_Lagos/Ricardo_Lagos_0012.jpg,Ricardo_Lagos,mask_face_oval,Michael_Schumacher,False,0.010574959218502045
./data/processed/test/Ricardo_Lagos/Ricardo_Lagos_0012.jpg,Ricardo_Lagos,mask_outside_face,Ricardo_Lagos,True,0.012988924980163574
./data/processed/test/Ricardo_Lagos/Ricardo_Lagos_0012.jpg,Ricardo_Lagos,dark,Ricardo_Lagos,True,0.020847558975219727
./data/processed/test/Ricardo_Lagos/Ricardo_Lagos_0012.jpg,Ricardo_Lagos,bright,Ricardo_Lagos,True,0.020972374826669693
./data/processed/test/Ricardo_Lagos/Ricardo_Lagos_0014.jpg,Ricardo_Lagos,original,Ricardo_Lagos,True,0.020800717175006866
./data/processed/test/Ricardo_Lagos/Ricardo_Lagos_0014.jpg,Ricardo_Lagos,mask_eyes,Ricardo_Lagos,True,0.018415095284581184
./data/processed/test/Ricardo_Lagos/Ricardo_Lagos_0014.jpg,Ricardo_Lagos,mask_nose,Ricardo_Lagos,True,0.01980501040816307
./data/processed/test/Ricardo_Lagos/Ricardo_Lagos_0014.jpg,Ricardo_Lagos,mask_mouth,Ricardo_Lagos,True,0.020816108211874962
./data/processed/test/Ricardo_Lagos/Ricardo_Lagos_0014.jpg,Ricardo_Lagos,mask_face_oval,Hugo_Chavez,False,0.009898129850625992
./data/processed/test/Ricardo_Lagos/Ricardo_Lagos_0014.jpg,Ricardo_Lagos,mask_outside_face,Ricardo_Lagos,True,0.017509642988443375
./data/processed/test/Ricardo_Lagos/Ricardo_Lagos_0014.jpg,Ricardo_Lagos,dark,Ricardo_Lagos,True,0.019371604546904564
./data/processed/test/Ricardo_Lagos/Ricardo_Lagos_0014.jpg,Ricardo_Lagos,bright,Ricardo_Lagos,True,0.021543122828006744
./data/processed/test/Ricardo_Lagos/Ricardo_Lagos_0022.jpg,Ricardo_Lagos,original,Ricardo_Lagos,True,0.021928997710347176
./data/processed/test/Ricardo_Lagos/Ricardo_Lagos_0022.jpg,Ricardo_Lagos,mask_eyes,Ricardo_Lagos,True,0.02151927351951599
./data/processed/test/Ricardo_Lagos/Ricardo_Lagos_0022.jpg,Ricardo_Lagos,mask_nose,Ricardo_Lagos,True,0.021972205489873886
./data/processed/test/Ricardo_Lagos/Ricardo_Lagos_0022.jpg,Ricardo_Lagos,mask_mouth,Ricardo_Lagos,True,0.021999787539243698
./data/processed/test/Ricardo_Lagos/Ricardo_Lagos_0022.jpg,Ricardo_Lagos,mask_face_oval,Michael_Schumacher,False,0.010569671168923378
./data/processed/test/Ricardo_Lagos/Ricardo_Lagos_0022.jpg,Ricardo_Lagos,mask_outside_face,Ricardo_Lagos,True,0.019764117896556854
./data/processed/test/Ricardo_Lagos/Ricardo_Lagos_0022.jpg,Ricardo_Lagos,dark,Ricardo_Lagos,True,0.021668815985322
./data/processed/test/Ricardo_Lagos/Ricardo_Lagos_0022.jpg,Ricardo_Lagos,bright,Ricardo_Lagos,True,0.021863199770450592
./data/processed/test/Richard_Gephardt/Richard_Gephardt_0001.jpg,Richard_Gephardt,original,Gerhard_Schroeder,False,0.01451508142054081
./data/processed/test/Richard_Gephardt/Richard_Gephardt_0001.jpg,Richard_Gephardt,mask_eyes,Gerhard_Schroeder,False,0.016038550063967705
./data/processed/test/Richard_Gephardt/Richard_Gephardt_0001.jpg,Richard_Gephardt,mask_nose,Gerhard_Schroeder,False,0.016384825110435486
./data/processed/test/Richard_Gephardt/Richard_Gephardt_0001.jpg,Richard_Gephardt,mask_mouth,Gerhard_Schroeder,False,0.014126284047961235
./data/processed/test/Richard_Gephardt/Richard_Gephardt_0001.jpg,Richard_Gephardt,mask_face_oval,Jiang_Zemin,False,0.009952963329851627
./data/processed/test/Richard_Gephardt/Richard_Gephardt_0001.jpg,Richard_Gephardt,mask_outside_face,Colin_Powell,False,0.011974209919571877
./data/processed/test/Richard_Gephardt/Richard_Gephardt_0001.jpg,Richard_Gephardt,dark,Gerhard_Schroeder,False,0.013757267035543919
./data/processed/test/Richard_Gephardt/Richard_Gephardt_0001.jpg,Richard_Gephardt,bright,Gerhard_Schroeder,False,0.014765309169888496
./data/processed/test/Richard_Gephardt/Richard_Gephardt_0006.jpg,Richard_Gephardt,original,Gray_Davis,False,0.012507802806794643
./data/processed/test/Richard_Gephardt/Richard_Gephardt_0006.jpg,Richard_Gephardt,mask_eyes,Gerhard_Schroeder,False,0.014083455316722393
./data/processed/test/Richard_Gephardt/Richard_Gephardt_0006.jpg,Richard_Gephardt,mask_nose,Gray_Davis,False,0.01316443644464016
./data/processed/test/Richard_Gephardt/Richard_Gephardt_0006.jpg,Richard_Gephardt,mask_mouth,Gray_Davis,False,0.012693293392658234
./data/processed/test/Richard_Gephardt/Richard_Gephardt_0006.jpg,Richard_Gephardt,mask_face_oval,Tony_Blair,False,0.009618322364985943
./data/processed/test/Richard_Gephardt/Richard_Gephardt_0006.jpg,Richard_Gephardt,mask_outside_face,Gray_Davis,False,0.012728137895464897
./data/processed/test/Richard_Gephardt/Richard_Gephardt_0006.jpg,Richard_Gephardt,dark,Gray_Davis,False,0.011911626905202866
./data/processed/test/Richard_Gephardt/Richard_Gephardt_0006.jpg,Richard_Gephardt,bright,Gray_Davis,False,0.012950473465025425
./data/processed/test/Richard_Gephardt/Richard_Gephardt_0010.jpg,Richard_Gephardt,original,Gray_Davis,False,0.011958159506320953
./data/processed/test/Richard_Gephardt/Richard_Gephardt_0010.jpg,Richard_Gephardt,mask_eyes,Gray_Davis,False,0.011800875887274742
./data/processed/test/Richard_Gephardt/Richard_Gephardt_0010.jpg,Richard_Gephardt,mask_nose,Gray_Davis,False,0.013032646849751472
./data/processed/test/Richard_Gephardt/Richard_Gephardt_0010.jpg,Richard_Gephardt,mask_mouth,Gray_Davis,False,0.011861451901495457
./data/processed/test/Richard_Gephardt/Richard_Gephardt_0010.jpg,Richard_Gephardt,mask_face_oval,Michael_Schumacher,False,0.009848206304013729
./data/processed/test/Richard_Gephardt/Richard_Gephardt_0010.jpg,Richard_Gephardt,mask_outside_face,Colin_Powell,False,0.012591519393026829
./data/processed/test/Richard_Gephardt/Richard_Gephardt_0010.jpg,Richard_Gephardt,dark,Richard_Gephardt,True,0.0117546571418643
./data/processed/test/Richard_Gephardt/Richard_Gephardt_0010.jpg,Richard_Gephardt,bright,Gray_Davis,False,0.012099536135792732
./data/processed/test/Richard_Gere/Richard_Gere_0002.jpg,Richard_Gere,original,Alvaro_Uribe,False,0.010926377028226852
./data/processed/test/Richard_Gere/Richard_Gere_0002.jpg,Richard_Gere,mask_eyes,Alvaro_Uribe,False,0.012983592227101326
./data/processed/test/Richard_Gere/Richard_Gere_0002.jpg,Richard_Gere,mask_nose,Junichiro_Koizumi,False,0.011453576385974884
./data/processed/test/Richard_Gere/Richard_Gere_0002.jpg,Richard_Gere,mask_mouth,Alvaro_Uribe,False,0.010807418264448643
./data/processed/test/Richard_Gere/Richard_Gere_0002.jpg,Richard_Gere,mask_face_oval,Jiang_Zemin,False,0.010062542743980885
./data/processed/test/Richard_Gere/Richard_Gere_0002.jpg,Richard_Gere,mask_outside_face,Colin_Powell,False,0.014353003352880478
./data/processed/test/Richard_Gere/Richard_Gere_0002.jpg,Richard_Gere,dark,Junichiro_Koizumi,False,0.010757877491414547
./data/processed/test/Richard_Gere/Richard_Gere_0002.jpg,Richard_Gere,bright,Alvaro_Uribe,False,0.010644542053341866
./data/processed/test/Richard_Gere/Richard_Gere_0009.jpg,Richard_Gere,original,Bill_Clinton,False,0.011299803853034973
./data/processed/test/Richard_Gere/Richard_Gere_0009.jpg,Richard_Gere,mask_eyes,Vicente_Fox,False,0.0110982246696949
./data/processed/test/Richard_Gere/Richard_Gere_0009.jpg,Richard_Gere,mask_nose,Bill_Clinton,False,0.010867205448448658
./data/processed/test/Richard_Gere/Richard_Gere_0009.jpg,Richard_Gere,mask_mouth,Bill_Clinton,False,0.011138171888887882
./data/processed/test/Richard_Gere/Richard_Gere_0009.jpg,Richard_Gere,mask_face_oval,Michael_Schumacher,False,0.010744284838438034
./data/processed/test/Richard_Gere/Richard_Gere_0009.jpg,Richard_Gere,mask_outside_face,Vicente_Fox,False,0.011312222108244896
./data/processed/test/Richard_Gere/Richard_Gere_0009.jpg,Richard_Gere,dark,Gray_Davis,False,0.013426672667264938
./data/processed/test/Richard_Gere/Richard_Gere_0009.jpg,Richard_Gere,bright,Bill_Clinton,False,0.012233136221766472
./data/processed/test/Richard_Myers/Richard_Myers_0001.jpg,Richard_Myers,original,Richard_Myers,True,0.015845423564314842
./data/processed/test/Richard_Myers/Richard_Myers_0001.jpg,Richard_Myers,mask_eyes,Richard_Myers,True,0.01545797474682331
./data/processed/test/Richard_Myers/Richard_Myers_0001.jpg,Richard_Myers,mask_nose,Richard_Myers,True,0.01490707416087389
./data/processed/test/Richard_Myers/Richard_Myers_0001.jpg,Richard_Myers,mask_mouth,Richard_Myers,True,0.01588759757578373
./data/processed/test/Richard_Myers/Richard_Myers_0001.jpg,Richard_Myers,mask_face_oval,Michael_Schumacher,False,0.009934321977198124
./data/processed/test/Richard_Myers/Richard_Myers_0001.jpg,Richard_Myers,mask_outside_face,Richard_Myers,True,0.0114163001999259
./data/processed/test/Richard_Myers/Richard_Myers_0001.jpg,Richard_Myers,dark,Richard_Myers,True,0.015462198294699192
./data/processed/test/Richard_Myers/Richard_Myers_0001.jpg,Richard_Myers,bright,Richard_Myers,True,0.0157439187169075
./data/processed/test/Richard_Myers/Richard_Myers_0002.jpg,Richard_Myers,original,Richard_Myers,True,0.015884093940258026
./data/processed/test/Richard_Myers/Richard_Myers_0002.jpg,Richard_Myers,mask_eyes,Richard_Myers,True,0.01541584450751543
./data/processed/test/Richard_Myers/Richard_Myers_0002.jpg,Richard_Myers,mask_nose,Richard_Myers,True,0.015198071487247944
./data/processed/test/Richard_Myers/Richard_Myers_0002.jpg,Richard_Myers,mask_mouth,Richard_Myers,True,0.01557131391018629
./data/processed/test/Richard_Myers/Richard_Myers_0002.jpg,Richard_Myers,mask_face_oval,Michael_Schumacher,False,0.009263202548027039
./data/processed/test/Richard_Myers/Richard_Myers_0002.jpg,Richard_Myers,mask_outside_face,Richard_Myers,True,0.013017415069043636
./data/processed/test/Richard_Myers/Richard_Myers_0002.jpg,Richard_Myers,dark,Richard_Myers,True,0.015632884576916695
./data/processed/test/Richard_Myers/Richard_Myers_0002.jpg,Richard_Myers,bright,Richard_Myers,True,0.01590806618332863
./data/processed/test/Richard_Myers/Richard_Myers_0006.jpg,Richard_Myers,original,Richard_Myers,True,0.014367569237947464
./data/processed/test/Richard_Myers/Richard_Myers_0006.jpg,Richard_Myers,mask_eyes,Richard_Myers,True,0.012831625528633595
./data/processed/test/Richard_Myers/Richard_Myers_0006.jpg,Richard_Myers,mask_nose,Richard_Myers,True,0.011419583112001419
./data/processed/test/Richard_Myers/Richard_Myers_0006.jpg,Richard_Myers,mask_mouth,Richard_Myers,True,0.013543098233640194
./data/processed/test/Richard_Myers/Richard_Myers_0006.jpg,Richard_Myers,mask_face_oval,Hugo_Chavez,False,0.012191403657197952
./data/processed/test/Richard_Myers/Richard_Myers_0006.jpg,Richard_Myers,mask_outside_face,Michael_Bloomberg,False,0.009466555900871754
./data/processed/test/Richard_Myers/Richard_Myers_0006.jpg,Richard_Myers,dark,Richard_Myers,True,0.013094338588416576
./data/processed/test/Richard_Myers/Richard_Myers_0006.jpg,Richard_Myers,bright,Richard_Myers,True,0.014481196179986
./data/processed/test/Richard_Myers/Richard_Myers_0009.jpg,Richard_Myers,original,Richard_Myers,True,0.016020530834794044
./data/processed/test/Richard_Myers/Richard_Myers_0009.jpg,Richard_Myers,mask_eyes,Richard_Myers,True,0.015634706243872643
./data/processed/test/Richard_Myers/Richard_Myers_0009.jpg,Richard_Myers,mask_nose,Richard_Myers,True,0.015736553817987442
./data/processed/test/Richard_Myers/Richard_Myers_0009.jpg,Richard_Myers,mask_mouth,Richard_Myers,True,0.015952695161104202
./data/processed/test/Richard_Myers/Richard_Myers_0009.jpg,Richard_Myers,mask_face_oval,Michael_Schumacher,False,0.010552684776484966
./data/processed/test/Richard_Myers/Richard_Myers_0009.jpg,Richard_Myers,mask_outside_face,Richard_Myers,True,0.012195203453302383
./data/processed/test/Richard_Myers/Richard_Myers_0009.jpg,Richard_Myers,dark,Richard_Myers,True,0.015925142914056778
./data/processed/test/Richard_Myers/Richard_Myers_0009.jpg,Richard_Myers,bright,Richard_Myers,True,0.015354417264461517
./data/processed/test/Roger_Federer/Roger_Federer_0001.jpg,Roger_Federer,original,Jose_Maria_Aznar,False,0.013510521501302719
./data/processed/test/Roger_Federer/Roger_Federer_0001.jpg,Roger_Federer,mask_eyes,Jose_Maria_Aznar,False,0.013482008129358292
./data/processed/test/Roger_Federer/Roger_Federer_0001.jpg,Roger_Federer,mask_nose,Jose_Maria_Aznar,False,0.01429723296314478
./data/processed/test/Roger_Federer/Roger_Federer_0001.jpg,Roger_Federer,mask_mouth,Jose_Maria_Aznar,False,0.014458681456744671
./data/processed/test/Roger_Federer/Roger_Federer_0001.jpg,Roger_Federer,mask_face_oval,Alejandro_Toledo,False,0.010499195195734501
./data/processed/test/Roger_Federer/Roger_Federer_0001.jpg,Roger_Federer,mask_outside_face,Roger_Federer,True,0.012117806822061539
./data/processed/test/Roger_Federer/Roger_Federer_0001.jpg,Roger_Federer,dark,Jose_Maria_Aznar,False,0.013435931876301765
./data/processed/test/Roger_Federer/Roger_Federer_0001.jpg,Roger_Federer,bright,Jose_Maria_Aznar,False,0.013665815815329552
./data/processed/test/Roger_Federer/Roger_Federer_0010.jpg,Roger_Federer,original,Jose_Maria_Aznar,False,0.013087529689073563
./data/processed/test/Roger_Federer/Roger_Federer_0010.jpg,Roger_Federer,mask_eyes,Jose_Maria_Aznar,False,0.013199756853282452
./data/processed/test/Roger_Federer/Roger_Federer_0010.jpg,Roger_Federer,mask_nose,Jose_Maria_Aznar,False,0.013312259688973427
./data/processed/test/Roger_Federer/Roger_Federer_0010.jpg,Roger_Federer,mask_mouth,Jose_Maria_Aznar,False,0.013425827026367188
./data/processed/test/Roger_Federer/Roger_Federer_0010.jpg,Roger_Federer,mask_face_oval,Hugo_Chavez,False,0.011712143197655678
./data/processed/test/Roger_Federer/Roger_Federer_0010.jpg,Roger_Federer,mask_outside_face,Jose_Maria_Aznar,False,0.012960405088961124
./data/processed/test/Roger_Federer/Roger_Federer_0010.jpg,Roger_Federer,dark,Roger_Federer,True,0.012863533571362495
./data/processed/test/Roger_Federer/Roger_Federer_0010.jpg,Roger_Federer,bright,Andre_Agassi,False,0.015465417876839638
./data/processed/test/Roger_Federer/Roger_Federer_0012.jpg,Roger_Federer,original,Roger_Federer,True,0.012768997810781002
./data/processed/test/Roger_Federer/Roger_Federer_0012.jpg,Roger_Federer,mask_eyes,Roger_Federer,True,0.010373789817094803
./data/processed/test/Roger_Federer/Roger_Federer_0012.jpg,Roger_Federer,mask_nose,Jose_Maria_Aznar,False,0.012530718930065632
./data/processed/test/Roger_Federer/Roger_Federer_0012.jpg,Roger_Federer,mask_mouth,Roger_Federer,True,0.012590283527970314
./data/processed/test/Roger_Federer/Roger_Federer_0012.jpg,Roger_Federer,mask_face_oval,Michael_Schumacher,False,0.010924565605819225
./data/processed/test/Roger_Federer/Roger_Federer_0012.jpg,Roger_Federer,mask_outside_face,Roger_Federer,True,0.012454364448785782
./data/processed/test/Roger_Federer/Roger_Federer_0012.jpg,Roger_Federer,dark,Roger_Federer,True,0.012622607871890068
./data/processed/test/Roger_Federer/Roger_Federer_0012.jpg,Roger_Federer,bright,Jose_Maria_Aznar,False,0.012798975221812725
./data/processed/test/Roh_Moo-hyun/Roh_Moo-hyun_0009.jpg,Roh_Moo-hyun,original,Roh_Moo-hyun,True,0.026742571964859962
./data/processed/test/Roh_Moo-hyun/Roh_Moo-hyun_0009.jpg,Roh_Moo-hyun,mask_eyes,Roh_Moo-hyun,True,0.02641231194138527
./data/processed/test/Roh_Moo-hyun/Roh_Moo-hyun_0009.jpg,Roh_Moo-hyun,mask_nose,Roh_Moo-hyun,True,0.026510655879974365
./data/processed/test/Roh_Moo-hyun/Roh_Moo-hyun_0009.jpg,Roh_Moo-hyun,mask_mouth,Roh_Moo-hyun,True,0.026723258197307587
./data/processed/test/Roh_Moo-hyun/Roh_Moo-hyun_0009.jpg,Roh_Moo-hyun,mask_face_oval,Arnold_Schwarzenegger,False,0.011614467017352581
./data/processed/test/Roh_Moo-hyun/Roh_Moo-hyun_0009.jpg,Roh_Moo-hyun,mask_outside_face,Roh_Moo-hyun,True,0.025915291160345078
./data/processed/test/Roh_Moo-hyun/Roh_Moo-hyun_0009.jpg,Roh_Moo-hyun,dark,Roh_Moo-hyun,True,0.026715530082583427
./data/processed/test/Roh_Moo-hyun/Roh_Moo-hyun_0009.jpg,Roh_Moo-hyun,bright,Roh_Moo-hyun,True,0.026698440313339233
./data/processed/test/Roh_Moo-hyun/Roh_Moo-hyun_0010.jpg,Roh_Moo-hyun,original,Roh_Moo-hyun,True,0.026693204417824745
./data/processed/test/Roh_Moo-hyun/Roh_Moo-hyun_0010.jpg,Roh_Moo-hyun,mask_eyes,Roh_Moo-hyun,True,0.026609109714627266
./data/processed/test/Roh_Moo-hyun/Roh_Moo-hyun_0010.jpg,Roh_Moo-hyun,mask_nose,Roh_Moo-hyun,True,0.026663927361369133
./data/processed/test/Roh_Moo-hyun/Roh_Moo-hyun_0010.jpg,Roh_Moo-hyun,mask_mouth,Roh_Moo-hyun,True,0.026693016290664673
./data/processed/test/Roh_Moo-hyun/Roh_Moo-hyun_0010.jpg,Roh_Moo-hyun,mask_face_oval,Jose_Maria_Aznar,False,0.011333337984979153
./data/processed/test/Roh_Moo-hyun/Roh_Moo-hyun_0010.jpg,Roh_Moo-hyun,mask_outside_face,Roh_Moo-hyun,True,0.026234762743115425
./data/processed/test/Roh_Moo-hyun/Roh_Moo-hyun_0010.jpg,Roh_Moo-hyun,dark,Roh_Moo-hyun,True,0.02669357694685459
./data/processed/test/Roh_Moo-hyun/Roh_Moo-hyun_0010.jpg,Roh_Moo-hyun,bright,Roh_Moo-hyun,True,0.026689298450946808
./data/processed/test/Roh_Moo-hyun/Roh_Moo-hyun_0016.jpg,Roh_Moo-hyun,original,Roh_Moo-hyun,True,0.026656029745936394
./data/processed/test/Roh_Moo-hyun/Roh_Moo-hyun_0016.jpg,Roh_Moo-hyun,mask_eyes,Roh_Moo-hyun,True,0.026479745283722878
./data/processed/test/Roh_Moo-hyun/Roh_Moo-hyun_0016.jpg,Roh_Moo-hyun,mask_nose,Roh_Moo-hyun,True,0.02658218890428543
./data/processed/test/Roh_Moo-hyun/Roh_Moo-hyun_0016.jpg,Roh_Moo-hyun,mask_mouth,Roh_Moo-hyun,True,0.026644648984074593
./data/processed/test/Roh_Moo-hyun/Roh_Moo-hyun_0016.jpg,Roh_Moo-hyun,mask_face_oval,Arnold_Schwarzenegger,False,0.012613561004400253
./data/processed/test/Roh_Moo-hyun/Roh_Moo-hyun_0016.jpg,Roh_Moo-hyun,mask_outside_face,Roh_Moo-hyun,True,0.026296328753232956
./data/processed/test/Roh_Moo-hyun/Roh_Moo-hyun_0016.jpg,Roh_Moo-hyun,dark,Roh_Moo-hyun,True,0.02658711187541485
./data/processed/test/Roh_Moo-hyun/Roh_Moo-hyun_0016.jpg,Roh_Moo-hyun,bright,Roh_Moo-hyun,True,0.026645898818969727
./data/processed/test/Roh_Moo-hyun/Roh_Moo-hyun_0018.jpg,Roh_Moo-hyun,original,Roh_Moo-hyun,True,0.026576459407806396
./data/processed/test/Roh_Moo-hyun/Roh_Moo-hyun_0018.jpg,Roh_Moo-hyun,mask_eyes,Roh_Moo-hyun,True,0.026389382779598236
./data/processed/test/Roh_Moo-hyun/Roh_Moo-hyun_0018.jpg,Roh_Moo-hyun,mask_nose,Roh_Moo-hyun,True,0.02642638422548771
./data/processed/test/Roh_Moo-hyun/Roh_Moo-hyun_0018.jpg,Roh_Moo-hyun,mask_mouth,Roh_Moo-hyun,True,0.026568720117211342
./data/processed/test/Roh_Moo-hyun/Roh_Moo-hyun_0018.jpg,Roh_Moo-hyun,mask_face_oval,Arnold_Schwarzenegger,False,0.012325754389166832
./data/processed/test/Roh_Moo-hyun/Roh_Moo-hyun_0018.jpg,Roh_Moo-hyun,mask_outside_face,Roh_Moo-hyun,True,0.026053113862872124
./data/processed/test/Roh_Moo-hyun/Roh_Moo-hyun_0018.jpg,Roh_Moo-hyun,dark,Roh_Moo-hyun,True,0.02654515765607357
./data/processed/test/Roh_Moo-hyun/Roh_Moo-hyun_0018.jpg,Roh_Moo-hyun,bright,Roh_Moo-hyun,True,0.026630908250808716
./data/processed/test/Roh_Moo-hyun/Roh_Moo-hyun_0025.jpg,Roh_Moo-hyun,original,Roh_Moo-hyun,True,0.02630009688436985
./data/processed/test/Roh_Moo-hyun/Roh_Moo-hyun_0025.jpg,Roh_Moo-hyun,mask_eyes,Roh_Moo-hyun,True,0.015825917944312096
./data/processed/test/Roh_Moo-hyun/Roh_Moo-hyun_0025.jpg,Roh_Moo-hyun,mask_nose,Roh_Moo-hyun,True,0.025854652747511864
./data/processed/test/Roh_Moo-hyun/Roh_Moo-hyun_0025.jpg,Roh_Moo-hyun,mask_mouth,Roh_Moo-hyun,True,0.02631988562643528
./data/processed/test/Roh_Moo-hyun/Roh_Moo-hyun_0025.jpg,Roh_Moo-hyun,mask_face_oval,Arnold_Schwarzenegger,False,0.01068203430622816
./data/processed/test/Roh_Moo-hyun/Roh_Moo-hyun_0025.jpg,Roh_Moo-hyun,mask_outside_face,Roh_Moo-hyun,True,0.016921717673540115
./data/processed/test/Roh_Moo-hyun/Roh_Moo-hyun_0025.jpg,Roh_Moo-hyun,dark,Roh_Moo-hyun,True,0.02629428170621395
./data/processed/test/Roh_Moo-hyun/Roh_Moo-hyun_0025.jpg,Roh_Moo-hyun,bright,Roh_Moo-hyun,True,0.026193123310804367
./data/processed/test/Roh_Moo-hyun/Roh_Moo-hyun_0030.jpg,Roh_Moo-hyun,original,Roh_Moo-hyun,True,0.026598041877150536
./data/processed/test/Roh_Moo-hyun/Roh_Moo-hyun_0030.jpg,Roh_Moo-hyun,mask_eyes,Roh_Moo-hyun,True,0.025942537933588028
./data/processed/test/Roh_Moo-hyun/Roh_Moo-hyun_0030.jpg,Roh_Moo-hyun,mask_nose,Roh_Moo-hyun,True,0.026449894532561302
./data/processed/test/Roh_Moo-hyun/Roh_Moo-hyun_0030.jpg,Roh_Moo-hyun,mask_mouth,Roh_Moo-hyun,True,0.026583082973957062
./data/processed/test/Roh_Moo-hyun/Roh_Moo-hyun_0030.jpg,Roh_Moo-hyun,mask_face_oval,Hugo_Chavez,False,0.011896196752786636
./data/processed/test/Roh_Moo-hyun/Roh_Moo-hyun_0030.jpg,Roh_Moo-hyun,mask_outside_face,Roh_Moo-hyun,True,0.0251958966255188
./data/processed/test/Roh_Moo-hyun/Roh_Moo-hyun_0030.jpg,Roh_Moo-hyun,dark,Roh_Moo-hyun,True,0.02665991336107254
./data/processed/test/Roh_Moo-hyun/Roh_Moo-hyun_0030.jpg,Roh_Moo-hyun,bright,Roh_Moo-hyun,True,0.026598671451210976
./data/processed/test/Roh_Moo-hyun/Roh_Moo-hyun_0031.jpg,Roh_Moo-hyun,original,Roh_Moo-hyun,True,0.0260680690407753
./data/processed/test/Roh_Moo-hyun/Roh_Moo-hyun_0031.jpg,Roh_Moo-hyun,mask_eyes,Roh_Moo-hyun,True,0.025985796004533768
./data/processed/test/Roh_Moo-hyun/Roh_Moo-hyun_0031.jpg,Roh_Moo-hyun,mask_nose,Roh_Moo-hyun,True,0.0258412417024374
./data/processed/test/Roh_Moo-hyun/Roh_Moo-hyun_0031.jpg,Roh_Moo-hyun,mask_mouth,Roh_Moo-hyun,True,0.025978809222579002
./data/processed/test/Roh_Moo-hyun/Roh_Moo-hyun_0031.jpg,Roh_Moo-hyun,mask_face_oval,Arnold_Schwarzenegger,False,0.013209489174187183
./data/processed/test/Roh_Moo-hyun/Roh_Moo-hyun_0031.jpg,Roh_Moo-hyun,mask_outside_face,Roh_Moo-hyun,True,0.02237788215279579
./data/processed/test/Roh_Moo-hyun/Roh_Moo-hyun_0031.jpg,Roh_Moo-hyun,dark,Roh_Moo-hyun,True,0.02609926648437977
./data/processed/test/Roh_Moo-hyun/Roh_Moo-hyun_0031.jpg,Roh_Moo-hyun,bright,Roh_Moo-hyun,True,0.025412680581212044
./data/processed/test/Rubens_Barrichello/Rubens_Barrichello_0001.jpg,Rubens_Barrichello,original,Michael_Schumacher,False,0.010094054043293
./data/processed/test/Rubens_Barrichello/Rubens_Barrichello_0001.jpg,Rubens_Barrichello,mask_eyes,Michael_Schumacher,False,0.010948430746793747
./data/processed/test/Rubens_Barrichello/Rubens_Barrichello_0001.jpg,Rubens_Barrichello,mask_nose,Hugo_Chavez,False,0.00969625636935234
./data/processed/test/Rubens_Barrichello/Rubens_Barrichello_0001.jpg,Rubens_Barrichello,mask_mouth,Hugo_Chavez,False,0.010044511407613754
./data/processed/test/Rubens_Barrichello/Rubens_Barrichello_0001.jpg,Rubens_Barrichello,mask_face_oval,Michael_Schumacher,False,0.011949200183153152
./data/processed/test/Rubens_Barrichello/Rubens_Barrichello_0001.jpg,Rubens_Barrichello,mask_outside_face,Roger_Federer,False,0.009882122278213501
./data/processed/test/Rubens_Barrichello/Rubens_Barrichello_0001.jpg,Rubens_Barrichello,dark,Michael_Schumacher,False,0.00977396685630083
./data/processed/test/Rubens_Barrichello/Rubens_Barrichello_0001.jpg,Rubens_Barrichello,bright,Michael_Schumacher,False,0.009848404675722122
./data/processed/test/Rubens_Barrichello/Rubens_Barrichello_0010.jpg,Rubens_Barrichello,original,Rubens_Barrichello,True,0.009892711415886879
./data/processed/test/Rubens_Barrichello/Rubens_Barrichello_0010.jpg,Rubens_Barrichello,mask_eyes,Rubens_Barrichello,True,0.009946955367922783
./data/processed/test/Rubens_Barrichello/Rubens_Barrichello_0010.jpg,Rubens_Barrichello,mask_nose,Jacques_Chirac,False,0.009826804511249065
./data/processed/test/Rubens_Barrichello/Rubens_Barrichello_0010.jpg,Rubens_Barrichello,mask_mouth,Rubens_Barrichello,True,0.00976647064089775
./data/processed/test/Rubens_Barrichello/Rubens_Barrichello_0010.jpg,Rubens_Barrichello,mask_face_oval,Hugo_Chavez,False,0.01149662584066391
./data/processed/test/Rubens_Barrichello/Rubens_Barrichello_0010.jpg,Rubens_Barrichello,mask_outside_face,David_Beckham,False,0.009663918986916542
./data/processed/test/Rubens_Barrichello/Rubens_Barrichello_0010.jpg,Rubens_Barrichello,dark,Rubens_Barrichello,True,0.009884314611554146
./data/processed/test/Rubens_Barrichello/Rubens_Barrichello_0010.jpg,Rubens_Barrichello,bright,Rubens_Barrichello,True,0.00976286455988884
./data/processed/test/Rubens_Barrichello/Rubens_Barrichello_0011.jpg,Rubens_Barrichello,original,David_Beckham,False,0.015079923905432224
./data/processed/test/Rubens_Barrichello/Rubens_Barrichello_0011.jpg,Rubens_Barrichello,mask_eyes,David_Beckham,False,0.01185545977205038
./data/processed/test/Rubens_Barrichello/Rubens_Barrichello_0011.jpg,Rubens_Barrichello,mask_nose,David_Beckham,False,0.014841453172266483
./data/processed/test/Rubens_Barrichello/Rubens_Barrichello_0011.jpg,Rubens_Barrichello,mask_mouth,David_Beckham,False,0.014043997973203659
./data/processed/test/Rubens_Barrichello/Rubens_Barrichello_0011.jpg,Rubens_Barrichello,mask_face_oval,Michael_Schumacher,False,0.010128604248166084
./data/processed/test/Rubens_Barrichello/Rubens_Barrichello_0011.jpg,Rubens_Barrichello,mask_outside_face,David_Beckham,False,0.013836902566254139
./data/processed/test/Rubens_Barrichello/Rubens_Barrichello_0011.jpg,Rubens_Barrichello,dark,David_Beckham,False,0.01455928198993206
./data/processed/test/Rubens_Barrichello/Rubens_Barrichello_0011.jpg,Rubens_Barrichello,bright,David_Beckham,False,0.014302002266049385
./data/processed/test/Rudolph_Giuliani/Rudolph_Giuliani_0001.jpg,Rudolph_Giuliani,original,Rudolph_Giuliani,True,0.020393671467900276
./data/processed/test/Rudolph_Giuliani/Rudolph_Giuliani_0001.jpg,Rudolph_Giuliani,mask_eyes,Rudolph_Giuliani,True,0.021026192232966423
./data/processed/test/Rudolph_Giuliani/Rudolph_Giuliani_0001.jpg,Rudolph_Giuliani,mask_nose,Rudolph_Giuliani,True,0.020211700350046158
./data/processed/test/Rudolph_Giuliani/Rudolph_Giuliani_0001.jpg,Rudolph_Giuliani,mask_mouth,Rudolph_Giuliani,True,0.02020876109600067
./data/processed/test/Rudolph_Giuliani/Rudolph_Giuliani_0001.jpg,Rudolph_Giuliani,mask_face_oval,Jiang_Zemin,False,0.011371266096830368
./data/processed/test/Rudolph_Giuliani/Rudolph_Giuliani_0001.jpg,Rudolph_Giuliani,mask_outside_face,Rudolph_Giuliani,True,0.01644035056233406
./data/processed/test/Rudolph_Giuliani/Rudolph_Giuliani_0001.jpg,Rudolph_Giuliani,dark,Rudolph_Giuliani,True,0.019958464428782463
./data/processed/test/Rudolph_Giuliani/Rudolph_Giuliani_0001.jpg,Rudolph_Giuliani,bright,Rudolph_Giuliani,True,0.02038409933447838
./data/processed/test/Rudolph_Giuliani/Rudolph_Giuliani_0009.jpg,Rudolph_Giuliani,original,Rudolph_Giuliani,True,0.02179325744509697
./data/processed/test/Rudolph_Giuliani/Rudolph_Giuliani_0009.jpg,Rudolph_Giuliani,mask_eyes,Rudolph_Giuliani,True,0.021725181490182877
./data/processed/test/Rudolph_Giuliani/Rudolph_Giuliani_0009.jpg,Rudolph_Giuliani,mask_nose,Rudolph_Giuliani,True,0.0216514952480793
./data/processed/test/Rudolph_Giuliani/Rudolph_Giuliani_0009.jpg,Rudolph_Giuliani,mask_mouth,Rudolph_Giuliani,True,0.0217905193567276
./data/processed/test/Rudolph_Giuliani/Rudolph_Giuliani_0009.jpg,Rudolph_Giuliani,mask_face_oval,Arnold_Schwarzenegger,False,0.010616762563586235
./data/processed/test/Rudolph_Giuliani/Rudolph_Giuliani_0009.jpg,Rudolph_Giuliani,mask_outside_face,Rudolph_Giuliani,True,0.019574716687202454
./data/processed/test/Rudolph_Giuliani/Rudolph_Giuliani_0009.jpg,Rudolph_Giuliani,dark,Rudolph_Giuliani,True,0.02181447669863701
./data/processed/test/Rudolph_Giuliani/Rudolph_Giuliani_0009.jpg,Rudolph_Giuliani,bright,Rudolph_Giuliani,True,0.021686850115656853
./data/processed/test/Rudolph_Giuliani/Rudolph_Giuliani_0010.jpg,Rudolph_Giuliani,original,Rudolph_Giuliani,True,0.02054147608578205
./data/processed/test/Rudolph_Giuliani/Rudolph_Giuliani_0010.jpg,Rudolph_Giuliani,mask_eyes,Rudolph_Giuliani,True,0.018495678901672363
./data/processed/test/Rudolph_Giuliani/Rudolph_Giuliani_0010.jpg,Rudolph_Giuliani,mask_nose,Rudolph_Giuliani,True,0.01742834597826004
./data/processed/test/Rudolph_Giuliani/Rudolph_Giuliani_0010.jpg,Rudolph_Giuliani,mask_mouth,Rudolph_Giuliani,True,0.020912975072860718
./data/processed/test/Rudolph_Giuliani/Rudolph_Giuliani_0010.jpg,Rudolph_Giuliani,mask_face_oval,Jiang_Zemin,False,0.009964026510715485
./data/processed/test/Rudolph_Giuliani/Rudolph_Giuliani_0010.jpg,Rudolph_Giuliani,mask_outside_face,Rudolph_Giuliani,True,0.012108010239899158
./data/processed/test/Rudolph_Giuliani/Rudolph_Giuliani_0010.jpg,Rudolph_Giuliani,dark,Rudolph_Giuliani,True,0.02020125649869442
./data/processed/test/Rudolph_Giuliani/Rudolph_Giuliani_0010.jpg,Rudolph_Giuliani,bright,Rudolph_Giuliani,True,0.018986357375979424
./data/processed/test/Rudolph_Giuliani/Rudolph_Giuliani_0012.jpg,Rudolph_Giuliani,original,Rudolph_Giuliani,True,0.021076781675219536
./data/processed/test/Rudolph_Giuliani/Rudolph_Giuliani_0012.jpg,Rudolph_Giuliani,mask_eyes,Rudolph_Giuliani,True,0.019160669296979904
./data/processed/test/Rudolph_Giuliani/Rudolph_Giuliani_0012.jpg,Rudolph_Giuliani,mask_nose,Rudolph_Giuliani,True,0.020046480000019073
./data/processed/test/Rudolph_Giuliani/Rudolph_Giuliani_0012.jpg,Rudolph_Giuliani,mask_mouth,Rudolph_Giuliani,True,0.020914142951369286
./data/processed/test/Rudolph_Giuliani/Rudolph_Giuliani_0012.jpg,Rudolph_Giuliani,mask_face_oval,Hugo_Chavez,False,0.012041782028973103
./data/processed/test/Rudolph_Giuliani/Rudolph_Giuliani_0012.jpg,Rudolph_Giuliani,mask_outside_face,Rudolph_Giuliani,True,0.011943177320063114
./data/processed/test/Rudolph_Giuliani/Rudolph_Giuliani_0012.jpg,Rudolph_Giuliani,dark,Rudolph_Giuliani,True,0.019931374117732048
./data/processed/test/Rudolph_Giuliani/Rudolph_Giuliani_0012.jpg,Rudolph_Giuliani,bright,Rudolph_Giuliani,True,0.020649444311857224
./data/processed/test/Rudolph_Giuliani/Rudolph_Giuliani_0017.jpg,Rudolph_Giuliani,original,Rudolph_Giuliani,True,0.019797546789050102
./data/processed/test/Rudolph_Giuliani/Rudolph_Giuliani_0017.jpg,Rudolph_Giuliani,mask_eyes,Rudolph_Giuliani,True,0.020052282139658928
./data/processed/test/Rudolph_Giuliani/Rudolph_Giuliani_0017.jpg,Rudolph_Giuliani,mask_nose,Rudolph_Giuliani,True,0.019926197826862335
./data/processed/test/Rudolph_Giuliani/Rudolph_Giuliani_0017.jpg,Rudolph_Giuliani,mask_mouth,Rudolph_Giuliani,True,0.018662819638848305
./data/processed/test/Rudolph_Giuliani/Rudolph_Giuliani_0017.jpg,Rudolph_Giuliani,mask_face_oval,Michael_Schumacher,False,0.011328727938234806
./data/processed/test/Rudolph_Giuliani/Rudolph_Giuliani_0017.jpg,Rudolph_Giuliani,mask_outside_face,John_Howard,False,0.015658028423786163
./data/processed/test/Rudolph_Giuliani/Rudolph_Giuliani_0017.jpg,Rudolph_Giuliani,dark,Rudolph_Giuliani,True,0.019407931715250015
./data/processed/test/Rudolph_Giuliani/Rudolph_Giuliani_0017.jpg,Rudolph_Giuliani,bright,Rudolph_Giuliani,True,0.018975695595145226
./data/processed/test/Rudolph_Giuliani/Rudolph_Giuliani_0025.jpg,Rudolph_Giuliani,original,Rudolph_Giuliani,True,0.020350459963083267
./data/processed/test/Rudolph_Giuliani/Rudolph_Giuliani_0025.jpg,Rudolph_Giuliani,mask_eyes,Rudolph_Giuliani,True,0.020808245986700058
./data/processed/test/Rudolph_Giuliani/Rudolph_Giuliani_0025.jpg,Rudolph_Giuliani,mask_nose,Rudolph_Giuliani,True,0.019748244434595108
./data/processed/test/Rudolph_Giuliani/Rudolph_Giuliani_0025.jpg,Rudolph_Giuliani,mask_mouth,Rudolph_Giuliani,True,0.020064806565642357
./data/processed/test/Rudolph_Giuliani/Rudolph_Giuliani_0025.jpg,Rudolph_Giuliani,mask_face_oval,Hugo_Chavez,False,0.011369436047971249
./data/processed/test/Rudolph_Giuliani/Rudolph_Giuliani_0025.jpg,Rudolph_Giuliani,mask_outside_face,Rudolph_Giuliani,True,0.01747097820043564
./data/processed/test/Rudolph_Giuliani/Rudolph_Giuliani_0025.jpg,Rudolph_Giuliani,dark,Rudolph_Giuliani,True,0.02043049782514572
./data/processed/test/Rudolph_Giuliani/Rudolph_Giuliani_0025.jpg,Rudolph_Giuliani,bright,Rudolph_Giuliani,True,0.020850567147135735
./data/processed/test/Saddam_Hussein/Saddam_Hussein_0001.jpg,Saddam_Hussein,original,Saddam_Hussein,True,0.017778951674699783
./data/processed/test/Saddam_Hussein/Saddam_Hussein_0001.jpg,Saddam_Hussein,mask_eyes,Saddam_Hussein,True,0.01745622605085373
./data/processed/test/Saddam_Hussein/Saddam_Hussein_0001.jpg,Saddam_Hussein,mask_nose,Saddam_Hussein,True,0.017359748482704163
./data/processed/test/Saddam_Hussein/Saddam_Hussein_0001.jpg,Saddam_Hussein,mask_mouth,Saddam_Hussein,True,0.017629578709602356
./data/processed/test/Saddam_Hussein/Saddam_Hussein_0001.jpg,Saddam_Hussein,mask_face_oval,Jiang_Zemin,False,0.010151142254471779
./data/processed/test/Saddam_Hussein/Saddam_Hussein_0001.jpg,Saddam_Hussein,mask_outside_face,Saddam_Hussein,True,0.016930676996707916
./data/processed/test/Saddam_Hussein/Saddam_Hussein_0001.jpg,Saddam_Hussein,dark,Saddam_Hussein,True,0.017594056203961372
./data/processed/test/Saddam_Hussein/Saddam_Hussein_0001.jpg,Saddam_Hussein,bright,Saddam_Hussein,True,0.018031232059001923
./data/processed/test/Saddam_Hussein/Saddam_Hussein_0009.jpg,Saddam_Hussein,original,Saddam_Hussein,True,0.018697524443268776
./data/processed/test/Saddam_Hussein/Saddam_Hussein_0009.jpg,Saddam_Hussein,mask_eyes,Saddam_Hussein,True,0.01870001293718815
./data/processed/test/Saddam_Hussein/Saddam_Hussein_0009.jpg,Saddam_Hussein,mask_nose,Saddam_Hussein,True,0.018665244802832603
./data/processed/test/Saddam_Hussein/Saddam_Hussein_0009.jpg,Saddam_Hussein,mask_mouth,Saddam_Hussein,True,0.018285473808646202
./data/processed/test/Saddam_Hussein/Saddam_Hussein_0009.jpg,Saddam_Hussein,mask_face_oval,Arnold_Schwarzenegger,False,0.011919709853827953
./data/processed/test/Saddam_Hussein/Saddam_Hussein_0009.jpg,Saddam_Hussein,mask_outside_face,Saddam_Hussein,True,0.018391039222478867
./data/processed/test/Saddam_Hussein/Saddam_Hussein_0009.jpg,Saddam_Hussein,dark,Saddam_Hussein,True,0.018575752153992653
./data/processed/test/Saddam_Hussein/Saddam_Hussein_0009.jpg,Saddam_Hussein,bright,Saddam_Hussein,True,0.018724147230386734
./data/processed/test/Saddam_Hussein/Saddam_Hussein_0010.jpg,Saddam_Hussein,original,Vicente_Fox,False,0.01028897613286972
./data/processed/test/Saddam_Hussein/Saddam_Hussein_0010.jpg,Saddam_Hussein,mask_eyes,Vicente_Fox,False,0.009787438437342644
./data/processed/test/Saddam_Hussein/Saddam_Hussein_0010.jpg,Saddam_Hussein,mask_nose,Jose_Maria_Aznar,False,0.010228704661130905
./data/processed/test/Saddam_Hussein/Saddam_Hussein_0010.jpg,Saddam_Hussein,mask_mouth,Vicente_Fox,False,0.010645157657563686
./data/processed/test/Saddam_Hussein/Saddam_Hussein_0010.jpg,Saddam_Hussein,mask_face_oval,Hugo_Chavez,False,0.013802756555378437
./data/processed/test/Saddam_Hussein/Saddam_Hussein_0010.jpg,Saddam_Hussein,mask_outside_face,Vicente_Fox,False,0.010514075867831707
./data/processed/test/Saddam_Hussein/Saddam_Hussein_0010.jpg,Saddam_Hussein,dark,Vicente_Fox,False,0.01063082367181778
./data/processed/test/Saddam_Hussein/Saddam_Hussein_0010.jpg,Saddam_Hussein,bright,Michael_Schumacher,False,0.010207128711044788
./data/processed/test/Saddam_Hussein/Saddam_Hussein_0016.jpg,Saddam_Hussein,original,Saddam_Hussein,True,0.018319254741072655
./data/processed/test/Saddam_Hussein/Saddam_Hussein_0016.jpg,Saddam_Hussein,mask_eyes,Saddam_Hussein,True,0.01807437464594841
./data/processed/test/Saddam_Hussein/Saddam_Hussein_0016.jpg,Saddam_Hussein,mask_nose,Saddam_Hussein,True,0.018084127455949783
./data/processed/test/Saddam_Hussein/Saddam_Hussein_0016.jpg,Saddam_Hussein,mask_mouth,Saddam_Hussein,True,0.017816733568906784
./data/processed/test/Saddam_Hussein/Saddam_Hussein_0016.jpg,Saddam_Hussein,mask_face_oval,Gerhard_Schroeder,False,0.011413502506911755
./data/processed/test/Saddam_Hussein/Saddam_Hussein_0016.jpg,Saddam_Hussein,mask_outside_face,Saddam_Hussein,True,0.01762908697128296
./data/processed/test/Saddam_Hussein/Saddam_Hussein_0016.jpg,Saddam_Hussein,dark,Saddam_Hussein,True,0.018176859244704247
./data/processed/test/Saddam_Hussein/Saddam_Hussein_0016.jpg,Saddam_Hussein,bright,Saddam_Hussein,True,0.01842605695128441
./data/processed/test/Saddam_Hussein/Saddam_Hussein_0018.jpg,Saddam_Hussein,original,Saddam_Hussein,True,0.013740581460297108
./data/processed/test/Saddam_Hussein/Saddam_Hussein_0018.jpg,Saddam_Hussein,mask_eyes,Saddam_Hussein,True,0.01127298828214407
./data/processed/test/Saddam_Hussein/Saddam_Hussein_0018.jpg,Saddam_Hussein,mask_nose,Jiang_Zemin,False,0.012111992575228214
./data/processed/test/Saddam_Hussein/Saddam_Hussein_0018.jpg,Saddam_Hussein,mask_mouth,Saddam_Hussein,True,0.012252911925315857
./data/processed/test/Saddam_Hussein/Saddam_Hussein_0018.jpg,Saddam_Hussein,mask_face_oval,Hugo_Chavez,False,0.01015470176935196
./data/processed/test/Saddam_Hussein/Saddam_Hussein_0018.jpg,Saddam_Hussein,mask_outside_face,Hans_Blix,False,0.014862061478197575
./data/processed/test/Saddam_Hussein/Saddam_Hussein_0018.jpg,Saddam_Hussein,dark,Saddam_Hussein,True,0.012354289181530476
./data/processed/test/Saddam_Hussein/Saddam_Hussein_0018.jpg,Saddam_Hussein,bright,Saddam_Hussein,True,0.015533087775111198
./data/processed/test/Salma_Hayek/Salma_Hayek_0001.jpg,Salma_Hayek,original,Salma_Hayek,True,0.012503212317824364
./data/processed/test/Salma_Hayek/Salma_Hayek_0001.jpg,Salma_Hayek,mask_eyes,Salma_Hayek,True,0.012046102434396744
./data/processed/test/Salma_Hayek/Salma_Hayek_0001.jpg,Salma_Hayek,mask_nose,Salma_Hayek,True,0.012391801923513412
./data/processed/test/Salma_Hayek/Salma_Hayek_0001.jpg,Salma_Hayek,mask_mouth,Salma_Hayek,True,0.012428288348019123
./data/processed/test/Salma_Hayek/Salma_Hayek_0001.jpg,Salma_Hayek,mask_face_oval,Jiang_Zemin,False,0.010307960212230682
./data/processed/test/Salma_Hayek/Salma_Hayek_0001.jpg,Salma_Hayek,mask_outside_face,Winona_Ryder,False,0.010918186977505684
./data/processed/test/Salma_Hayek/Salma_Hayek_0001.jpg,Salma_Hayek,dark,Salma_Hayek,True,0.011887415312230587
./data/processed/test/Salma_Hayek/Salma_Hayek_0001.jpg,Salma_Hayek,bright,Salma_Hayek,True,0.01221894659101963
./data/processed/test/Salma_Hayek/Salma_Hayek_0010.jpg,Salma_Hayek,original,Salma_Hayek,True,0.012146271765232086
./data/processed/test/Salma_Hayek/Salma_Hayek_0010.jpg,Salma_Hayek,mask_eyes,Angelina_Jolie,False,0.011817947030067444
./data/processed/test/Salma_Hayek/Salma_Hayek_0010.jpg,Salma_Hayek,mask_nose,Salma_Hayek,True,0.011676469817757607
./data/processed/test/Salma_Hayek/Salma_Hayek_0010.jpg,Salma_Hayek,mask_mouth,Salma_Hayek,True,0.011901312507689
./data/processed/test/Salma_Hayek/Salma_Hayek_0010.jpg,Salma_Hayek,mask_face_oval,Hugo_Chavez,False,0.010119005106389523
./data/processed/test/Salma_Hayek/Salma_Hayek_0010.jpg,Salma_Hayek,mask_outside_face,Winona_Ryder,False,0.009971112944185734
./data/processed/test/Salma_Hayek/Salma_Hayek_0010.jpg,Salma_Hayek,dark,Salma_Hayek,True,0.011678313836455345
./data/processed/test/Salma_Hayek/Salma_Hayek_0010.jpg,Salma_Hayek,bright,Gloria_Macapagal_Arroyo,False,0.011864420026540756
./data/processed/test/Salma_Hayek/Salma_Hayek_0012.jpg,Salma_Hayek,original,Salma_Hayek,True,0.012521222233772278
./data/processed/test/Salma_Hayek/Salma_Hayek_0012.jpg,Salma_Hayek,mask_eyes,Salma_Hayek,True,0.011838906444609165
./data/processed/test/Salma_Hayek/Salma_Hayek_0012.jpg,Salma_Hayek,mask_nose,Salma_Hayek,True,0.01224841270595789
./data/processed/test/Salma_Hayek/Salma_Hayek_0012.jpg,Salma_Hayek,mask_mouth,Salma_Hayek,True,0.012480739504098892
./data/processed/test/Salma_Hayek/Salma_Hayek_0012.jpg,Salma_Hayek,mask_face_oval,Alejandro_Toledo,False,0.010695152916014194
./data/processed/test/Salma_Hayek/Salma_Hayek_0012.jpg,Salma_Hayek,mask_outside_face,Pete_Sampras,False,0.013148260302841663
./data/processed/test/Salma_Hayek/Salma_Hayek_0012.jpg,Salma_Hayek,dark,Salma_Hayek,True,0.012348069809377193
./data/processed/test/Salma_Hayek/Salma_Hayek_0012.jpg,Salma_Hayek,bright,Salma_Hayek,True,0.01239035464823246
./data/processed/test/Serena_Williams/Serena_Williams_0004.jpg,Serena_Williams,original,Serena_Williams,True,0.033493462949991226
./data/processed/test/Serena_Williams/Serena_Williams_0004.jpg,Serena_Williams,mask_eyes,Serena_Williams,True,0.03260474279522896
./data/processed/test/Serena_Williams/Serena_Williams_0004.jpg,Serena_Williams,mask_nose,Serena_Williams,True,0.03329794108867645
./data/processed/test/Serena_Williams/Serena_Williams_0004.jpg,Serena_Williams,mask_mouth,Serena_Williams,True,0.033396705985069275
./data/processed/test/Serena_Williams/Serena_Williams_0004.jpg,Serena_Williams,mask_face_oval,Hugo_Chavez,False,0.01282559148967266
./data/processed/test/Serena_Williams/Serena_Williams_0004.jpg,Serena_Williams,mask_outside_face,Serena_Williams,True,0.03337841480970383
./data/processed/test/Serena_Williams/Serena_Williams_0004.jpg,Serena_Williams,dark,Serena_Williams,True,0.03356882557272911
./data/processed/test/Serena_Williams/Serena_Williams_0004.jpg,Serena_Williams,bright,Serena_Williams,True,0.03344691917300224
./data/processed/test/Serena_Williams/Serena_Williams_0006.jpg,Serena_Williams,original,Serena_Williams,True,0.032921742647886276
./data/processed/test/Serena_Williams/Serena_Williams_0006.jpg,Serena_Williams,mask_eyes,Serena_Williams,True,0.030820298939943314
./data/processed/test/Serena_Williams/Serena_Williams_0006.jpg,Serena_Williams,mask_nose,Serena_Williams,True,0.025604551658034325
./data/processed/test/Serena_Williams/Serena_Williams_0006.jpg,Serena_Williams,mask_mouth,Serena_Williams,True,0.033133212476968765
./data/processed/test/Serena_Williams/Serena_Williams_0006.jpg,Serena_Williams,mask_face_oval,Michael_Schumacher,False,0.011248374357819557
./data/processed/test/Serena_Williams/Serena_Williams_0006.jpg,Serena_Williams,mask_outside_face,Serena_Williams,True,0.03261639177799225
./data/processed/test/Serena_Williams/Serena_Williams_0006.jpg,Serena_Williams,dark,Serena_Williams,True,0.03308474272489548
./data/processed/test/Serena_Williams/Serena_Williams_0006.jpg,Serena_Williams,bright,Serena_Williams,True,0.03301084041595459
./data/processed/test/Serena_Williams/Serena_Williams_0013.jpg,Serena_Williams,original,Serena_Williams,True,0.033420439809560776
./data/processed/test/Serena_Williams/Serena_Williams_0013.jpg,Serena_Williams,mask_eyes,Serena_Williams,True,0.031184565275907516
./data/processed/test/Serena_Williams/Serena_Williams_0013.jpg,Serena_Williams,mask_nose,Serena_Williams,True,0.032239895313978195
./data/processed/test/Serena_Williams/Serena_Williams_0013.jpg,Serena_Williams,mask_mouth,Serena_Williams,True,0.03315912187099457
./data/processed/test/Serena_Williams/Serena_Williams_0013.jpg,Serena_Williams,mask_face_oval,Hugo_Chavez,False,0.010640576481819153
./data/processed/test/Serena_Williams/Serena_Williams_0013.jpg,Serena_Williams,mask_outside_face,Serena_Williams,True,0.032997701317071915
./data/processed/test/Serena_Williams/Serena_Williams_0013.jpg,Serena_Williams,dark,Serena_Williams,True,0.033229704946279526
./data/processed/test/Serena_Williams/Serena_Williams_0013.jpg,Serena_Williams,bright,Serena_Williams,True,0.03330113738775253
./data/processed/test/Serena_Williams/Serena_Williams_0014.jpg,Serena_Williams,original,Serena_Williams,True,0.033397890627384186
./data/processed/test/Serena_Williams/Serena_Williams_0014.jpg,Serena_Williams,mask_eyes,Serena_Williams,True,0.030797792598605156
./data/processed/test/Serena_Williams/Serena_Williams_0014.jpg,Serena_Williams,mask_nose,Serena_Williams,True,0.03123990073800087
./data/processed/test/Serena_Williams/Serena_Williams_0014.jpg,Serena_Williams,mask_mouth,Serena_Williams,True,0.03282494470477104
./data/processed/test/Serena_Williams/Serena_Williams_0014.jpg,Serena_Williams,mask_face_oval,Michael_Schumacher,False,0.01091132964938879
./data/processed/test/Serena_Williams/Serena_Williams_0014.jpg,Serena_Williams,mask_outside_face,Serena_Williams,True,0.03309381380677223
./data/processed/test/Serena_Williams/Serena_Williams_0014.jpg,Serena_Williams,dark,Serena_Williams,True,0.03342992067337036
./data/processed/test/Serena_Williams/Serena_Williams_0014.jpg,Serena_Williams,bright,Serena_Williams,True,0.033124350011348724
./data/processed/test/Serena_Williams/Serena_Williams_0018.jpg,Serena_Williams,original,Serena_Williams,True,0.0324869342148304
./data/processed/test/Serena_Williams/Serena_Williams_0018.jpg,Serena_Williams,mask_eyes,Serena_Williams,True,0.030276035889983177
./data/processed/test/Serena_Williams/Serena_Williams_0018.jpg,Serena_Williams,mask_nose,Serena_Williams,True,0.030461572110652924
./data/processed/test/Serena_Williams/Serena_Williams_0018.jpg,Serena_Williams,mask_mouth,Serena_Williams,True,0.0328378826379776
./data/processed/test/Serena_Williams/Serena_Williams_0018.jpg,Serena_Williams,mask_face_oval,Hugo_Chavez,False,0.013251310214400291
./data/processed/test/Serena_Williams/Serena_Williams_0018.jpg,Serena_Williams,mask_outside_face,Serena_Williams,True,0.02950793132185936
./data/processed/test/Serena_Williams/Serena_Williams_0018.jpg,Serena_Williams,dark,Serena_Williams,True,0.03105485811829567
./data/processed/test/Serena_Williams/Serena_Williams_0018.jpg,Serena_Williams,bright,Serena_Williams,True,0.032799918204545975
./data/processed/test/Serena_Williams/Serena_Williams_0020.jpg,Serena_Williams,original,Serena_Williams,True,0.033167365938425064
./data/processed/test/Serena_Williams/Serena_Williams_0020.jpg,Serena_Williams,mask_eyes,Serena_Williams,True,0.030845332890748978
./data/processed/test/Serena_Williams/Serena_Williams_0020.jpg,Serena_Williams,mask_nose,Serena_Williams,True,0.029943646863102913
./data/processed/test/Serena_Williams/Serena_Williams_0020.jpg,Serena_Williams,mask_mouth,Serena_Williams,True,0.03322331979870796
./data/processed/test/Serena_Williams/Serena_Williams_0020.jpg,Serena_Williams,mask_face_oval,Hugo_Chavez,False,0.012456398457288742
./data/processed/test/Serena_Williams/Serena_Williams_0020.jpg,Serena_Williams,mask_outside_face,Serena_Williams,True,0.032898783683776855
./data/processed/test/Serena_Williams/Serena_Williams_0020.jpg,Serena_Williams,dark,Serena_Williams,True,0.033011000603437424
./data/processed/test/Serena_Williams/Serena_Williams_0020.jpg,Serena_Williams,bright,Serena_Williams,True,0.03321008384227753
./data/processed/test/Serena_Williams/Serena_Williams_0033.jpg,Serena_Williams,original,Serena_Williams,True,0.033168356865644455
./data/processed/test/Serena_Williams/Serena_Williams_0033.jpg,Serena_Williams,mask_eyes,Serena_Williams,True,0.028228553012013435
./data/processed/test/Serena_Williams/Serena_Williams_0033.jpg,Serena_Williams,mask_nose,Serena_Williams,True,0.03259333595633507
./data/processed/test/Serena_Williams/Serena_Williams_0033.jpg,Serena_Williams,mask_mouth,Serena_Williams,True,0.03315216302871704
./data/processed/test/Serena_Williams/Serena_Williams_0033.jpg,Serena_Williams,mask_face_oval,Hugo_Chavez,False,0.010680053383111954
./data/processed/test/Serena_Williams/Serena_Williams_0033.jpg,Serena_Williams,mask_outside_face,Serena_Williams,True,0.03047492913901806
./data/processed/test/Serena_Williams/Serena_Williams_0033.jpg,Serena_Williams,dark,Serena_Williams,True,0.03321150317788124
./data/processed/test/Serena_Williams/Serena_Williams_0033.jpg,Serena_Williams,bright,Serena_Williams,True,0.03305269777774811
./data/processed/test/Serena_Williams/Serena_Williams_0042.jpg,Serena_Williams,original,Serena_Williams,True,0.033274631947278976
./data/processed/test/Serena_Williams/Serena_Williams_0042.jpg,Serena_Williams,mask_eyes,Serena_Williams,True,0.03161856159567833
./data/processed/test/Serena_Williams/Serena_Williams_0042.jpg,Serena_Williams,mask_nose,Serena_Williams,True,0.031718138605356216
./data/processed/test/Serena_Williams/Serena_Williams_0042.jpg,Serena_Williams,mask_mouth,Serena_Williams,True,0.033543068915605545
./data/processed/test/Serena_Williams/Serena_Williams_0042.jpg,Serena_Williams,mask_face_oval,Hugo_Chavez,False,0.013155829161405563
./data/processed/test/Serena_Williams/Serena_Williams_0042.jpg,Serena_Williams,mask_outside_face,Serena_Williams,True,0.032238274812698364
./data/processed/test/Serena_Williams/Serena_Williams_0042.jpg,Serena_Williams,dark,Serena_Williams,True,0.03329744562506676
./data/processed/test/Serena_Williams/Serena_Williams_0042.jpg,Serena_Williams,bright,Serena_Williams,True,0.033259473741054535
./data/processed/test/Serena_Williams/Serena_Williams_0044.jpg,Serena_Williams,original,Serena_Williams,True,0.03294403478503227
./data/processed/test/Serena_Williams/Serena_Williams_0044.jpg,Serena_Williams,mask_eyes,Serena_Williams,True,0.025293879210948944
./data/processed/test/Serena_Williams/Serena_Williams_0044.jpg,Serena_Williams,mask_nose,Serena_Williams,True,0.027646351605653763
./data/processed/test/Serena_Williams/Serena_Williams_0044.jpg,Serena_Williams,mask_mouth,Serena_Williams,True,0.03272506222128868
./data/processed/test/Serena_Williams/Serena_Williams_0044.jpg,Serena_Williams,mask_face_oval,Hugo_Chavez,False,0.010659055784344673
./data/processed/test/Serena_Williams/Serena_Williams_0044.jpg,Serena_Williams,mask_outside_face,Serena_Williams,True,0.031715888530015945
./data/processed/test/Serena_Williams/Serena_Williams_0044.jpg,Serena_Williams,dark,Serena_Williams,True,0.03276246413588524
./data/processed/test/Serena_Williams/Serena_Williams_0044.jpg,Serena_Williams,bright,Serena_Williams,True,0.03290743753314018
./data/processed/test/Serena_Williams/Serena_Williams_0048.jpg,Serena_Williams,original,Serena_Williams,True,0.03384075313806534
./data/processed/test/Serena_Williams/Serena_Williams_0048.jpg,Serena_Williams,mask_eyes,Serena_Williams,True,0.032615724951028824
./data/processed/test/Serena_Williams/Serena_Williams_0048.jpg,Serena_Williams,mask_nose,Serena_Williams,True,0.03370349854230881
./data/processed/test/Serena_Williams/Serena_Williams_0048.jpg,Serena_Williams,mask_mouth,Serena_Williams,True,0.03383539989590645
./data/processed/test/Serena_Williams/Serena_Williams_0048.jpg,Serena_Williams,mask_face_oval,Hugo_Chavez,False,0.012898487038910389
./data/processed/test/Serena_Williams/Serena_Williams_0048.jpg,Serena_Williams,mask_outside_face,Serena_Williams,True,0.03323465958237648
./data/processed/test/Serena_Williams/Serena_Williams_0048.jpg,Serena_Williams,dark,Serena_Williams,True,0.033843569457530975
./data/processed/test/Serena_Williams/Serena_Williams_0048.jpg,Serena_Williams,bright,Serena_Williams,True,0.03385472297668457
./data/processed/test/Serena_Williams/Serena_Williams_0051.jpg,Serena_Williams,original,Serena_Williams,True,0.033270228654146194
./data/processed/test/Serena_Williams/Serena_Williams_0051.jpg,Serena_Williams,mask_eyes,Serena_Williams,True,0.028617093339562416
./data/processed/test/Serena_Williams/Serena_Williams_0051.jpg,Serena_Williams,mask_nose,Serena_Williams,True,0.03333650529384613
./data/processed/test/Serena_Williams/Serena_Williams_0051.jpg,Serena_Williams,mask_mouth,Serena_Williams,True,0.033172424882650375
./data/processed/test/Serena_Williams/Serena_Williams_0051.jpg,Serena_Williams,mask_face_oval,Hugo_Chavez,False,0.010956396348774433
./data/processed/test/Serena_Williams/Serena_Williams_0051.jpg,Serena_Williams,mask_outside_face,Serena_Williams,True,0.032088786363601685
./data/processed/test/Serena_Williams/Serena_Williams_0051.jpg,Serena_Williams,dark,Serena_Williams,True,0.03304865211248398
./data/processed/test/Serena_Williams/Serena_Williams_0051.jpg,Serena_Williams,bright,Serena_Williams,True,0.03337286785244942
./data/processed/test/Sergey_Lavrov/Sergey_Lavrov_0001.jpg,Sergey_Lavrov,original,Tony_Blair,False,0.012255293317139149
./data/processed/test/Sergey_Lavrov/Sergey_Lavrov_0001.jpg,Sergey_Lavrov,mask_eyes,Tony_Blair,False,0.01513279415667057
./data/processed/test/Sergey_Lavrov/Sergey_Lavrov_0001.jpg,Sergey_Lavrov,mask_nose,Tony_Blair,False,0.014954072423279285
./data/processed/test/Sergey_Lavrov/Sergey_Lavrov_0001.jpg,Sergey_Lavrov,mask_mouth,Silvio_Berlusconi,False,0.01228230819106102
./data/processed/test/Sergey_Lavrov/Sergey_Lavrov_0001.jpg,Sergey_Lavrov,mask_face_oval,Jiang_Zemin,False,0.01107725314795971
./data/processed/test/Sergey_Lavrov/Sergey_Lavrov_0001.jpg,Sergey_Lavrov,mask_outside_face,Ariel_Sharon,False,0.015598712489008904
./data/processed/test/Sergey_Lavrov/Sergey_Lavrov_0001.jpg,Sergey_Lavrov,dark,Silvio_Berlusconi,False,0.012872650288045406
./data/processed/test/Sergey_Lavrov/Sergey_Lavrov_0001.jpg,Sergey_Lavrov,bright,Silvio_Berlusconi,False,0.011900786310434341
./data/processed/test/Sergey_Lavrov/Sergey_Lavrov_0006.jpg,Sergey_Lavrov,original,Silvio_Berlusconi,False,0.01720680110156536
./data/processed/test/Sergey_Lavrov/Sergey_Lavrov_0006.jpg,Sergey_Lavrov,mask_eyes,Silvio_Berlusconi,False,0.01765751838684082
./data/processed/test/Sergey_Lavrov/Sergey_Lavrov_0006.jpg,Sergey_Lavrov,mask_nose,Silvio_Berlusconi,False,0.019440140575170517
./data/processed/test/Sergey_Lavrov/Sergey_Lavrov_0006.jpg,Sergey_Lavrov,mask_mouth,Silvio_Berlusconi,False,0.017224203795194626
./data/processed/test/Sergey_Lavrov/Sergey_Lavrov_0006.jpg,Sergey_Lavrov,mask_face_oval,Hugo_Chavez,False,0.009804925881326199
./data/processed/test/Sergey_Lavrov/Sergey_Lavrov_0006.jpg,Sergey_Lavrov,mask_outside_face,Silvio_Berlusconi,False,0.012855758890509605
./data/processed/test/Sergey_Lavrov/Sergey_Lavrov_0006.jpg,Sergey_Lavrov,dark,Silvio_Berlusconi,False,0.02180144377052784
./data/processed/test/Sergey_Lavrov/Sergey_Lavrov_0006.jpg,Sergey_Lavrov,bright,Silvio_Berlusconi,False,0.02067587524652481
./data/processed/test/Sergey_Lavrov/Sergey_Lavrov_0010.jpg,Sergey_Lavrov,original,Silvio_Berlusconi,False,0.01610935851931572
./data/processed/test/Sergey_Lavrov/Sergey_Lavrov_0010.jpg,Sergey_Lavrov,mask_eyes,Silvio_Berlusconi,False,0.013751093298196793
./data/processed/test/Sergey_Lavrov/Sergey_Lavrov_0010.jpg,Sergey_Lavrov,mask_nose,Silvio_Berlusconi,False,0.016626102849841118
./data/processed/test/Sergey_Lavrov/Sergey_Lavrov_0010.jpg,Sergey_Lavrov,mask_mouth,Silvio_Berlusconi,False,0.015517583116889
./data/processed/test/Sergey_Lavrov/Sergey_Lavrov_0010.jpg,Sergey_Lavrov,mask_face_oval,Hugo_Chavez,False,0.010919198393821716
./data/processed/test/Sergey_Lavrov/Sergey_Lavrov_0010.jpg,Sergey_Lavrov,mask_outside_face,Ariel_Sharon,False,0.015855412930250168
./data/processed/test/Sergey_Lavrov/Sergey_Lavrov_0010.jpg,Sergey_Lavrov,dark,Silvio_Berlusconi,False,0.017190948128700256
./data/processed/test/Sergey_Lavrov/Sergey_Lavrov_0010.jpg,Sergey_Lavrov,bright,Silvio_Berlusconi,False,0.01451563648879528
./data/processed/test/Sergio_Vieira_De_Mello/Sergio_Vieira_De_Mello_0001.jpg,Sergio_Vieira_De_Mello,original,George_W_Bush,False,0.03440601006150246
./data/processed/test/Sergio_Vieira_De_Mello/Sergio_Vieira_De_Mello_0001.jpg,Sergio_Vieira_De_Mello,mask_eyes,George_W_Bush,False,0.023190883919596672
./data/processed/test/Sergio_Vieira_De_Mello/Sergio_Vieira_De_Mello_0001.jpg,Sergio_Vieira_De_Mello,mask_nose,George_W_Bush,False,0.021425951272249222
./data/processed/test/Sergio_Vieira_De_Mello/Sergio_Vieira_De_Mello_0001.jpg,Sergio_Vieira_De_Mello,mask_mouth,George_W_Bush,False,0.028771350160241127
./data/processed/test/Sergio_Vieira_De_Mello/Sergio_Vieira_De_Mello_0001.jpg,Sergio_Vieira_De_Mello,mask_face_oval,Lance_Armstrong,False,0.009691795334219933
./data/processed/test/Sergio_Vieira_De_Mello/Sergio_Vieira_De_Mello_0001.jpg,Sergio_Vieira_De_Mello,mask_outside_face,Jacques_Chirac,False,0.022547177970409393
./data/processed/test/Sergio_Vieira_De_Mello/Sergio_Vieira_De_Mello_0001.jpg,Sergio_Vieira_De_Mello,dark,George_W_Bush,False,0.030404286459088326
./data/processed/test/Sergio_Vieira_De_Mello/Sergio_Vieira_De_Mello_0001.jpg,Sergio_Vieira_De_Mello,bright,George_W_Bush,False,0.025210846215486526
./data/processed/test/Sergio_Vieira_De_Mello/Sergio_Vieira_De_Mello_0006.jpg,Sergio_Vieira_De_Mello,original,George_W_Bush,False,0.015131787396967411
./data/processed/test/Sergio_Vieira_De_Mello/Sergio_Vieira_De_Mello_0006.jpg,Sergio_Vieira_De_Mello,mask_eyes,Lleyton_Hewitt,False,0.011925739236176014
./data/processed/test/Sergio_Vieira_De_Mello/Sergio_Vieira_De_Mello_0006.jpg,Sergio_Vieira_De_Mello,mask_nose,George_W_Bush,False,0.017114609479904175
./data/processed/test/Sergio_Vieira_De_Mello/Sergio_Vieira_De_Mello_0006.jpg,Sergio_Vieira_De_Mello,mask_mouth,George_W_Bush,False,0.01784466579556465
./data/processed/test/Sergio_Vieira_De_Mello/Sergio_Vieira_De_Mello_0006.jpg,Sergio_Vieira_De_Mello,mask_face_oval,Michael_Schumacher,False,0.00947487261146307
./data/processed/test/Sergio_Vieira_De_Mello/Sergio_Vieira_De_Mello_0006.jpg,Sergio_Vieira_De_Mello,mask_outside_face,Andre_Agassi,False,0.01501477975398302
./data/processed/test/Sergio_Vieira_De_Mello/Sergio_Vieira_De_Mello_0006.jpg,Sergio_Vieira_De_Mello,dark,George_W_Bush,False,0.01805674470961094
./data/processed/test/Sergio_Vieira_De_Mello/Sergio_Vieira_De_Mello_0006.jpg,Sergio_Vieira_De_Mello,bright,George_W_Bush,False,0.015833666548132896
./data/processed/test/Sergio_Vieira_De_Mello/Sergio_Vieira_De_Mello_0010.jpg,Sergio_Vieira_De_Mello,original,Vicente_Fox,False,0.010678363963961601
./data/processed/test/Sergio_Vieira_De_Mello/Sergio_Vieira_De_Mello_0010.jpg,Sergio_Vieira_De_Mello,mask_eyes,Lleyton_Hewitt,False,0.011828891932964325
./data/processed/test/Sergio_Vieira_De_Mello/Sergio_Vieira_De_Mello_0010.jpg,Sergio_Vieira_De_Mello,mask_nose,Lleyton_Hewitt,False,0.011204754002392292
./data/processed/test/Sergio_Vieira_De_Mello/Sergio_Vieira_De_Mello_0010.jpg,Sergio_Vieira_De_Mello,mask_mouth,Lleyton_Hewitt,False,0.011284908279776573
./data/processed/test/Sergio_Vieira_De_Mello/Sergio_Vieira_De_Mello_0010.jpg,Sergio_Vieira_De_Mello,mask_face_oval,Ariel_Sharon,False,0.010804368183016777
./data/processed/test/Sergio_Vieira_De_Mello/Sergio_Vieira_De_Mello_0010.jpg,Sergio_Vieira_De_Mello,mask_outside_face,Jacques_Chirac,False,0.012349072843790054
./data/processed/test/Sergio_Vieira_De_Mello/Sergio_Vieira_De_Mello_0010.jpg,Sergio_Vieira_De_Mello,dark,Tommy_Franks,False,0.01023122388869524
./data/processed/test/Sergio_Vieira_De_Mello/Sergio_Vieira_De_Mello_0010.jpg,Sergio_Vieira_De_Mello,bright,George_W_Bush,False,0.011044491082429886
./data/processed/test/Silvio_Berlusconi/Silvio_Berlusconi_0009.jpg,Silvio_Berlusconi,original,Silvio_Berlusconi,True,0.02350807376205921
./data/processed/test/Silvio_Berlusconi/Silvio_Berlusconi_0009.jpg,Silvio_Berlusconi,mask_eyes,Silvio_Berlusconi,True,0.02321876399219036
./data/processed/test/Silvio_Berlusconi/Silvio_Berlusconi_0009.jpg,Silvio_Berlusconi,mask_nose,Silvio_Berlusconi,True,0.022368041798472404
./data/processed/test/Silvio_Berlusconi/Silvio_Berlusconi_0009.jpg,Silvio_Berlusconi,mask_mouth,Silvio_Berlusconi,True,0.023460380733013153
./data/processed/test/Silvio_Berlusconi/Silvio_Berlusconi_0009.jpg,Silvio_Berlusconi,mask_face_oval,Andre_Agassi,False,0.009990275837481022
./data/processed/test/Silvio_Berlusconi/Silvio_Berlusconi_0009.jpg,Silvio_Berlusconi,mask_outside_face,Silvio_Berlusconi,True,0.020888473838567734
./data/processed/test/Silvio_Berlusconi/Silvio_Berlusconi_0009.jpg,Silvio_Berlusconi,dark,Silvio_Berlusconi,True,0.023317286744713783
./data/processed/test/Silvio_Berlusconi/Silvio_Berlusconi_0009.jpg,Silvio_Berlusconi,bright,Silvio_Berlusconi,True,0.023365681990981102
./data/processed/test/Silvio_Berlusconi/Silvio_Berlusconi_0010.jpg,Silvio_Berlusconi,original,Silvio_Berlusconi,True,0.023720961064100266
./data/processed/test/Silvio_Berlusconi/Silvio_Berlusconi_0010.jpg,Silvio_Berlusconi,mask_eyes,Silvio_Berlusconi,True,0.023716768249869347
./data/processed/test/Silvio_Berlusconi/Silvio_Berlusconi_0010.jpg,Silvio_Berlusconi,mask_nose,Silvio_Berlusconi,True,0.023677751421928406
./data/processed/test/Silvio_Berlusconi/Silvio_Berlusconi_0010.jpg,Silvio_Berlusconi,mask_mouth,Silvio_Berlusconi,True,0.02372482419013977
./data/processed/test/Silvio_Berlusconi/Silvio_Berlusconi_0010.jpg,Silvio_Berlusconi,mask_face_oval,Hugo_Chavez,False,0.01199092622846365
./data/processed/test/Silvio_Berlusconi/Silvio_Berlusconi_0010.jpg,Silvio_Berlusconi,mask_outside_face,Silvio_Berlusconi,True,0.02288721315562725
./data/processed/test/Silvio_Berlusconi/Silvio_Berlusconi_0010.jpg,Silvio_Berlusconi,dark,Silvio_Berlusconi,True,0.02367265708744526
./data/processed/test/Silvio_Berlusconi/Silvio_Berlusconi_0010.jpg,Silvio_Berlusconi,bright,Silvio_Berlusconi,True,0.02366812527179718
./data/processed/test/Silvio_Berlusconi/Silvio_Berlusconi_0016.jpg,Silvio_Berlusconi,original,Silvio_Berlusconi,True,0.01867786981165409
./data/processed/test/Silvio_Berlusconi/Silvio_Berlusconi_0016.jpg,Silvio_Berlusconi,mask_eyes,Silvio_Berlusconi,True,0.018204988911747932
./data/processed/test/Silvio_Berlusconi/Silvio_Berlusconi_0016.jpg,Silvio_Berlusconi,mask_nose,Vladimir_Putin,False,0.020977221429347992
./data/processed/test/Silvio_Berlusconi/Silvio_Berlusconi_0016.jpg,Silvio_Berlusconi,mask_mouth,Silvio_Berlusconi,True,0.018575161695480347
./data/processed/test/Silvio_Berlusconi/Silvio_Berlusconi_0016.jpg,Silvio_Berlusconi,mask_face_oval,Michael_Schumacher,False,0.011020747944712639
./data/processed/test/Silvio_Berlusconi/Silvio_Berlusconi_0016.jpg,Silvio_Berlusconi,mask_outside_face,Silvio_Berlusconi,True,0.015712279826402664
./data/processed/test/Silvio_Berlusconi/Silvio_Berlusconi_0016.jpg,Silvio_Berlusconi,dark,Silvio_Berlusconi,True,0.016485534608364105
./data/processed/test/Silvio_Berlusconi/Silvio_Berlusconi_0016.jpg,Silvio_Berlusconi,bright,Vladimir_Putin,False,0.01543860137462616
./data/processed/test/Silvio_Berlusconi/Silvio_Berlusconi_0018.jpg,Silvio_Berlusconi,original,Silvio_Berlusconi,True,0.02337551862001419
./data/processed/test/Silvio_Berlusconi/Silvio_Berlusconi_0018.jpg,Silvio_Berlusconi,mask_eyes,Silvio_Berlusconi,True,0.022897575050592422
./data/processed/test/Silvio_Berlusconi/Silvio_Berlusconi_0018.jpg,Silvio_Berlusconi,mask_nose,Silvio_Berlusconi,True,0.0224058385938406
./data/processed/test/Silvio_Berlusconi/Silvio_Berlusconi_0018.jpg,Silvio_Berlusconi,mask_mouth,Silvio_Berlusconi,True,0.02335781790316105
./data/processed/test/Silvio_Berlusconi/Silvio_Berlusconi_0018.jpg,Silvio_Berlusconi,mask_face_oval,Michael_Schumacher,False,0.010495846159756184
./data/processed/test/Silvio_Berlusconi/Silvio_Berlusconi_0018.jpg,Silvio_Berlusconi,mask_outside_face,Silvio_Berlusconi,True,0.01756424270570278
./data/processed/test/Silvio_Berlusconi/Silvio_Berlusconi_0018.jpg,Silvio_Berlusconi,dark,Silvio_Berlusconi,True,0.023386022076010704
./data/processed/test/Silvio_Berlusconi/Silvio_Berlusconi_0018.jpg,Silvio_Berlusconi,bright,Silvio_Berlusconi,True,0.023003218695521355
./data/processed/test/Silvio_Berlusconi/Silvio_Berlusconi_0020.jpg,Silvio_Berlusconi,original,Silvio_Berlusconi,True,0.023835552856326103
./data/processed/test/Silvio_Berlusconi/Silvio_Berlusconi_0020.jpg,Silvio_Berlusconi,mask_eyes,Silvio_Berlusconi,True,0.023818155750632286
./data/processed/test/Silvio_Berlusconi/Silvio_Berlusconi_0020.jpg,Silvio_Berlusconi,mask_nose,Silvio_Berlusconi,True,0.023825498297810555
./data/processed/test/Silvio_Berlusconi/Silvio_Berlusconi_0020.jpg,Silvio_Berlusconi,mask_mouth,Silvio_Berlusconi,True,0.023816455155611038
./data/processed/test/Silvio_Berlusconi/Silvio_Berlusconi_0020.jpg,Silvio_Berlusconi,mask_face_oval,Jiang_Zemin,False,0.010250231251120567
./data/processed/test/Silvio_Berlusconi/Silvio_Berlusconi_0020.jpg,Silvio_Berlusconi,mask_outside_face,Silvio_Berlusconi,True,0.023318229243159294
./data/processed/test/Silvio_Berlusconi/Silvio_Berlusconi_0020.jpg,Silvio_Berlusconi,dark,Silvio_Berlusconi,True,0.0238195713609457
./data/processed/test/Silvio_Berlusconi/Silvio_Berlusconi_0020.jpg,Silvio_Berlusconi,bright,Silvio_Berlusconi,True,0.023846495896577835
./data/processed/test/Silvio_Berlusconi/Silvio_Berlusconi_0027.jpg,Silvio_Berlusconi,original,Silvio_Berlusconi,True,0.023779576644301414
./data/processed/test/Silvio_Berlusconi/Silvio_Berlusconi_0027.jpg,Silvio_Berlusconi,mask_eyes,Silvio_Berlusconi,True,0.02376621402800083
./data/processed/test/Silvio_Berlusconi/Silvio_Berlusconi_0027.jpg,Silvio_Berlusconi,mask_nose,Silvio_Berlusconi,True,0.02363155409693718
./data/processed/test/Silvio_Berlusconi/Silvio_Berlusconi_0027.jpg,Silvio_Berlusconi,mask_mouth,Silvio_Berlusconi,True,0.02376851998269558
./data/processed/test/Silvio_Berlusconi/Silvio_Berlusconi_0027.jpg,Silvio_Berlusconi,mask_face_oval,Michael_Schumacher,False,0.01053392793983221
./data/processed/test/Silvio_Berlusconi/Silvio_Berlusconi_0027.jpg,Silvio_Berlusconi,mask_outside_face,Silvio_Berlusconi,True,0.02148393541574478
./data/processed/test/Silvio_Berlusconi/Silvio_Berlusconi_0027.jpg,Silvio_Berlusconi,dark,Silvio_Berlusconi,True,0.02378234453499317
./data/processed/test/Silvio_Berlusconi/Silvio_Berlusconi_0027.jpg,Silvio_Berlusconi,bright,Silvio_Berlusconi,True,0.023574363440275192
./data/processed/test/Silvio_Berlusconi/Silvio_Berlusconi_0032.jpg,Silvio_Berlusconi,original,Silvio_Berlusconi,True,0.02375384233891964
./data/processed/test/Silvio_Berlusconi/Silvio_Berlusconi_0032.jpg,Silvio_Berlusconi,mask_eyes,Silvio_Berlusconi,True,0.023486368358135223
./data/processed/test/Silvio_Berlusconi/Silvio_Berlusconi_0032.jpg,Silvio_Berlusconi,mask_nose,Silvio_Berlusconi,True,0.02337675541639328
./data/processed/test/Silvio_Berlusconi/Silvio_Berlusconi_0032.jpg,Silvio_Berlusconi,mask_mouth,Silvio_Berlusconi,True,0.023628542199730873
./data/processed/test/Silvio_Berlusconi/Silvio_Berlusconi_0032.jpg,Silvio_Berlusconi,mask_face_oval,Michael_Schumacher,False,0.012377175502479076
./data/processed/test/Silvio_Berlusconi/Silvio_Berlusconi_0032.jpg,Silvio_Berlusconi,mask_outside_face,Silvio_Berlusconi,True,0.0228628721088171
./data/processed/test/Silvio_Berlusconi/Silvio_Berlusconi_0032.jpg,Silvio_Berlusconi,dark,Silvio_Berlusconi,True,0.023335998877882957
./data/processed/test/Silvio_Berlusconi/Silvio_Berlusconi_0032.jpg,Silvio_Berlusconi,bright,Silvio_Berlusconi,True,0.0235598124563694
./data/processed/test/Spencer_Abraham/Spencer_Abraham_0001.jpg,Spencer_Abraham,original,Recep_Tayyip_Erdogan,False,0.015411444939672947
./data/processed/test/Spencer_Abraham/Spencer_Abraham_0001.jpg,Spencer_Abraham,mask_eyes,Recep_Tayyip_Erdogan,False,0.01494526769965887
./data/processed/test/Spencer_Abraham/Spencer_Abraham_0001.jpg,Spencer_Abraham,mask_nose,Recep_Tayyip_Erdogan,False,0.014646557159721851
./data/processed/test/Spencer_Abraham/Spencer_Abraham_0001.jpg,Spencer_Abraham,mask_mouth,Recep_Tayyip_Erdogan,False,0.015473957173526287
./data/processed/test/Spencer_Abraham/Spencer_Abraham_0001.jpg,Spencer_Abraham,mask_face_oval,Gerhard_Schroeder,False,0.010169482789933681
./data/processed/test/Spencer_Abraham/Spencer_Abraham_0001.jpg,Spencer_Abraham,mask_outside_face,Recep_Tayyip_Erdogan,False,0.015827633440494537
./data/processed/test/Spencer_Abraham/Spencer_Abraham_0001.jpg,Spencer_Abraham,dark,Recep_Tayyip_Erdogan,False,0.015278427861630917
./data/processed/test/Spencer_Abraham/Spencer_Abraham_0001.jpg,Spencer_Abraham,bright,Recep_Tayyip_Erdogan,False,0.014657014980912209
./data/processed/test/Spencer_Abraham/Spencer_Abraham_0002.jpg,Spencer_Abraham,original,Recep_Tayyip_Erdogan,False,0.013569017872214317
./data/processed/test/Spencer_Abraham/Spencer_Abraham_0002.jpg,Spencer_Abraham,mask_eyes,Recep_Tayyip_Erdogan,False,0.012971846386790276
./data/processed/test/Spencer_Abraham/Spencer_Abraham_0002.jpg,Spencer_Abraham,mask_nose,Recep_Tayyip_Erdogan,False,0.011569876223802567
./data/processed/test/Spencer_Abraham/Spencer_Abraham_0002.jpg,Spencer_Abraham,mask_mouth,Recep_Tayyip_Erdogan,False,0.01331465132534504
./data/processed/test/Spencer_Abraham/Spencer_Abraham_0002.jpg,Spencer_Abraham,mask_face_oval,Arnold_Schwarzenegger,False,0.010637483559548855
./data/processed/test/Spencer_Abraham/Spencer_Abraham_0002.jpg,Spencer_Abraham,mask_outside_face,Recep_Tayyip_Erdogan,False,0.014931371435523033
./data/processed/test/Spencer_Abraham/Spencer_Abraham_0002.jpg,Spencer_Abraham,dark,Recep_Tayyip_Erdogan,False,0.013147675432264805
./data/processed/test/Spencer_Abraham/Spencer_Abraham_0002.jpg,Spencer_Abraham,bright,Arnold_Schwarzenegger,False,0.009487983770668507
./data/processed/test/Spencer_Abraham/Spencer_Abraham_0006.jpg,Spencer_Abraham,original,Recep_Tayyip_Erdogan,False,0.015016632154583931
./data/processed/test/Spencer_Abraham/Spencer_Abraham_0006.jpg,Spencer_Abraham,mask_eyes,Recep_Tayyip_Erdogan,False,0.0148469815030694
./data/processed/test/Spencer_Abraham/Spencer_Abraham_0006.jpg,Spencer_Abraham,mask_nose,Recep_Tayyip_Erdogan,False,0.014308011159300804
./data/processed/test/Spencer_Abraham/Spencer_Abraham_0006.jpg,Spencer_Abraham,mask_mouth,Recep_Tayyip_Erdogan,False,0.015037870034575462
./data/processed/test/Spencer_Abraham/Spencer_Abraham_0006.jpg,Spencer_Abraham,mask_face_oval,Hugo_Chavez,False,0.011340594850480556
./data/processed/test/Spencer_Abraham/Spencer_Abraham_0006.jpg,Spencer_Abraham,mask_outside_face,Recep_Tayyip_Erdogan,False,0.015512470155954361
./data/processed/test/Spencer_Abraham/Spencer_Abraham_0006.jpg,Spencer_Abraham,dark,Recep_Tayyip_Erdogan,False,0.015151036903262138
./data/processed/test/Spencer_Abraham/Spencer_Abraham_0006.jpg,Spencer_Abraham,bright,Recep_Tayyip_Erdogan,False,0.015118083916604519
./data/processed/test/Spencer_Abraham/Spencer_Abraham_0016.jpg,Spencer_Abraham,original,Recep_Tayyip_Erdogan,False,0.014063368551433086
./data/processed/test/Spencer_Abraham/Spencer_Abraham_0016.jpg,Spencer_Abraham,mask_eyes,Recep_Tayyip_Erdogan,False,0.014242439530789852
./data/processed/test/Spencer_Abraham/Spencer_Abraham_0016.jpg,Spencer_Abraham,mask_nose,Recep_Tayyip_Erdogan,False,0.0132327014580369
./data/processed/test/Spencer_Abraham/Spencer_Abraham_0016.jpg,Spencer_Abraham,mask_mouth,Recep_Tayyip_Erdogan,False,0.013962209224700928
./data/processed/test/Spencer_Abraham/Spencer_Abraham_0016.jpg,Spencer_Abraham,mask_face_oval,Hugo_Chavez,False,0.01246781088411808
./data/processed/test/Spencer_Abraham/Spencer_Abraham_0016.jpg,Spencer_Abraham,mask_outside_face,Recep_Tayyip_Erdogan,False,0.014330600388348103
./data/processed/test/Spencer_Abraham/Spencer_Abraham_0016.jpg,Spencer_Abraham,dark,Recep_Tayyip_Erdogan,False,0.013408148661255836
./data/processed/test/Spencer_Abraham/Spencer_Abraham_0016.jpg,Spencer_Abraham,bright,Recep_Tayyip_Erdogan,False,0.012686578556895256
./data/processed/test/Taha_Yassin_Ramadan/Taha_Yassin_Ramadan_0001.jpg,Taha_Yassin_Ramadan,original,Taha_Yassin_Ramadan,True,0.014222370460629463
./data/processed/test/Taha_Yassin_Ramadan/Taha_Yassin_Ramadan_0001.jpg,Taha_Yassin_Ramadan,mask_eyes,Taha_Yassin_Ramadan,True,0.014191893860697746
./data/processed/test/Taha_Yassin_Ramadan/Taha_Yassin_Ramadan_0001.jpg,Taha_Yassin_Ramadan,mask_nose,Taha_Yassin_Ramadan,True,0.013975556008517742
./data/processed/test/Taha_Yassin_Ramadan/Taha_Yassin_Ramadan_0001.jpg,Taha_Yassin_Ramadan,mask_mouth,Taha_Yassin_Ramadan,True,0.014198844321072102
./data/processed/test/Taha_Yassin_Ramadan/Taha_Yassin_Ramadan_0001.jpg,Taha_Yassin_Ramadan,mask_face_oval,Hugo_Chavez,False,0.012215436436235905
./data/processed/test/Taha_Yassin_Ramadan/Taha_Yassin_Ramadan_0001.jpg,Taha_Yassin_Ramadan,mask_outside_face,Taha_Yassin_Ramadan,True,0.014178836718201637
./data/processed/test/Taha_Yassin_Ramadan/Taha_Yassin_Ramadan_0001.jpg,Taha_Yassin_Ramadan,dark,Taha_Yassin_Ramadan,True,0.014171913266181946
./data/processed/test/Taha_Yassin_Ramadan/Taha_Yassin_Ramadan_0001.jpg,Taha_Yassin_Ramadan,bright,Taha_Yassin_Ramadan,True,0.014180989004671574
./data/processed/test/Taha_Yassin_Ramadan/Taha_Yassin_Ramadan_0010.jpg,Taha_Yassin_Ramadan,original,Taha_Yassin_Ramadan,True,0.014427446760237217
./data/processed/test/Taha_Yassin_Ramadan/Taha_Yassin_Ramadan_0010.jpg,Taha_Yassin_Ramadan,mask_eyes,Taha_Yassin_Ramadan,True,0.01430665235966444
./data/processed/test/Taha_Yassin_Ramadan/Taha_Yassin_Ramadan_0010.jpg,Taha_Yassin_Ramadan,mask_nose,Taha_Yassin_Ramadan,True,0.014214747585356236
./data/processed/test/Taha_Yassin_Ramadan/Taha_Yassin_Ramadan_0010.jpg,Taha_Yassin_Ramadan,mask_mouth,Taha_Yassin_Ramadan,True,0.014299944043159485
./data/processed/test/Taha_Yassin_Ramadan/Taha_Yassin_Ramadan_0010.jpg,Taha_Yassin_Ramadan,mask_face_oval,Hugo_Chavez,False,0.010388999246060848
./data/processed/test/Taha_Yassin_Ramadan/Taha_Yassin_Ramadan_0010.jpg,Taha_Yassin_Ramadan,mask_outside_face,Taha_Yassin_Ramadan,True,0.01448787096887827
./data/processed/test/Taha_Yassin_Ramadan/Taha_Yassin_Ramadan_0010.jpg,Taha_Yassin_Ramadan,dark,Taha_Yassin_Ramadan,True,0.014395489357411861
./data/processed/test/Taha_Yassin_Ramadan/Taha_Yassin_Ramadan_0010.jpg,Taha_Yassin_Ramadan,bright,Taha_Yassin_Ramadan,True,0.014402750879526138
./data/processed/test/Taha_Yassin_Ramadan/Taha_Yassin_Ramadan_0012.jpg,Taha_Yassin_Ramadan,original,Taha_Yassin_Ramadan,True,0.014603950083255768
./data/processed/test/Taha_Yassin_Ramadan/Taha_Yassin_Ramadan_0012.jpg,Taha_Yassin_Ramadan,mask_eyes,Taha_Yassin_Ramadan,True,0.014395578764379025
./data/processed/test/Taha_Yassin_Ramadan/Taha_Yassin_Ramadan_0012.jpg,Taha_Yassin_Ramadan,mask_nose,Taha_Yassin_Ramadan,True,0.014399419538676739
./data/processed/test/Taha_Yassin_Ramadan/Taha_Yassin_Ramadan_0012.jpg,Taha_Yassin_Ramadan,mask_mouth,Taha_Yassin_Ramadan,True,0.01449508685618639
./data/processed/test/Taha_Yassin_Ramadan/Taha_Yassin_Ramadan_0012.jpg,Taha_Yassin_Ramadan,mask_face_oval,Michael_Schumacher,False,0.011124055832624435
./data/processed/test/Taha_Yassin_Ramadan/Taha_Yassin_Ramadan_0012.jpg,Taha_Yassin_Ramadan,mask_outside_face,Taha_Yassin_Ramadan,True,0.014525133185088634
./data/processed/test/Taha_Yassin_Ramadan/Taha_Yassin_Ramadan_0012.jpg,Taha_Yassin_Ramadan,dark,Taha_Yassin_Ramadan,True,0.01448772381991148
./data/processed/test/Taha_Yassin_Ramadan/Taha_Yassin_Ramadan_0012.jpg,Taha_Yassin_Ramadan,bright,Taha_Yassin_Ramadan,True,0.014628362841904163
./data/processed/test/Tang_Jiaxuan/Tang_Jiaxuan_0001.jpg,Tang_Jiaxuan,original,Tang_Jiaxuan,True,0.012045473791658878
./data/processed/test/Tang_Jiaxuan/Tang_Jiaxuan_0001.jpg,Tang_Jiaxuan,mask_eyes,Tang_Jiaxuan,True,0.011998499743640423
./data/processed/test/Tang_Jiaxuan/Tang_Jiaxuan_0001.jpg,Tang_Jiaxuan,mask_nose,Tang_Jiaxuan,True,0.011956497095525265
./data/processed/test/Tang_Jiaxuan/Tang_Jiaxuan_0001.jpg,Tang_Jiaxuan,mask_mouth,Tang_Jiaxuan,True,0.01203507836908102
./data/processed/test/Tang_Jiaxuan/Tang_Jiaxuan_0001.jpg,Tang_Jiaxuan,mask_face_oval,Arnold_Schwarzenegger,False,0.011243950575590134
./data/processed/test/Tang_Jiaxuan/Tang_Jiaxuan_0001.jpg,Tang_Jiaxuan,mask_outside_face,Hans_Blix,False,0.01232051569968462
./data/processed/test/Tang_Jiaxuan/Tang_Jiaxuan_0001.jpg,Tang_Jiaxuan,dark,Tang_Jiaxuan,True,0.01203043945133686
./data/processed/test/Tang_Jiaxuan/Tang_Jiaxuan_0001.jpg,Tang_Jiaxuan,bright,Tang_Jiaxuan,True,0.011995812878012657
./data/processed/test/Tang_Jiaxuan/Tang_Jiaxuan_0006.jpg,Tang_Jiaxuan,original,Tang_Jiaxuan,True,0.01214829832315445
./data/processed/test/Tang_Jiaxuan/Tang_Jiaxuan_0006.jpg,Tang_Jiaxuan,mask_eyes,Tang_Jiaxuan,True,0.0120562007650733
./data/processed/test/Tang_Jiaxuan/Tang_Jiaxuan_0006.jpg,Tang_Jiaxuan,mask_nose,Tang_Jiaxuan,True,0.012147817760705948
./data/processed/test/Tang_Jiaxuan/Tang_Jiaxuan_0006.jpg,Tang_Jiaxuan,mask_mouth,Tang_Jiaxuan,True,0.012118526734411716
./data/processed/test/Tang_Jiaxuan/Tang_Jiaxuan_0006.jpg,Tang_Jiaxuan,mask_face_oval,Jiang_Zemin,False,0.010537667199969292
./data/processed/test/Tang_Jiaxuan/Tang_Jiaxuan_0006.jpg,Tang_Jiaxuan,mask_outside_face,Hans_Blix,False,0.01256878674030304
./data/processed/test/Tang_Jiaxuan/Tang_Jiaxuan_0006.jpg,Tang_Jiaxuan,dark,Tang_Jiaxuan,True,0.012067876756191254
./data/processed/test/Tang_Jiaxuan/Tang_Jiaxuan_0006.jpg,Tang_Jiaxuan,bright,Tang_Jiaxuan,True,0.012149390764534473
./data/processed/test/Tang_Jiaxuan/Tang_Jiaxuan_0010.jpg,Tang_Jiaxuan,original,Tang_Jiaxuan,True,0.012155449949204922
./data/processed/test/Tang_Jiaxuan/Tang_Jiaxuan_0010.jpg,Tang_Jiaxuan,mask_eyes,Tang_Jiaxuan,True,0.012094171717762947
./data/processed/test/Tang_Jiaxuan/Tang_Jiaxuan_0010.jpg,Tang_Jiaxuan,mask_nose,Tang_Jiaxuan,True,0.011852964758872986
./data/processed/test/Tang_Jiaxuan/Tang_Jiaxuan_0010.jpg,Tang_Jiaxuan,mask_mouth,Tang_Jiaxuan,True,0.012088272720575333
./data/processed/test/Tang_Jiaxuan/Tang_Jiaxuan_0010.jpg,Tang_Jiaxuan,mask_face_oval,Arnold_Schwarzenegger,False,0.01036812923848629
./data/processed/test/Tang_Jiaxuan/Tang_Jiaxuan_0010.jpg,Tang_Jiaxuan,mask_outside_face,Hans_Blix,False,0.015966985374689102
./data/processed/test/Tang_Jiaxuan/Tang_Jiaxuan_0010.jpg,Tang_Jiaxuan,dark,Tang_Jiaxuan,True,0.012063318863511086
./data/processed/test/Tang_Jiaxuan/Tang_Jiaxuan_0010.jpg,Tang_Jiaxuan,bright,Tang_Jiaxuan,True,0.01205343659967184
./data/processed/test/Tiger_Woods/Tiger_Woods_0001.jpg,Tiger_Woods,original,Tiger_Woods,True,0.017846183851361275
./data/processed/test/Tiger_Woods/Tiger_Woods_0001.jpg,Tiger_Woods,mask_eyes,Tiger_Woods,True,0.017978928983211517
./data/processed/test/Tiger_Woods/Tiger_Woods_0001.jpg,Tiger_Woods,mask_nose,Tiger_Woods,True,0.016409358009696007
./data/processed/test/Tiger_Woods/Tiger_Woods_0001.jpg,Tiger_Woods,mask_mouth,Tiger_Woods,True,0.017988217994570732
./data/processed/test/Tiger_Woods/Tiger_Woods_0001.jpg,Tiger_Woods,mask_face_oval,Hugo_Chavez,False,0.011935878545045853
./data/processed/test/Tiger_Woods/Tiger_Woods_0001.jpg,Tiger_Woods,mask_outside_face,Tiger_Woods,True,0.017688067629933357
./data/processed/test/Tiger_Woods/Tiger_Woods_0001.jpg,Tiger_Woods,dark,Tiger_Woods,True,0.017733467742800713
./data/processed/test/Tiger_Woods/Tiger_Woods_0001.jpg,Tiger_Woods,bright,Tiger_Woods,True,0.017843537032604218
./data/processed/test/Tiger_Woods/Tiger_Woods_0009.jpg,Tiger_Woods,original,Tiger_Woods,True,0.01843034103512764
./data/processed/test/Tiger_Woods/Tiger_Woods_0009.jpg,Tiger_Woods,mask_eyes,Tiger_Woods,True,0.017838142812252045
./data/processed/test/Tiger_Woods/Tiger_Woods_0009.jpg,Tiger_Woods,mask_nose,Tiger_Woods,True,0.017962636426091194
./data/processed/test/Tiger_Woods/Tiger_Woods_0009.jpg,Tiger_Woods,mask_mouth,Tiger_Woods,True,0.016775472089648247
./data/processed/test/Tiger_Woods/Tiger_Woods_0009.jpg,Tiger_Woods,mask_face_oval,Hugo_Chavez,False,0.01231080200523138
./data/processed/test/Tiger_Woods/Tiger_Woods_0009.jpg,Tiger_Woods,mask_outside_face,Tiger_Woods,True,0.018171582370996475
./data/processed/test/Tiger_Woods/Tiger_Woods_0009.jpg,Tiger_Woods,dark,Tiger_Woods,True,0.018433989956974983
./data/processed/test/Tiger_Woods/Tiger_Woods_0009.jpg,Tiger_Woods,bright,Tiger_Woods,True,0.018229976296424866
./data/processed/test/Tiger_Woods/Tiger_Woods_0010.jpg,Tiger_Woods,original,Tiger_Woods,True,0.018375040963292122
./data/processed/test/Tiger_Woods/Tiger_Woods_0010.jpg,Tiger_Woods,mask_eyes,Tiger_Woods,True,0.018469681963324547
./data/processed/test/Tiger_Woods/Tiger_Woods_0010.jpg,Tiger_Woods,mask_nose,Tiger_Woods,True,0.017537808045744896
./data/processed/test/Tiger_Woods/Tiger_Woods_0010.jpg,Tiger_Woods,mask_mouth,Tiger_Woods,True,0.017903244122862816
./data/processed/test/Tiger_Woods/Tiger_Woods_0010.jpg,Tiger_Woods,mask_face_oval,Hugo_Chavez,False,0.01340826228260994
./data/processed/test/Tiger_Woods/Tiger_Woods_0010.jpg,Tiger_Woods,mask_outside_face,Tiger_Woods,True,0.01834406517446041
./data/processed/test/Tiger_Woods/Tiger_Woods_0010.jpg,Tiger_Woods,dark,Tiger_Woods,True,0.018176348879933357
./data/processed/test/Tiger_Woods/Tiger_Woods_0010.jpg,Tiger_Woods,bright,Tiger_Woods,True,0.018428830429911613
./data/processed/test/Tiger_Woods/Tiger_Woods_0016.jpg,Tiger_Woods,original,Tiger_Woods,True,0.01825486309826374
./data/processed/test/Tiger_Woods/Tiger_Woods_0016.jpg,Tiger_Woods,mask_eyes,Tiger_Woods,True,0.01811196468770504
./data/processed/test/Tiger_Woods/Tiger_Woods_0016.jpg,Tiger_Woods,mask_nose,Tiger_Woods,True,0.017047831788659096
./data/processed/test/Tiger_Woods/Tiger_Woods_0016.jpg,Tiger_Woods,mask_mouth,Tiger_Woods,True,0.018458573147654533
./data/processed/test/Tiger_Woods/Tiger_Woods_0016.jpg,Tiger_Woods,mask_face_oval,Hugo_Chavez,False,0.012204047292470932
./data/processed/test/Tiger_Woods/Tiger_Woods_0016.jpg,Tiger_Woods,mask_outside_face,Tiger_Woods,True,0.017744967713952065
./data/processed/test/Tiger_Woods/Tiger_Woods_0016.jpg,Tiger_Woods,dark,Tiger_Woods,True,0.018079673871397972
./data/processed/test/Tiger_Woods/Tiger_Woods_0016.jpg,Tiger_Woods,bright,Tiger_Woods,True,0.01828259974718094
./data/processed/test/Tiger_Woods/Tiger_Woods_0018.jpg,Tiger_Woods,original,Tiger_Woods,True,0.017936429008841515
./data/processed/test/Tiger_Woods/Tiger_Woods_0018.jpg,Tiger_Woods,mask_eyes,Tiger_Woods,True,0.01745445467531681
./data/processed/test/Tiger_Woods/Tiger_Woods_0018.jpg,Tiger_Woods,mask_nose,Tiger_Woods,True,0.014928210526704788
./data/processed/test/Tiger_Woods/Tiger_Woods_0018.jpg,Tiger_Woods,mask_mouth,Tiger_Woods,True,0.01785079576075077
./data/processed/test/Tiger_Woods/Tiger_Woods_0018.jpg,Tiger_Woods,mask_face_oval,Hugo_Chavez,False,0.010874594561755657
./data/processed/test/Tiger_Woods/Tiger_Woods_0018.jpg,Tiger_Woods,mask_outside_face,Tiger_Woods,True,0.0177680104970932
./data/processed/test/Tiger_Woods/Tiger_Woods_0018.jpg,Tiger_Woods,dark,Tiger_Woods,True,0.017974121496081352
./data/processed/test/Tiger_Woods/Tiger_Woods_0018.jpg,Tiger_Woods,bright,Tiger_Woods,True,0.017637165263295174
./data/processed/test/Tim_Henman/Tim_Henman_0001.jpg,Tim_Henman,original,Tim_Henman,True,0.015298559330403805
./data/processed/test/Tim_Henman/Tim_Henman_0001.jpg,Tim_Henman,mask_eyes,Tim_Henman,True,0.014495068229734898
./data/processed/test/Tim_Henman/Tim_Henman_0001.jpg,Tim_Henman,mask_nose,Tim_Henman,True,0.015152293257415295
./data/processed/test/Tim_Henman/Tim_Henman_0001.jpg,Tim_Henman,mask_mouth,Tim_Henman,True,0.015047881752252579
./data/processed/test/Tim_Henman/Tim_Henman_0001.jpg,Tim_Henman,mask_face_oval,Hugo_Chavez,False,0.011746172793209553
./data/processed/test/Tim_Henman/Tim_Henman_0001.jpg,Tim_Henman,mask_outside_face,Anna_Kournikova,False,0.009471460245549679
./data/processed/test/Tim_Henman/Tim_Henman_0001.jpg,Tim_Henman,dark,Tim_Henman,True,0.015134027227759361
./data/processed/test/Tim_Henman/Tim_Henman_0001.jpg,Tim_Henman,bright,Tim_Henman,True,0.015229164622724056
./data/processed/test/Tim_Henman/Tim_Henman_0002.jpg,Tim_Henman,original,Tim_Henman,True,0.014970274642109871
./data/processed/test/Tim_Henman/Tim_Henman_0002.jpg,Tim_Henman,mask_eyes,Gerhard_Schroeder,False,0.014568023383617401
./data/processed/test/Tim_Henman/Tim_Henman_0002.jpg,Tim_Henman,mask_nose,Tim_Henman,True,0.014418935403227806
./data/processed/test/Tim_Henman/Tim_Henman_0002.jpg,Tim_Henman,mask_mouth,Tim_Henman,True,0.014628486707806587
./data/processed/test/Tim_Henman/Tim_Henman_0002.jpg,Tim_Henman,mask_face_oval,Hugo_Chavez,False,0.011901401914656162
./data/processed/test/Tim_Henman/Tim_Henman_0002.jpg,Tim_Henman,mask_outside_face,David_Beckham,False,0.01348776277154684
./data/processed/test/Tim_Henman/Tim_Henman_0002.jpg,Tim_Henman,dark,Tim_Henman,True,0.014868644066154957
./data/processed/test/Tim_Henman/Tim_Henman_0002.jpg,Tim_Henman,bright,Tim_Henman,True,0.014983229339122772
./data/processed/test/Tim_Henman/Tim_Henman_0006.jpg,Tim_Henman,original,Tim_Henman,True,0.014943706803023815
./data/processed/test/Tim_Henman/Tim_Henman_0006.jpg,Tim_Henman,mask_eyes,Gerhard_Schroeder,False,0.013067799620330334
./data/processed/test/Tim_Henman/Tim_Henman_0006.jpg,Tim_Henman,mask_nose,Tim_Henman,True,0.014529765583574772
./data/processed/test/Tim_Henman/Tim_Henman_0006.jpg,Tim_Henman,mask_mouth,Tim_Henman,True,0.014029772952198982
./data/processed/test/Tim_Henman/Tim_Henman_0006.jpg,Tim_Henman,mask_face_oval,Hugo_Chavez,False,0.011684263125061989
./data/processed/test/Tim_Henman/Tim_Henman_0006.jpg,Tim_Henman,mask_outside_face,Carlos_Moya,False,0.009907281026244164
./data/processed/test/Tim_Henman/Tim_Henman_0006.jpg,Tim_Henman,dark,Tim_Henman,True,0.014826491475105286
./data/processed/test/Tim_Henman/Tim_Henman_0006.jpg,Tim_Henman,bright,Tim_Henman,True,0.014259535819292068
./data/processed/test/Tim_Henman/Tim_Henman_0012.jpg,Tim_Henman,original,Tim_Henman,True,0.015557711943984032
./data/processed/test/Tim_Henman/Tim_Henman_0012.jpg,Tim_Henman,mask_eyes,Tim_Henman,True,0.015360386110842228
./data/processed/test/Tim_Henman/Tim_Henman_0012.jpg,Tim_Henman,mask_nose,Tim_Henman,True,0.014959573745727539
./data/processed/test/Tim_Henman/Tim_Henman_0012.jpg,Tim_Henman,mask_mouth,Tim_Henman,True,0.014871626161038876
./data/processed/test/Tim_Henman/Tim_Henman_0012.jpg,Tim_Henman,mask_face_oval,Arnold_Schwarzenegger,False,0.01195351593196392
./data/processed/test/Tim_Henman/Tim_Henman_0012.jpg,Tim_Henman,mask_outside_face,David_Beckham,False,0.013576976023614407
./data/processed/test/Tim_Henman/Tim_Henman_0012.jpg,Tim_Henman,dark,Tim_Henman,True,0.01556360349059105
./data/processed/test/Tim_Henman/Tim_Henman_0012.jpg,Tim_Henman,bright,Tim_Henman,True,0.015565715730190277
./data/processed/test/Tom_Cruise/Tom_Cruise_0002.jpg,Tom_Cruise,original,Tom_Cruise,True,0.011591478250920773
./data/processed/test/Tom_Cruise/Tom_Cruise_0002.jpg,Tom_Cruise,mask_eyes,Tom_Cruise,True,0.011568807996809483
./data/processed/test/Tom_Cruise/Tom_Cruise_0002.jpg,Tom_Cruise,mask_nose,Tom_Cruise,True,0.011382240802049637
./data/processed/test/Tom_Cruise/Tom_Cruise_0002.jpg,Tom_Cruise,mask_mouth,Tom_Cruise,True,0.009569494985044003
./data/processed/test/Tom_Cruise/Tom_Cruise_0002.jpg,Tom_Cruise,mask_face_oval,Tony_Blair,False,0.010486207902431488
./data/processed/test/Tom_Cruise/Tom_Cruise_0002.jpg,Tom_Cruise,mask_outside_face,Tiger_Woods,False,0.011687083169817924
./data/processed/test/Tom_Cruise/Tom_Cruise_0002.jpg,Tom_Cruise,dark,Tom_Cruise,True,0.011418482288718224
./data/processed/test/Tom_Cruise/Tom_Cruise_0002.jpg,Tom_Cruise,bright,Tom_Cruise,True,0.011539391241967678
./data/processed/test/Tom_Cruise/Tom_Cruise_0009.jpg,Tom_Cruise,original,Tom_Cruise,True,0.01062149927020073
./data/processed/test/Tom_Cruise/Tom_Cruise_0009.jpg,Tom_Cruise,mask_eyes,Tom_Cruise,True,0.010452942922711372
./data/processed/test/Tom_Cruise/Tom_Cruise_0009.jpg,Tom_Cruise,mask_nose,Tiger_Woods,False,0.010403694584965706
./data/processed/test/Tom_Cruise/Tom_Cruise_0009.jpg,Tom_Cruise,mask_mouth,Tom_Cruise,True,0.010039820335805416
./data/processed/test/Tom_Cruise/Tom_Cruise_0009.jpg,Tom_Cruise,mask_face_oval,Jiang_Zemin,False,0.00957510620355606
./data/processed/test/Tom_Cruise/Tom_Cruise_0009.jpg,Tom_Cruise,mask_outside_face,Tiger_Woods,False,0.00996293406933546
./data/processed/test/Tom_Cruise/Tom_Cruise_0009.jpg,Tom_Cruise,dark,Tom_Cruise,True,0.010810688138008118
./data/processed/test/Tom_Cruise/Tom_Cruise_0009.jpg,Tom_Cruise,bright,Tom_Cruise,True,0.009996550157666206
./data/processed/test/Tom_Daschle/Tom_Daschle_0001.jpg,Tom_Daschle,original,Tom_Daschle,True,0.017978791147470474
./data/processed/test/Tom_Daschle/Tom_Daschle_0001.jpg,Tom_Daschle,mask_eyes,Tom_Daschle,True,0.01746780425310135
./data/processed/test/Tom_Daschle/Tom_Daschle_0001.jpg,Tom_Daschle,mask_nose,George_W_Bush,False,0.019162725657224655
./data/processed/test/Tom_Daschle/Tom_Daschle_0001.jpg,Tom_Daschle,mask_mouth,Tom_Daschle,True,0.01772180013358593
./data/processed/test/Tom_Daschle/Tom_Daschle_0001.jpg,Tom_Daschle,mask_face_oval,Hugo_Chavez,False,0.010507790371775627
./data/processed/test/Tom_Daschle/Tom_Daschle_0001.jpg,Tom_Daschle,mask_outside_face,Gerhard_Schroeder,False,0.01234203577041626
./data/processed/test/Tom_Daschle/Tom_Daschle_0001.jpg,Tom_Daschle,dark,Tom_Daschle,True,0.018989354372024536
./data/processed/test/Tom_Daschle/Tom_Daschle_0001.jpg,Tom_Daschle,bright,Tom_Daschle,True,0.016917359083890915
./data/processed/test/Tom_Daschle/Tom_Daschle_0009.jpg,Tom_Daschle,original,Tom_Daschle,True,0.018843643367290497
./data/processed/test/Tom_Daschle/Tom_Daschle_0009.jpg,Tom_Daschle,mask_eyes,Tom_Daschle,True,0.01631125435233116
./data/processed/test/Tom_Daschle/Tom_Daschle_0009.jpg,Tom_Daschle,mask_nose,Tom_Daschle,True,0.01566898636519909
./data/processed/test/Tom_Daschle/Tom_Daschle_0009.jpg,Tom_Daschle,mask_mouth,Tom_Daschle,True,0.019031448289752007
./data/processed/test/Tom_Daschle/Tom_Daschle_0009.jpg,Tom_Daschle,mask_face_oval,Michael_Schumacher,False,0.010007230564951897
./data/processed/test/Tom_Daschle/Tom_Daschle_0009.jpg,Tom_Daschle,mask_outside_face,Tom_Daschle,True,0.013286563567817211
./data/processed/test/Tom_Daschle/Tom_Daschle_0009.jpg,Tom_Daschle,dark,Tom_Daschle,True,0.018329791724681854
./data/processed/test/Tom_Daschle/Tom_Daschle_0009.jpg,Tom_Daschle,bright,Tom_Daschle,True,0.016335414722561836
./data/processed/test/Tom_Daschle/Tom_Daschle_0012.jpg,Tom_Daschle,original,Tom_Daschle,True,0.020511245355010033
./data/processed/test/Tom_Daschle/Tom_Daschle_0012.jpg,Tom_Daschle,mask_eyes,Tom_Daschle,True,0.020155712962150574
./data/processed/test/Tom_Daschle/Tom_Daschle_0012.jpg,Tom_Daschle,mask_nose,Tom_Daschle,True,0.02018582448363304
./data/processed/test/Tom_Daschle/Tom_Daschle_0012.jpg,Tom_Daschle,mask_mouth,Tom_Daschle,True,0.020472507923841476
./data/processed/test/Tom_Daschle/Tom_Daschle_0012.jpg,Tom_Daschle,mask_face_oval,Michael_Schumacher,False,0.010278117842972279
./data/processed/test/Tom_Daschle/Tom_Daschle_0012.jpg,Tom_Daschle,mask_outside_face,Colin_Powell,False,0.017673879861831665
./data/processed/test/Tom_Daschle/Tom_Daschle_0012.jpg,Tom_Daschle,dark,Tom_Daschle,True,0.020601028576493263
./data/processed/test/Tom_Daschle/Tom_Daschle_0012.jpg,Tom_Daschle,bright,Tom_Daschle,True,0.02050311118364334
./data/processed/test/Tom_Daschle/Tom_Daschle_0017.jpg,Tom_Daschle,original,Tom_Daschle,True,0.020705167204141617
./data/processed/test/Tom_Daschle/Tom_Daschle_0017.jpg,Tom_Daschle,mask_eyes,Tom_Daschle,True,0.02061588130891323
./data/processed/test/Tom_Daschle/Tom_Daschle_0017.jpg,Tom_Daschle,mask_nose,Tom_Daschle,True,0.020658444613218307
./data/processed/test/Tom_Daschle/Tom_Daschle_0017.jpg,Tom_Daschle,mask_mouth,Tom_Daschle,True,0.020701266825199127
./data/processed/test/Tom_Daschle/Tom_Daschle_0017.jpg,Tom_Daschle,mask_face_oval,Hugo_Chavez,False,0.010029998607933521
./data/processed/test/Tom_Daschle/Tom_Daschle_0017.jpg,Tom_Daschle,mask_outside_face,Tom_Daschle,True,0.01911894977092743
./data/processed/test/Tom_Daschle/Tom_Daschle_0017.jpg,Tom_Daschle,dark,Tom_Daschle,True,0.020672189071774483
./data/processed/test/Tom_Daschle/Tom_Daschle_0017.jpg,Tom_Daschle,bright,Tom_Daschle,True,0.02074754796922207
./data/processed/test/Tom_Daschle/Tom_Daschle_0024.jpg,Tom_Daschle,original,Tom_Daschle,True,0.02070804126560688
./data/processed/test/Tom_Daschle/Tom_Daschle_0024.jpg,Tom_Daschle,mask_eyes,Tom_Daschle,True,0.02067084051668644
./data/processed/test/Tom_Daschle/Tom_Daschle_0024.jpg,Tom_Daschle,mask_nose,Tom_Daschle,True,0.02049137093126774
./data/processed/test/Tom_Daschle/Tom_Daschle_0024.jpg,Tom_Daschle,mask_mouth,Tom_Daschle,True,0.020676996558904648
./data/processed/test/Tom_Daschle/Tom_Daschle_0024.jpg,Tom_Daschle,mask_face_oval,Michael_Schumacher,False,0.010681922547519207
./data/processed/test/Tom_Daschle/Tom_Daschle_0024.jpg,Tom_Daschle,mask_outside_face,Tom_Daschle,True,0.019225895404815674
./data/processed/test/Tom_Daschle/Tom_Daschle_0024.jpg,Tom_Daschle,dark,Tom_Daschle,True,0.0206419937312603
./data/processed/test/Tom_Daschle/Tom_Daschle_0024.jpg,Tom_Daschle,bright,Tom_Daschle,True,0.020723622292280197
./data/processed/test/Tom_Hanks/Tom_Hanks_0002.jpg,Tom_Hanks,original,Arnold_Schwarzenegger,False,0.00995619222521782
./data/processed/test/Tom_Hanks/Tom_Hanks_0002.jpg,Tom_Hanks,mask_eyes,Arnold_Schwarzenegger,False,0.010907856747508049
./data/processed/test/Tom_Hanks/Tom_Hanks_0002.jpg,Tom_Hanks,mask_nose,Jeremy_Greenstock,False,0.01003812812268734
./data/processed/test/Tom_Hanks/Tom_Hanks_0002.jpg,Tom_Hanks,mask_mouth,Arnold_Schwarzenegger,False,0.010130071081221104
./data/processed/test/Tom_Hanks/Tom_Hanks_0002.jpg,Tom_Hanks,mask_face_oval,Michael_Schumacher,False,0.01109358761459589
./data/processed/test/Tom_Hanks/Tom_Hanks_0002.jpg,Tom_Hanks,mask_outside_face,Jeremy_Greenstock,False,0.009309264831244946
./data/processed/test/Tom_Hanks/Tom_Hanks_0002.jpg,Tom_Hanks,dark,Arnold_Schwarzenegger,False,0.010840022936463356
./data/processed/test/Tom_Hanks/Tom_Hanks_0002.jpg,Tom_Hanks,bright,Silvio_Berlusconi,False,0.009676099754869938
./data/processed/test/Tom_Hanks/Tom_Hanks_0009.jpg,Tom_Hanks,original,Arnold_Schwarzenegger,False,0.010132278315722942
./data/processed/test/Tom_Hanks/Tom_Hanks_0009.jpg,Tom_Hanks,mask_eyes,Arnold_Schwarzenegger,False,0.011195831000804901
./data/processed/test/Tom_Hanks/Tom_Hanks_0009.jpg,Tom_Hanks,mask_nose,Arnold_Schwarzenegger,False,0.01045705284923315
./data/processed/test/Tom_Hanks/Tom_Hanks_0009.jpg,Tom_Hanks,mask_mouth,Arnold_Schwarzenegger,False,0.00985050480812788
./data/processed/test/Tom_Hanks/Tom_Hanks_0009.jpg,Tom_Hanks,mask_face_oval,Arnold_Schwarzenegger,False,0.010551667772233486
./data/processed/test/Tom_Hanks/Tom_Hanks_0009.jpg,Tom_Hanks,mask_outside_face,John_Howard,False,0.012684579938650131
./data/processed/test/Tom_Hanks/Tom_Hanks_0009.jpg,Tom_Hanks,dark,Tom_Hanks,True,0.009892044588923454
./data/processed/test/Tom_Hanks/Tom_Hanks_0009.jpg,Tom_Hanks,bright,Arnold_Schwarzenegger,False,0.010525163263082504
./data/processed/test/Tom_Ridge/Tom_Ridge_0009.jpg,Tom_Ridge,original,Tom_Ridge,True,0.0227857306599617
./data/processed/test/Tom_Ridge/Tom_Ridge_0009.jpg,Tom_Ridge,mask_eyes,Tom_Ridge,True,0.022911088541150093
./data/processed/test/Tom_Ridge/Tom_Ridge_0009.jpg,Tom_Ridge,mask_nose,Tom_Ridge,True,0.017840363085269928
./data/processed/test/Tom_Ridge/Tom_Ridge_0009.jpg,Tom_Ridge,mask_mouth,Tom_Ridge,True,0.022829784080386162
./data/processed/test/Tom_Ridge/Tom_Ridge_0009.jpg,Tom_Ridge,mask_face_oval,Hugo_Chavez,False,0.012388603761792183
./data/processed/test/Tom_Ridge/Tom_Ridge_0009.jpg,Tom_Ridge,mask_outside_face,Tom_Ridge,True,0.018459709361195564
./data/processed/test/Tom_Ridge/Tom_Ridge_0009.jpg,Tom_Ridge,dark,Tom_Ridge,True,0.022254345938563347
./data/processed/test/Tom_Ridge/Tom_Ridge_0009.jpg,Tom_Ridge,bright,Tom_Ridge,True,0.022361187264323235
./data/processed/test/Tom_Ridge/Tom_Ridge_0010.jpg,Tom_Ridge,original,Tom_Ridge,True,0.023821882903575897
./data/processed/test/Tom_Ridge/Tom_Ridge_0010.jpg,Tom_Ridge,mask_eyes,Tom_Ridge,True,0.02348809875547886
./data/processed/test/Tom_Ridge/Tom_Ridge_0010.jpg,Tom_Ridge,mask_nose,Tom_Ridge,True,0.02349594235420227
./data/processed/test/Tom_Ridge/Tom_Ridge_0010.jpg,Tom_Ridge,mask_mouth,Tom_Ridge,True,0.023840827867388725
./data/processed/test/Tom_Ridge/Tom_Ridge_0010.jpg,Tom_Ridge,mask_face_oval,Jiang_Zemin,False,0.009932182729244232
./data/processed/test/Tom_Ridge/Tom_Ridge_0010.jpg,Tom_Ridge,mask_outside_face,Tom_Ridge,True,0.01813908852636814
./data/processed/test/Tom_Ridge/Tom_Ridge_0010.jpg,Tom_Ridge,dark,Tom_Ridge,True,0.023783834651112556
./data/processed/test/Tom_Ridge/Tom_Ridge_0010.jpg,Tom_Ridge,bright,Tom_Ridge,True,0.023785356432199478
./data/processed/test/Tom_Ridge/Tom_Ridge_0016.jpg,Tom_Ridge,original,Tom_Ridge,True,0.023440426215529442
./data/processed/test/Tom_Ridge/Tom_Ridge_0016.jpg,Tom_Ridge,mask_eyes,Tom_Ridge,True,0.023044658824801445
./data/processed/test/Tom_Ridge/Tom_Ridge_0016.jpg,Tom_Ridge,mask_nose,Tom_Ridge,True,0.02294072136282921
./data/processed/test/Tom_Ridge/Tom_Ridge_0016.jpg,Tom_Ridge,mask_mouth,Tom_Ridge,True,0.023521440103650093
./data/processed/test/Tom_Ridge/Tom_Ridge_0016.jpg,Tom_Ridge,mask_face_oval,Jiang_Zemin,False,0.009865251369774342
./data/processed/test/Tom_Ridge/Tom_Ridge_0016.jpg,Tom_Ridge,mask_outside_face,Tom_Ridge,True,0.02145693078637123
./data/processed/test/Tom_Ridge/Tom_Ridge_0016.jpg,Tom_Ridge,dark,Tom_Ridge,True,0.023129917681217194
./data/processed/test/Tom_Ridge/Tom_Ridge_0016.jpg,Tom_Ridge,bright,Tom_Ridge,True,0.023341376334428787
./data/processed/test/Tom_Ridge/Tom_Ridge_0018.jpg,Tom_Ridge,original,Tom_Ridge,True,0.023607162758708
./data/processed/test/Tom_Ridge/Tom_Ridge_0018.jpg,Tom_Ridge,mask_eyes,Tom_Ridge,True,0.023400524631142616
./data/processed/test/Tom_Ridge/Tom_Ridge_0018.jpg,Tom_Ridge,mask_nose,Tom_Ridge,True,0.02282365784049034
./data/processed/test/Tom_Ridge/Tom_Ridge_0018.jpg,Tom_Ridge,mask_mouth,Tom_Ridge,True,0.02360781654715538
./data/processed/test/Tom_Ridge/Tom_Ridge_0018.jpg,Tom_Ridge,mask_face_oval,Hugo_Chavez,False,0.009830239228904247
./data/processed/test/Tom_Ridge/Tom_Ridge_0018.jpg,Tom_Ridge,mask_outside_face,Tom_Ridge,True,0.02081204205751419
./data/processed/test/Tom_Ridge/Tom_Ridge_0018.jpg,Tom_Ridge,dark,Tom_Ridge,True,0.023481762036681175
./data/processed/test/Tom_Ridge/Tom_Ridge_0018.jpg,Tom_Ridge,bright,Tom_Ridge,True,0.02355726808309555
./data/processed/test/Tom_Ridge/Tom_Ridge_0020.jpg,Tom_Ridge,original,Tom_Ridge,True,0.023051077499985695
./data/processed/test/Tom_Ridge/Tom_Ridge_0020.jpg,Tom_Ridge,mask_eyes,Tom_Ridge,True,0.021591654047369957
./data/processed/test/Tom_Ridge/Tom_Ridge_0020.jpg,Tom_Ridge,mask_nose,Tom_Ridge,True,0.019981013610959053
./data/processed/test/Tom_Ridge/Tom_Ridge_0020.jpg,Tom_Ridge,mask_mouth,Tom_Ridge,True,0.023157380521297455
./data/processed/test/Tom_Ridge/Tom_Ridge_0020.jpg,Tom_Ridge,mask_face_oval,Michael_Schumacher,False,0.01114588137716055
./data/processed/test/Tom_Ridge/Tom_Ridge_0020.jpg,Tom_Ridge,mask_outside_face,Tom_Ridge,True,0.018836529925465584
./data/processed/test/Tom_Ridge/Tom_Ridge_0020.jpg,Tom_Ridge,dark,Tom_Ridge,True,0.022615211084485054
./data/processed/test/Tom_Ridge/Tom_Ridge_0020.jpg,Tom_Ridge,bright,Tom_Ridge,True,0.022471457719802856
./data/processed/test/Tom_Ridge/Tom_Ridge_0027.jpg,Tom_Ridge,original,Tom_Ridge,True,0.023823654279112816
./data/processed/test/Tom_Ridge/Tom_Ridge_0027.jpg,Tom_Ridge,mask_eyes,Tom_Ridge,True,0.02375471405684948
./data/processed/test/Tom_Ridge/Tom_Ridge_0027.jpg,Tom_Ridge,mask_nose,Tom_Ridge,True,0.023753827437758446
./data/processed/test/Tom_Ridge/Tom_Ridge_0027.jpg,Tom_Ridge,mask_mouth,Tom_Ridge,True,0.023849694058299065
./data/processed/test/Tom_Ridge/Tom_Ridge_0027.jpg,Tom_Ridge,mask_face_oval,Gerhard_Schroeder,False,0.010109827853739262
./data/processed/test/Tom_Ridge/Tom_Ridge_0027.jpg,Tom_Ridge,mask_outside_face,Tom_Ridge,True,0.022590110078454018
./data/processed/test/Tom_Ridge/Tom_Ridge_0027.jpg,Tom_Ridge,dark,Tom_Ridge,True,0.023795058950781822
./data/processed/test/Tom_Ridge/Tom_Ridge_0027.jpg,Tom_Ridge,bright,Tom_Ridge,True,0.023802656680345535
./data/processed/test/Tom_Ridge/Tom_Ridge_0032.jpg,Tom_Ridge,original,Tom_Ridge,True,0.023173397406935692
./data/processed/test/Tom_Ridge/Tom_Ridge_0032.jpg,Tom_Ridge,mask_eyes,Tom_Ridge,True,0.022806977853178978
./data/processed/test/Tom_Ridge/Tom_Ridge_0032.jpg,Tom_Ridge,mask_nose,Tom_Ridge,True,0.021112462505698204
./data/processed/test/Tom_Ridge/Tom_Ridge_0032.jpg,Tom_Ridge,mask_mouth,Tom_Ridge,True,0.023031942546367645
./data/processed/test/Tom_Ridge/Tom_Ridge_0032.jpg,Tom_Ridge,mask_face_oval,Hugo_Chavez,False,0.01253702025860548
./data/processed/test/Tom_Ridge/Tom_Ridge_0032.jpg,Tom_Ridge,mask_outside_face,Tom_Ridge,True,0.01799067109823227
./data/processed/test/Tom_Ridge/Tom_Ridge_0032.jpg,Tom_Ridge,dark,Tom_Ridge,True,0.023304471746087074
./data/processed/test/Tom_Ridge/Tom_Ridge_0032.jpg,Tom_Ridge,bright,Tom_Ridge,True,0.023057712242007256
./data/processed/test/Tommy_Franks/Tommy_Franks_0001.jpg,Tommy_Franks,original,Tommy_Franks,True,0.013574776239693165
./data/processed/test/Tommy_Franks/Tommy_Franks_0001.jpg,Tommy_Franks,mask_eyes,Tommy_Franks,True,0.013657194562256336
./data/processed/test/Tommy_Franks/Tommy_Franks_0001.jpg,Tommy_Franks,mask_nose,Tommy_Franks,True,0.013331512920558453
./data/processed/test/Tommy_Franks/Tommy_Franks_0001.jpg,Tommy_Franks,mask_mouth,Tommy_Franks,True,0.013529960997402668
./data/processed/test/Tommy_Franks/Tommy_Franks_0001.jpg,Tommy_Franks,mask_face_oval,Hugo_Chavez,False,0.013512850739061832
./data/processed/test/Tommy_Franks/Tommy_Franks_0001.jpg,Tommy_Franks,mask_outside_face,Tommy_Franks,True,0.012637638486921787
./data/processed/test/Tommy_Franks/Tommy_Franks_0001.jpg,Tommy_Franks,dark,Tommy_Franks,True,0.013388965278863907
./data/processed/test/Tommy_Franks/Tommy_Franks_0001.jpg,Tommy_Franks,bright,Tommy_Franks,True,0.013628018088638783
./data/processed/test/Tommy_Franks/Tommy_Franks_0002.jpg,Tommy_Franks,original,Tommy_Franks,True,0.012480024248361588
./data/processed/test/Tommy_Franks/Tommy_Franks_0002.jpg,Tommy_Franks,mask_eyes,Tommy_Franks,True,0.012370284646749496
./data/processed/test/Tommy_Franks/Tommy_Franks_0002.jpg,Tommy_Franks,mask_nose,Tommy_Franks,True,0.011792333796620369
./data/processed/test/Tommy_Franks/Tommy_Franks_0002.jpg,Tommy_Franks,mask_mouth,Hamid_Karzai,False,0.011763595044612885
./data/processed/test/Tommy_Franks/Tommy_Franks_0002.jpg,Tommy_Franks,mask_face_oval,Hugo_Chavez,False,0.012373031117022038
./data/processed/test/Tommy_Franks/Tommy_Franks_0002.jpg,Tommy_Franks,mask_outside_face,Hamid_Karzai,False,0.013362321071326733
./data/processed/test/Tommy_Franks/Tommy_Franks_0002.jpg,Tommy_Franks,dark,Tommy_Franks,True,0.012443327344954014
./data/processed/test/Tommy_Franks/Tommy_Franks_0002.jpg,Tommy_Franks,bright,Hamid_Karzai,False,0.012282563373446465
./data/processed/test/Tommy_Franks/Tommy_Franks_0006.jpg,Tommy_Franks,original,Vladimir_Putin,False,0.01340621616691351
./data/processed/test/Tommy_Franks/Tommy_Franks_0006.jpg,Tommy_Franks,mask_eyes,Vladimir_Putin,False,0.014468998648226261
./data/processed/test/Tommy_Franks/Tommy_Franks_0006.jpg,Tommy_Franks,mask_nose,Vladimir_Putin,False,0.012648258358240128
./data/processed/test/Tommy_Franks/Tommy_Franks_0006.jpg,Tommy_Franks,mask_mouth,Tommy_Franks,True,0.012630465440452099
./data/processed/test/Tommy_Franks/Tommy_Franks_0006.jpg,Tommy_Franks,mask_face_oval,Lance_Armstrong,False,0.010949084535241127
./data/processed/test/Tommy_Franks/Tommy_Franks_0006.jpg,Tommy_Franks,mask_outside_face,Vladimir_Putin,False,0.01310514286160469
./data/processed/test/Tommy_Franks/Tommy_Franks_0006.jpg,Tommy_Franks,dark,Vladimir_Putin,False,0.013170525431632996
./data/processed/test/Tommy_Franks/Tommy_Franks_0006.jpg,Tommy_Franks,bright,Tommy_Franks,True,0.01299420278519392
./data/processed/test/Tommy_Franks/Tommy_Franks_0015.jpg,Tommy_Franks,original,Tommy_Franks,True,0.012702074833214283
./data/processed/test/Tommy_Franks/Tommy_Franks_0015.jpg,Tommy_Franks,mask_eyes,Tommy_Franks,True,0.013343973085284233
./data/processed/test/Tommy_Franks/Tommy_Franks_0015.jpg,Tommy_Franks,mask_nose,Vladimir_Putin,False,0.013912570662796497
./data/processed/test/Tommy_Franks/Tommy_Franks_0015.jpg,Tommy_Franks,mask_mouth,Tommy_Franks,True,0.01226411759853363
./data/processed/test/Tommy_Franks/Tommy_Franks_0015.jpg,Tommy_Franks,mask_face_oval,Arnold_Schwarzenegger,False,0.011117037385702133
./data/processed/test/Tommy_Franks/Tommy_Franks_0015.jpg,Tommy_Franks,mask_outside_face,Jacques_Chirac,False,0.014650997705757618
./data/processed/test/Tommy_Franks/Tommy_Franks_0015.jpg,Tommy_Franks,dark,Tommy_Franks,True,0.012691670097410679
./data/processed/test/Tommy_Franks/Tommy_Franks_0015.jpg,Tommy_Franks,bright,Tommy_Franks,True,0.012978936545550823
./data/processed/test/Tommy_Thompson/Tommy_Thompson_0002.jpg,Tommy_Thompson,original,Arnold_Schwarzenegger,False,0.011481485329568386
./data/processed/test/Tommy_Thompson/Tommy_Thompson_0002.jpg,Tommy_Thompson,mask_eyes,Arnold_Schwarzenegger,False,0.012383300811052322
./data/processed/test/Tommy_Thompson/Tommy_Thompson_0002.jpg,Tommy_Thompson,mask_nose,Arnold_Schwarzenegger,False,0.014090221375226974
./data/processed/test/Tommy_Thompson/Tommy_Thompson_0002.jpg,Tommy_Thompson,mask_mouth,Arnold_Schwarzenegger,False,0.012106799520552158
./data/processed/test/Tommy_Thompson/Tommy_Thompson_0002.jpg,Tommy_Thompson,mask_face_oval,Arnold_Schwarzenegger,False,0.010247863829135895
./data/processed/test/Tommy_Thompson/Tommy_Thompson_0002.jpg,Tommy_Thompson,mask_outside_face,Jeremy_Greenstock,False,0.0102713443338871
./data/processed/test/Tommy_Thompson/Tommy_Thompson_0002.jpg,Tommy_Thompson,dark,Arnold_Schwarzenegger,False,0.011173035949468613
./data/processed/test/Tommy_Thompson/Tommy_Thompson_0002.jpg,Tommy_Thompson,bright,Arnold_Schwarzenegger,False,0.012143065221607685
./data/processed/test/Tommy_Thompson/Tommy_Thompson_0009.jpg,Tommy_Thompson,original,Jose_Maria_Aznar,False,0.011642803438007832
./data/processed/test/Tommy_Thompson/Tommy_Thompson_0009.jpg,Tommy_Thompson,mask_eyes,Jose_Maria_Aznar,False,0.012120366096496582
./data/processed/test/Tommy_Thompson/Tommy_Thompson_0009.jpg,Tommy_Thompson,mask_nose,Arnold_Schwarzenegger,False,0.012538280338048935
./data/processed/test/Tommy_Thompson/Tommy_Thompson_0009.jpg,Tommy_Thompson,mask_mouth,Jose_Maria_Aznar,False,0.012086525559425354
./data/processed/test/Tommy_Thompson/Tommy_Thompson_0009.jpg,Tommy_Thompson,mask_face_oval,Jose_Maria_Aznar,False,0.010244835168123245
./data/processed/test/Tommy_Thompson/Tommy_Thompson_0009.jpg,Tommy_Thompson,mask_outside_face,Andre_Agassi,False,0.011454186402261257
./data/processed/test/Tommy_Thompson/Tommy_Thompson_0009.jpg,Tommy_Thompson,dark,Jose_Maria_Aznar,False,0.012282763607800007
./data/processed/test/Tommy_Thompson/Tommy_Thompson_0009.jpg,Tommy_Thompson,bright,Vicente_Fox,False,0.012077083811163902
./data/processed/test/Tony_Blair/Tony_Blair_0005.jpg,Tony_Blair,original,Tony_Blair,True,0.08408833295106888
./data/processed/test/Tony_Blair/Tony_Blair_0005.jpg,Tony_Blair,mask_eyes,Tony_Blair,True,0.0840461477637291
./data/processed/test/Tony_Blair/Tony_Blair_0005.jpg,Tony_Blair,mask_nose,Tony_Blair,True,0.08410874009132385
./data/processed/test/Tony_Blair/Tony_Blair_0005.jpg,Tony_Blair,mask_mouth,Tony_Blair,True,0.0840279757976532
./data/processed/test/Tony_Blair/Tony_Blair_0005.jpg,Tony_Blair,mask_face_oval,Tony_Blair,True,0.03699527308344841
./data/processed/test/Tony_Blair/Tony_Blair_0005.jpg,Tony_Blair,mask_outside_face,Tony_Blair,True,0.07675711065530777
./data/processed/test/Tony_Blair/Tony_Blair_0005.jpg,Tony_Blair,dark,Tony_Blair,True,0.08404826372861862
./data/processed/test/Tony_Blair/Tony_Blair_0005.jpg,Tony_Blair,bright,Tony_Blair,True,0.08411629498004913
./data/processed/test/Tony_Blair/Tony_Blair_0010.jpg,Tony_Blair,original,Tony_Blair,True,0.08329383283853531
./data/processed/test/Tony_Blair/Tony_Blair_0010.jpg,Tony_Blair,mask_eyes,Tony_Blair,True,0.07940110564231873
./data/processed/test/Tony_Blair/Tony_Blair_0010.jpg,Tony_Blair,mask_nose,Tony_Blair,True,0.05423926189541817
./data/processed/test/Tony_Blair/Tony_Blair_0010.jpg,Tony_Blair,mask_mouth,Tony_Blair,True,0.08343131840229034
./data/processed/test/Tony_Blair/Tony_Blair_0010.jpg,Tony_Blair,mask_face_oval,Tony_Blair,True,0.009714356623589993
./data/processed/test/Tony_Blair/Tony_Blair_0010.jpg,Tony_Blair,mask_outside_face,Tony_Blair,True,0.016551857814192772
./data/processed/test/Tony_Blair/Tony_Blair_0010.jpg,Tony_Blair,dark,Tony_Blair,True,0.08343231678009033
./data/processed/test/Tony_Blair/Tony_Blair_0010.jpg,Tony_Blair,bright,Tony_Blair,True,0.08323930203914642
./data/processed/test/Tony_Blair/Tony_Blair_0012.jpg,Tony_Blair,original,Tony_Blair,True,0.08408556133508682
./data/processed/test/Tony_Blair/Tony_Blair_0012.jpg,Tony_Blair,mask_eyes,Tony_Blair,True,0.08395809680223465
./data/processed/test/Tony_Blair/Tony_Blair_0012.jpg,Tony_Blair,mask_nose,Tony_Blair,True,0.08334328234195709
./data/processed/test/Tony_Blair/Tony_Blair_0012.jpg,Tony_Blair,mask_mouth,Tony_Blair,True,0.08413251489400864
./data/processed/test/Tony_Blair/Tony_Blair_0012.jpg,Tony_Blair,mask_face_oval,Arnold_Schwarzenegger,False,0.011555650271475315
./data/processed/test/Tony_Blair/Tony_Blair_0012.jpg,Tony_Blair,mask_outside_face,Tony_Blair,True,0.06429827213287354
./data/processed/test/Tony_Blair/Tony_Blair_0012.jpg,Tony_Blair,dark,Tony_Blair,True,0.0839223712682724
./data/processed/test/Tony_Blair/Tony_Blair_0012.jpg,Tony_Blair,bright,Tony_Blair,True,0.08389542251825333
./data/processed/test/Tony_Blair/Tony_Blair_0013.jpg,Tony_Blair,original,Tony_Blair,True,0.08421946316957474
./data/processed/test/Tony_Blair/Tony_Blair_0013.jpg,Tony_Blair,mask_eyes,Tony_Blair,True,0.08422877639532089
./data/processed/test/Tony_Blair/Tony_Blair_0013.jpg,Tony_Blair,mask_nose,Tony_Blair,True,0.08406945317983627
./data/processed/test/Tony_Blair/Tony_Blair_0013.jpg,Tony_Blair,mask_mouth,Tony_Blair,True,0.08423500508069992
./data/processed/test/Tony_Blair/Tony_Blair_0013.jpg,Tony_Blair,mask_face_oval,Tony_Blair,True,0.01832006126642227
./data/processed/test/Tony_Blair/Tony_Blair_0013.jpg,Tony_Blair,mask_outside_face,Tony_Blair,True,0.07665327191352844
./data/processed/test/Tony_Blair/Tony_Blair_0013.jpg,Tony_Blair,dark,Tony_Blair,True,0.08424308896064758
./data/processed/test/Tony_Blair/Tony_Blair_0013.jpg,Tony_Blair,bright,Tony_Blair,True,0.08428547531366348
./data/processed/test/Tony_Blair/Tony_Blair_0019.jpg,Tony_Blair,original,Tony_Blair,True,0.08409725874662399
./data/processed/test/Tony_Blair/Tony_Blair_0019.jpg,Tony_Blair,mask_eyes,Tony_Blair,True,0.08386346697807312
./data/processed/test/Tony_Blair/Tony_Blair_0019.jpg,Tony_Blair,mask_nose,Tony_Blair,True,0.08359887450933456
./data/processed/test/Tony_Blair/Tony_Blair_0019.jpg,Tony_Blair,mask_mouth,Tony_Blair,True,0.0840824544429779
./data/processed/test/Tony_Blair/Tony_Blair_0019.jpg,Tony_Blair,mask_face_oval,Hugo_Chavez,False,0.011931481771171093
./data/processed/test/Tony_Blair/Tony_Blair_0019.jpg,Tony_Blair,mask_outside_face,Tony_Blair,True,0.05674802139401436
./data/processed/test/Tony_Blair/Tony_Blair_0019.jpg,Tony_Blair,dark,Tony_Blair,True,0.08390991389751434
./data/processed/test/Tony_Blair/Tony_Blair_0019.jpg,Tony_Blair,bright,Tony_Blair,True,0.08406904339790344
./data/processed/test/Tony_Blair/Tony_Blair_0020.jpg,Tony_Blair,original,Tony_Blair,True,0.08408958464860916
./data/processed/test/Tony_Blair/Tony_Blair_0020.jpg,Tony_Blair,mask_eyes,Tony_Blair,True,0.08404362946748734
./data/processed/test/Tony_Blair/Tony_Blair_0020.jpg,Tony_Blair,mask_nose,Tony_Blair,True,0.08394063264131546
./data/processed/test/Tony_Blair/Tony_Blair_0020.jpg,Tony_Blair,mask_mouth,Tony_Blair,True,0.0840606540441513
./data/processed/test/Tony_Blair/Tony_Blair_0020.jpg,Tony_Blair,mask_face_oval,Alejandro_Toledo,False,0.010164376348257065
./data/processed/test/Tony_Blair/Tony_Blair_0020.jpg,Tony_Blair,mask_outside_face,Tony_Blair,True,0.08031164109706879
./data/processed/test/Tony_Blair/Tony_Blair_0020.jpg,Tony_Blair,dark,Tony_Blair,True,0.0840645357966423
./data/processed/test/Tony_Blair/Tony_Blair_0020.jpg,Tony_Blair,bright,Tony_Blair,True,0.0840589851140976
./data/processed/test/Tony_Blair/Tony_Blair_0027.jpg,Tony_Blair,original,Tony_Blair,True,0.0841318741440773
./data/processed/test/Tony_Blair/Tony_Blair_0027.jpg,Tony_Blair,mask_eyes,Tony_Blair,True,0.08417222648859024
./data/processed/test/Tony_Blair/Tony_Blair_0027.jpg,Tony_Blair,mask_nose,Tony_Blair,True,0.08398520946502686
./data/processed/test/Tony_Blair/Tony_Blair_0027.jpg,Tony_Blair,mask_mouth,Tony_Blair,True,0.08408500254154205
./data/processed/test/Tony_Blair/Tony_Blair_0027.jpg,Tony_Blair,mask_face_oval,Tony_Blair,True,0.01776019297540188
./data/processed/test/Tony_Blair/Tony_Blair_0027.jpg,Tony_Blair,mask_outside_face,Tony_Blair,True,0.07537277787923813
./data/processed/test/Tony_Blair/Tony_Blair_0027.jpg,Tony_Blair,dark,Tony_Blair,True,0.08395487070083618
./data/processed/test/Tony_Blair/Tony_Blair_0027.jpg,Tony_Blair,bright,Tony_Blair,True,0.08415666222572327
./data/processed/test/Tony_Blair/Tony_Blair_0028.jpg,Tony_Blair,original,Tony_Blair,True,0.08410359919071198
./data/processed/test/Tony_Blair/Tony_Blair_0028.jpg,Tony_Blair,mask_eyes,Tony_Blair,True,0.08402658253908157
./data/processed/test/Tony_Blair/Tony_Blair_0028.jpg,Tony_Blair,mask_nose,Tony_Blair,True,0.08380518108606339
./data/processed/test/Tony_Blair/Tony_Blair_0028.jpg,Tony_Blair,mask_mouth,Tony_Blair,True,0.08408592641353607
./data/processed/test/Tony_Blair/Tony_Blair_0028.jpg,Tony_Blair,mask_face_oval,Arnold_Schwarzenegger,False,0.010467431508004665
./data/processed/test/Tony_Blair/Tony_Blair_0028.jpg,Tony_Blair,mask_outside_face,Tony_Blair,True,0.0651862621307373
./data/processed/test/Tony_Blair/Tony_Blair_0028.jpg,Tony_Blair,dark,Tony_Blair,True,0.0839235857129097
./data/processed/test/Tony_Blair/Tony_Blair_0028.jpg,Tony_Blair,bright,Tony_Blair,True,0.08418683707714081
./data/processed/test/Tony_Blair/Tony_Blair_0046.jpg,Tony_Blair,original,Tony_Blair,True,0.08424992859363556
./data/processed/test/Tony_Blair/Tony_Blair_0046.jpg,Tony_Blair,mask_eyes,Tony_Blair,True,0.08421162515878677
./data/processed/test/Tony_Blair/Tony_Blair_0046.jpg,Tony_Blair,mask_nose,Tony_Blair,True,0.08413147181272507
./data/processed/test/Tony_Blair/Tony_Blair_0046.jpg,Tony_Blair,mask_mouth,Tony_Blair,True,0.08424294739961624
./data/processed/test/Tony_Blair/Tony_Blair_0046.jpg,Tony_Blair,mask_face_oval,Tony_Blair,True,0.015546339564025402
./data/processed/test/Tony_Blair/Tony_Blair_0046.jpg,Tony_Blair,mask_outside_face,Tony_Blair,True,0.07256296277046204
./data/processed/test/Tony_Blair/Tony_Blair_0046.jpg,Tony_Blair,dark,Tony_Blair,True,0.08416005223989487
./data/processed/test/Tony_Blair/Tony_Blair_0046.jpg,Tony_Blair,bright,Tony_Blair,True,0.08426190912723541
./data/processed/test/Tony_Blair/Tony_Blair_0052.jpg,Tony_Blair,original,Tony_Blair,True,0.08421369642019272
./data/processed/test/Tony_Blair/Tony_Blair_0052.jpg,Tony_Blair,mask_eyes,Tony_Blair,True,0.08408300578594208
./data/processed/test/Tony_Blair/Tony_Blair_0052.jpg,Tony_Blair,mask_nose,Tony_Blair,True,0.08379758894443512
./data/processed/test/Tony_Blair/Tony_Blair_0052.jpg,Tony_Blair,mask_mouth,Tony_Blair,True,0.08418253809213638
./data/processed/test/Tony_Blair/Tony_Blair_0052.jpg,Tony_Blair,mask_face_oval,Tony_Blair,True,0.018951432779431343
./data/processed/test/Tony_Blair/Tony_Blair_0052.jpg,Tony_Blair,mask_outside_face,Tony_Blair,True,0.038030728697776794
./data/processed/test/Tony_Blair/Tony_Blair_0052.jpg,Tony_Blair,dark,Tony_Blair,True,0.08407528698444366
./data/processed/test/Tony_Blair/Tony_Blair_0052.jpg,Tony_Blair,bright,Tony_Blair,True,0.08394329249858856
./data/processed/test/Tony_Blair/Tony_Blair_0056.jpg,Tony_Blair,original,Tony_Blair,True,0.08417129516601562
./data/processed/test/Tony_Blair/Tony_Blair_0056.jpg,Tony_Blair,mask_eyes,Tony_Blair,True,0.0841439887881279
./data/processed/test/Tony_Blair/Tony_Blair_0056.jpg,Tony_Blair,mask_nose,Tony_Blair,True,0.08422087877988815
./data/processed/test/Tony_Blair/Tony_Blair_0056.jpg,Tony_Blair,mask_mouth,Tony_Blair,True,0.08416301012039185
./data/processed/test/Tony_Blair/Tony_Blair_0056.jpg,Tony_Blair,mask_face_oval,Tony_Blair,True,0.019935304298996925
./data/processed/test/Tony_Blair/Tony_Blair_0056.jpg,Tony_Blair,mask_outside_face,Tony_Blair,True,0.07594863325357437
./data/processed/test/Tony_Blair/Tony_Blair_0056.jpg,Tony_Blair,dark,Tony_Blair,True,0.08418913930654526
./data/processed/test/Tony_Blair/Tony_Blair_0056.jpg,Tony_Blair,bright,Tony_Blair,True,0.08414243906736374
./data/processed/test/Tony_Blair/Tony_Blair_0057.jpg,Tony_Blair,original,Tony_Blair,True,0.08410526812076569
./data/processed/test/Tony_Blair/Tony_Blair_0057.jpg,Tony_Blair,mask_eyes,Tony_Blair,True,0.08408904820680618
./data/processed/test/Tony_Blair/Tony_Blair_0057.jpg,Tony_Blair,mask_nose,Tony_Blair,True,0.08405882120132446
./data/processed/test/Tony_Blair/Tony_Blair_0057.jpg,Tony_Blair,mask_mouth,Tony_Blair,True,0.0840628370642662
./data/processed/test/Tony_Blair/Tony_Blair_0057.jpg,Tony_Blair,mask_face_oval,Tony_Blair,True,0.024549152702093124
./data/processed/test/Tony_Blair/Tony_Blair_0057.jpg,Tony_Blair,mask_outside_face,Tony_Blair,True,0.08056742697954178
./data/processed/test/Tony_Blair/Tony_Blair_0057.jpg,Tony_Blair,dark,Tony_Blair,True,0.08404145389795303
./data/processed/test/Tony_Blair/Tony_Blair_0057.jpg,Tony_Blair,bright,Tony_Blair,True,0.08406827598810196
./data/processed/test/Tony_Blair/Tony_Blair_0065.jpg,Tony_Blair,original,Tony_Blair,True,0.0841803178191185
./data/processed/test/Tony_Blair/Tony_Blair_0065.jpg,Tony_Blair,mask_eyes,Tony_Blair,True,0.08419273048639297
./data/processed/test/Tony_Blair/Tony_Blair_0065.jpg,Tony_Blair,mask_nose,Tony_Blair,True,0.08421553671360016
./data/processed/test/Tony_Blair/Tony_Blair_0065.jpg,Tony_Blair,mask_mouth,Tony_Blair,True,0.08420621603727341
./data/processed/test/Tony_Blair/Tony_Blair_0065.jpg,Tony_Blair,mask_face_oval,Tony_Blair,True,0.04151562228798866
./data/processed/test/Tony_Blair/Tony_Blair_0065.jpg,Tony_Blair,mask_outside_face,Tony_Blair,True,0.08212703466415405
./data/processed/test/Tony_Blair/Tony_Blair_0065.jpg,Tony_Blair,dark,Tony_Blair,True,0.08412192761898041
./data/processed/test/Tony_Blair/Tony_Blair_0065.jpg,Tony_Blair,bright,Tony_Blair,True,0.08412124216556549
./data/processed/test/Tony_Blair/Tony_Blair_0066.jpg,Tony_Blair,original,Tony_Blair,True,0.08417564630508423
./data/processed/test/Tony_Blair/Tony_Blair_0066.jpg,Tony_Blair,mask_eyes,Tony_Blair,True,0.08412841707468033
./data/processed/test/Tony_Blair/Tony_Blair_0066.jpg,Tony_Blair,mask_nose,Tony_Blair,True,0.08381699025630951
./data/processed/test/Tony_Blair/Tony_Blair_0066.jpg,Tony_Blair,mask_mouth,Tony_Blair,True,0.08418077975511551
./data/processed/test/Tony_Blair/Tony_Blair_0066.jpg,Tony_Blair,mask_face_oval,Hamid_Karzai,False,0.010414964519441128
./data/processed/test/Tony_Blair/Tony_Blair_0066.jpg,Tony_Blair,mask_outside_face,Tony_Blair,True,0.04240955039858818
./data/processed/test/Tony_Blair/Tony_Blair_0066.jpg,Tony_Blair,dark,Tony_Blair,True,0.08406950533390045
./data/processed/test/Tony_Blair/Tony_Blair_0066.jpg,Tony_Blair,bright,Tony_Blair,True,0.08399078994989395
./data/processed/test/Tony_Blair/Tony_Blair_0067.jpg,Tony_Blair,original,Tony_Blair,True,0.08407577127218246
./data/processed/test/Tony_Blair/Tony_Blair_0067.jpg,Tony_Blair,mask_eyes,Tony_Blair,True,0.08408385515213013
./data/processed/test/Tony_Blair/Tony_Blair_0067.jpg,Tony_Blair,mask_nose,Tony_Blair,True,0.0839805006980896
./data/processed/test/Tony_Blair/Tony_Blair_0067.jpg,Tony_Blair,mask_mouth,Tony_Blair,True,0.08403310179710388
./data/processed/test/Tony_Blair/Tony_Blair_0067.jpg,Tony_Blair,mask_face_oval,Tony_Blair,True,0.011373463086783886
./data/processed/test/Tony_Blair/Tony_Blair_0067.jpg,Tony_Blair,mask_outside_face,Tony_Blair,True,0.06308618187904358
./data/processed/test/Tony_Blair/Tony_Blair_0067.jpg,Tony_Blair,dark,Tony_Blair,True,0.0839555636048317
./data/processed/test/Tony_Blair/Tony_Blair_0067.jpg,Tony_Blair,bright,Tony_Blair,True,0.08397647738456726
./data/processed/test/Tony_Blair/Tony_Blair_0070.jpg,Tony_Blair,original,Tony_Blair,True,0.08392559736967087
./data/processed/test/Tony_Blair/Tony_Blair_0070.jpg,Tony_Blair,mask_eyes,Tony_Blair,True,0.08379586786031723
./data/processed/test/Tony_Blair/Tony_Blair_0070.jpg,Tony_Blair,mask_nose,Tony_Blair,True,0.0839848443865776
./data/processed/test/Tony_Blair/Tony_Blair_0070.jpg,Tony_Blair,mask_mouth,Tony_Blair,True,0.08336207270622253
./data/processed/test/Tony_Blair/Tony_Blair_0070.jpg,Tony_Blair,mask_face_oval,Tony_Blair,True,0.010797128081321716
./data/processed/test/Tony_Blair/Tony_Blair_0070.jpg,Tony_Blair,mask_outside_face,Tony_Blair,True,0.05281279236078262
./data/processed/test/Tony_Blair/Tony_Blair_0070.jpg,Tony_Blair,dark,Tony_Blair,True,0.08376555144786835
./data/processed/test/Tony_Blair/Tony_Blair_0070.jpg,Tony_Blair,bright,Tony_Blair,True,0.08386649936437607
./data/processed/test/Tony_Blair/Tony_Blair_0074.jpg,Tony_Blair,original,Tony_Blair,True,0.08414765447378159
./data/processed/test/Tony_Blair/Tony_Blair_0074.jpg,Tony_Blair,mask_eyes,Tony_Blair,True,0.08412296324968338
./data/processed/test/Tony_Blair/Tony_Blair_0074.jpg,Tony_Blair,mask_nose,Tony_Blair,True,0.0840810015797615
./data/processed/test/Tony_Blair/Tony_Blair_0074.jpg,Tony_Blair,mask_mouth,Tony_Blair,True,0.084134541451931
./data/processed/test/Tony_Blair/Tony_Blair_0074.jpg,Tony_Blair,mask_face_oval,Tony_Blair,True,0.016524793580174446
./data/processed/test/Tony_Blair/Tony_Blair_0074.jpg,Tony_Blair,mask_outside_face,Tony_Blair,True,0.0740942507982254
./data/processed/test/Tony_Blair/Tony_Blair_0074.jpg,Tony_Blair,dark,Tony_Blair,True,0.08409467339515686
./data/processed/test/Tony_Blair/Tony_Blair_0074.jpg,Tony_Blair,bright,Tony_Blair,True,0.08410023152828217
./data/processed/test/Tony_Blair/Tony_Blair_0079.jpg,Tony_Blair,original,Tony_Blair,True,0.08357185125350952
./data/processed/test/Tony_Blair/Tony_Blair_0079.jpg,Tony_Blair,mask_eyes,Tony_Blair,True,0.08357097208499908
./data/processed/test/Tony_Blair/Tony_Blair_0079.jpg,Tony_Blair,mask_nose,Tony_Blair,True,0.081635020673275
./data/processed/test/Tony_Blair/Tony_Blair_0079.jpg,Tony_Blair,mask_mouth,Tony_Blair,True,0.08358035236597061
./data/processed/test/Tony_Blair/Tony_Blair_0079.jpg,Tony_Blair,mask_face_oval,Tony_Blair,True,0.012546167708933353
./data/processed/test/Tony_Blair/Tony_Blair_0079.jpg,Tony_Blair,mask_outside_face,Tony_Blair,True,0.025853442028164864
./data/processed/test/Tony_Blair/Tony_Blair_0079.jpg,Tony_Blair,dark,Tony_Blair,True,0.08346737921237946
./data/processed/test/Tony_Blair/Tony_Blair_0079.jpg,Tony_Blair,bright,Tony_Blair,True,0.08364200592041016
./data/processed/test/Tony_Blair/Tony_Blair_0083.jpg,Tony_Blair,original,Tony_Blair,True,0.08422161638736725
./data/processed/test/Tony_Blair/Tony_Blair_0083.jpg,Tony_Blair,mask_eyes,Tony_Blair,True,0.0840921550989151
./data/processed/test/Tony_Blair/Tony_Blair_0083.jpg,Tony_Blair,mask_nose,Tony_Blair,True,0.08368656784296036
./data/processed/test/Tony_Blair/Tony_Blair_0083.jpg,Tony_Blair,mask_mouth,Tony_Blair,True,0.08420754969120026
./data/processed/test/Tony_Blair/Tony_Blair_0083.jpg,Tony_Blair,mask_face_oval,Tony_Blair,True,0.010581727139651775
./data/processed/test/Tony_Blair/Tony_Blair_0083.jpg,Tony_Blair,mask_outside_face,Tony_Blair,True,0.0716652050614357
./data/processed/test/Tony_Blair/Tony_Blair_0083.jpg,Tony_Blair,dark,Tony_Blair,True,0.08417606353759766
./data/processed/test/Tony_Blair/Tony_Blair_0083.jpg,Tony_Blair,bright,Tony_Blair,True,0.08402855694293976
./data/processed/test/Tony_Blair/Tony_Blair_0095.jpg,Tony_Blair,original,Tony_Blair,True,0.0831897184252739
./data/processed/test/Tony_Blair/Tony_Blair_0095.jpg,Tony_Blair,mask_eyes,Tony_Blair,True,0.08346232026815414
./data/processed/test/Tony_Blair/Tony_Blair_0095.jpg,Tony_Blair,mask_nose,Tony_Blair,True,0.07387899607419968
./data/processed/test/Tony_Blair/Tony_Blair_0095.jpg,Tony_Blair,mask_mouth,Tony_Blair,True,0.08306896686553955
./data/processed/test/Tony_Blair/Tony_Blair_0095.jpg,Tony_Blair,mask_face_oval,Arnold_Schwarzenegger,False,0.011836533434689045
./data/processed/test/Tony_Blair/Tony_Blair_0095.jpg,Tony_Blair,mask_outside_face,Tony_Blair,True,0.013324139639735222
./data/processed/test/Tony_Blair/Tony_Blair_0095.jpg,Tony_Blair,dark,Tony_Blair,True,0.08255566656589508
./data/processed/test/Tony_Blair/Tony_Blair_0095.jpg,Tony_Blair,bright,Tony_Blair,True,0.08283965289592743
./data/processed/test/Tony_Blair/Tony_Blair_0098.jpg,Tony_Blair,original,Tony_Blair,True,0.08386401832103729
./data/processed/test/Tony_Blair/Tony_Blair_0098.jpg,Tony_Blair,mask_eyes,Tony_Blair,True,0.08368300646543503
./data/processed/test/Tony_Blair/Tony_Blair_0098.jpg,Tony_Blair,mask_nose,Tony_Blair,True,0.08327735215425491
./data/processed/test/Tony_Blair/Tony_Blair_0098.jpg,Tony_Blair,mask_mouth,Tony_Blair,True,0.08392658084630966
./data/processed/test/Tony_Blair/Tony_Blair_0098.jpg,Tony_Blair,mask_face_oval,Tony_Blair,True,0.012601946480572224
./data/processed/test/Tony_Blair/Tony_Blair_0098.jpg,Tony_Blair,mask_outside_face,Tony_Blair,True,0.03887947276234627
./data/processed/test/Tony_Blair/Tony_Blair_0098.jpg,Tony_Blair,dark,Tony_Blair,True,0.08356793969869614
./data/processed/test/Tony_Blair/Tony_Blair_0098.jpg,Tony_Blair,bright,Tony_Blair,True,0.08369731158018112
./data/processed/test/Tony_Blair/Tony_Blair_0101.jpg,Tony_Blair,original,Tony_Blair,True,0.08416616916656494
./data/processed/test/Tony_Blair/Tony_Blair_0101.jpg,Tony_Blair,mask_eyes,Tony_Blair,True,0.08416956663131714
./data/processed/test/Tony_Blair/Tony_Blair_0101.jpg,Tony_Blair,mask_nose,Tony_Blair,True,0.08415859937667847
./data/processed/test/Tony_Blair/Tony_Blair_0101.jpg,Tony_Blair,mask_mouth,Tony_Blair,True,0.0841398611664772
./data/processed/test/Tony_Blair/Tony_Blair_0101.jpg,Tony_Blair,mask_face_oval,Tony_Blair,True,0.015621067024767399
./data/processed/test/Tony_Blair/Tony_Blair_0101.jpg,Tony_Blair,mask_outside_face,Tony_Blair,True,0.08157618343830109
./data/processed/test/Tony_Blair/Tony_Blair_0101.jpg,Tony_Blair,dark,Tony_Blair,True,0.08414681255817413
./data/processed/test/Tony_Blair/Tony_Blair_0101.jpg,Tony_Blair,bright,Tony_Blair,True,0.08411964774131775
./data/processed/test/Tony_Blair/Tony_Blair_0111.jpg,Tony_Blair,original,Tony_Blair,True,0.0841616839170456
./data/processed/test/Tony_Blair/Tony_Blair_0111.jpg,Tony_Blair,mask_eyes,Tony_Blair,True,0.08419553935527802
./data/processed/test/Tony_Blair/Tony_Blair_0111.jpg,Tony_Blair,mask_nose,Tony_Blair,True,0.08419135212898254
./data/processed/test/Tony_Blair/Tony_Blair_0111.jpg,Tony_Blair,mask_mouth,Tony_Blair,True,0.08414138108491898
./data/processed/test/Tony_Blair/Tony_Blair_0111.jpg,Tony_Blair,mask_face_oval,Tony_Blair,True,0.0179138146340847
./data/processed/test/Tony_Blair/Tony_Blair_0111.jpg,Tony_Blair,mask_outside_face,Tony_Blair,True,0.07767710834741592
./data/processed/test/Tony_Blair/Tony_Blair_0111.jpg,Tony_Blair,dark,Tony_Blair,True,0.08414600044488907
./data/processed/test/Tony_Blair/Tony_Blair_0111.jpg,Tony_Blair,bright,Tony_Blair,True,0.08414574712514877
./data/processed/test/Tony_Blair/Tony_Blair_0114.jpg,Tony_Blair,original,Tony_Blair,True,0.08410835266113281
./data/processed/test/Tony_Blair/Tony_Blair_0114.jpg,Tony_Blair,mask_eyes,Tony_Blair,True,0.08410577476024628
./data/processed/test/Tony_Blair/Tony_Blair_0114.jpg,Tony_Blair,mask_nose,Tony_Blair,True,0.08406118303537369
./data/processed/test/Tony_Blair/Tony_Blair_0114.jpg,Tony_Blair,mask_mouth,Tony_Blair,True,0.08409218490123749
./data/processed/test/Tony_Blair/Tony_Blair_0114.jpg,Tony_Blair,mask_face_oval,Tony_Blair,True,0.009599779732525349
./data/processed/test/Tony_Blair/Tony_Blair_0114.jpg,Tony_Blair,mask_outside_face,Tony_Blair,True,0.07849498838186264
./data/processed/test/Tony_Blair/Tony_Blair_0114.jpg,Tony_Blair,dark,Tony_Blair,True,0.08402141183614731
./data/processed/test/Tony_Blair/Tony_Blair_0114.jpg,Tony_Blair,bright,Tony_Blair,True,0.08406808227300644
./data/processed/test/Tony_Blair/Tony_Blair_0118.jpg,Tony_Blair,original,Tony_Blair,True,0.08396071940660477
./data/processed/test/Tony_Blair/Tony_Blair_0118.jpg,Tony_Blair,mask_eyes,Tony_Blair,True,0.08395656198263168
./data/processed/test/Tony_Blair/Tony_Blair_0118.jpg,Tony_Blair,mask_nose,Tony_Blair,True,0.08334740251302719
./data/processed/test/Tony_Blair/Tony_Blair_0118.jpg,Tony_Blair,mask_mouth,Tony_Blair,True,0.08390521258115768
./data/processed/test/Tony_Blair/Tony_Blair_0118.jpg,Tony_Blair,mask_face_oval,Tony_Blair,True,0.024162275716662407
./data/processed/test/Tony_Blair/Tony_Blair_0118.jpg,Tony_Blair,mask_outside_face,Tony_Blair,True,0.07395268231630325
./data/processed/test/Tony_Blair/Tony_Blair_0118.jpg,Tony_Blair,dark,Tony_Blair,True,0.08396664261817932
./data/processed/test/Tony_Blair/Tony_Blair_0118.jpg,Tony_Blair,bright,Tony_Blair,True,0.08392863720655441
./data/processed/test/Tony_Blair/Tony_Blair_0120.jpg,Tony_Blair,original,Tony_Blair,True,0.08357396721839905
./data/processed/test/Tony_Blair/Tony_Blair_0120.jpg,Tony_Blair,mask_eyes,Tony_Blair,True,0.08336500078439713
./data/processed/test/Tony_Blair/Tony_Blair_0120.jpg,Tony_Blair,mask_nose,Tony_Blair,True,0.0821768194437027
./data/processed/test/Tony_Blair/Tony_Blair_0120.jpg,Tony_Blair,mask_mouth,Tony_Blair,True,0.08365796506404877
./data/processed/test/Tony_Blair/Tony_Blair_0120.jpg,Tony_Blair,mask_face_oval,Tony_Blair,True,0.01201682910323143
./data/processed/test/Tony_Blair/Tony_Blair_0120.jpg,Tony_Blair,mask_outside_face,Tony_Blair,True,0.016673831269145012
./data/processed/test/Tony_Blair/Tony_Blair_0120.jpg,Tony_Blair,dark,Tony_Blair,True,0.08348113298416138
./data/processed/test/Tony_Blair/Tony_Blair_0120.jpg,Tony_Blair,bright,Tony_Blair,True,0.08188164234161377
./data/processed/test/Tony_Blair/Tony_Blair_0126.jpg,Tony_Blair,original,Tony_Blair,True,0.08407441526651382
./data/processed/test/Tony_Blair/Tony_Blair_0126.jpg,Tony_Blair,mask_eyes,Tony_Blair,True,0.08398732542991638
./data/processed/test/Tony_Blair/Tony_Blair_0126.jpg,Tony_Blair,mask_nose,Tony_Blair,True,0.08322606235742569
./data/processed/test/Tony_Blair/Tony_Blair_0126.jpg,Tony_Blair,mask_mouth,Tony_Blair,True,0.08396823704242706
./data/processed/test/Tony_Blair/Tony_Blair_0126.jpg,Tony_Blair,mask_face_oval,Michael_Schumacher,False,0.01015789620578289
./data/processed/test/Tony_Blair/Tony_Blair_0126.jpg,Tony_Blair,mask_outside_face,Tony_Blair,True,0.05620972439646721
./data/processed/test/Tony_Blair/Tony_Blair_0126.jpg,Tony_Blair,dark,Tony_Blair,True,0.0839802697300911
./data/processed/test/Tony_Blair/Tony_Blair_0126.jpg,Tony_Blair,bright,Tony_Blair,True,0.08356556296348572
./data/processed/test/Tony_Blair/Tony_Blair_0133.jpg,Tony_Blair,original,Tony_Blair,True,0.08402064442634583
./data/processed/test/Tony_Blair/Tony_Blair_0133.jpg,Tony_Blair,mask_eyes,Tony_Blair,True,0.08403448015451431
./data/processed/test/Tony_Blair/Tony_Blair_0133.jpg,Tony_Blair,mask_nose,Tony_Blair,True,0.08405064046382904
./data/processed/test/Tony_Blair/Tony_Blair_0133.jpg,Tony_Blair,mask_mouth,Tony_Blair,True,0.08397717773914337
./data/processed/test/Tony_Blair/Tony_Blair_0133.jpg,Tony_Blair,mask_face_oval,Tony_Blair,True,0.019861316308379173
./data/processed/test/Tony_Blair/Tony_Blair_0133.jpg,Tony_Blair,mask_outside_face,Tony_Blair,True,0.07542684674263
./data/processed/test/Tony_Blair/Tony_Blair_0133.jpg,Tony_Blair,dark,Tony_Blair,True,0.08400408923625946
./data/processed/test/Tony_Blair/Tony_Blair_0133.jpg,Tony_Blair,bright,Tony_Blair,True,0.08400791138410568
./data/processed/test/Tony_Blair/Tony_Blair_0134.jpg,Tony_Blair,original,Tony_Blair,True,0.08405529707670212
./data/processed/test/Tony_Blair/Tony_Blair_0134.jpg,Tony_Blair,mask_eyes,Tony_Blair,True,0.08404847234487534
./data/processed/test/Tony_Blair/Tony_Blair_0134.jpg,Tony_Blair,mask_nose,Tony_Blair,True,0.08364792913198471
./data/processed/test/Tony_Blair/Tony_Blair_0134.jpg,Tony_Blair,mask_mouth,Tony_Blair,True,0.08405531197786331
./data/processed/test/Tony_Blair/Tony_Blair_0134.jpg,Tony_Blair,mask_face_oval,Lance_Armstrong,False,0.009449196048080921
./data/processed/test/Tony_Blair/Tony_Blair_0134.jpg,Tony_Blair,mask_outside_face,Tony_Blair,True,0.06864629685878754
./data/processed/test/Tony_Blair/Tony_Blair_0134.jpg,Tony_Blair,dark,Tony_Blair,True,0.08400139957666397
./data/processed/test/Tony_Blair/Tony_Blair_0134.jpg,Tony_Blair,bright,Tony_Blair,True,0.08384450525045395
./data/processed/test/Trent_Lott/Trent_Lott_0001.jpg,Trent_Lott,original,Trent_Lott,True,0.014194179326295853
./data/processed/test/Trent_Lott/Trent_Lott_0001.jpg,Trent_Lott,mask_eyes,Trent_Lott,True,0.013741684146225452
./data/processed/test/Trent_Lott/Trent_Lott_0001.jpg,Trent_Lott,mask_nose,Trent_Lott,True,0.013670079410076141
./data/processed/test/Trent_Lott/Trent_Lott_0001.jpg,Trent_Lott,mask_mouth,Trent_Lott,True,0.014168697409331799
./data/processed/test/Trent_Lott/Trent_Lott_0001.jpg,Trent_Lott,mask_face_oval,Hugo_Chavez,False,0.0098224226385355
./data/processed/test/Trent_Lott/Trent_Lott_0001.jpg,Trent_Lott,mask_outside_face,Colin_Powell,False,0.023163851350545883
./data/processed/test/Trent_Lott/Trent_Lott_0001.jpg,Trent_Lott,dark,Trent_Lott,True,0.0141751104965806
./data/processed/test/Trent_Lott/Trent_Lott_0001.jpg,Trent_Lott,bright,Trent_Lott,True,0.014101415872573853
./data/processed/test/Trent_Lott/Trent_Lott_0002.jpg,Trent_Lott,original,Trent_Lott,True,0.013907554559409618
./data/processed/test/Trent_Lott/Trent_Lott_0002.jpg,Trent_Lott,mask_eyes,Trent_Lott,True,0.013588197529315948
./data/processed/test/Trent_Lott/Trent_Lott_0002.jpg,Trent_Lott,mask_nose,Trent_Lott,True,0.01274035032838583
./data/processed/test/Trent_Lott/Trent_Lott_0002.jpg,Trent_Lott,mask_mouth,Trent_Lott,True,0.01367995236068964
./data/processed/test/Trent_Lott/Trent_Lott_0002.jpg,Trent_Lott,mask_face_oval,Jose_Maria_Aznar,False,0.010463709011673927
./data/processed/test/Trent_Lott/Trent_Lott_0002.jpg,Trent_Lott,mask_outside_face,Donald_Rumsfeld,False,0.01328413374722004
./data/processed/test/Trent_Lott/Trent_Lott_0002.jpg,Trent_Lott,dark,Trent_Lott,True,0.013687375001609325
./data/processed/test/Trent_Lott/Trent_Lott_0002.jpg,Trent_Lott,bright,Trent_Lott,True,0.013588483445346355
./data/processed/test/Trent_Lott/Trent_Lott_0006.jpg,Trent_Lott,original,Trent_Lott,True,0.013805094175040722
./data/processed/test/Trent_Lott/Trent_Lott_0006.jpg,Trent_Lott,mask_eyes,Trent_Lott,True,0.013449359685182571
./data/processed/test/Trent_Lott/Trent_Lott_0006.jpg,Trent_Lott,mask_nose,Trent_Lott,True,0.013449925929307938
./data/processed/test/Trent_Lott/Trent_Lott_0006.jpg,Trent_Lott,mask_mouth,Trent_Lott,True,0.013945377431809902
./data/processed/test/Trent_Lott/Trent_Lott_0006.jpg,Trent_Lott,mask_face_oval,Ariel_Sharon,False,0.010141564533114433
./data/processed/test/Trent_Lott/Trent_Lott_0006.jpg,Trent_Lott,mask_outside_face,Donald_Rumsfeld,False,0.013234461657702923
./data/processed/test/Trent_Lott/Trent_Lott_0006.jpg,Trent_Lott,dark,Trent_Lott,True,0.013805422000586987
./data/processed/test/Trent_Lott/Trent_Lott_0006.jpg,Trent_Lott,bright,Trent_Lott,True,0.013797764666378498
./data/processed/test/Trent_Lott/Trent_Lott_0015.jpg,Trent_Lott,original,Trent_Lott,True,0.013083108700811863
./data/processed/test/Trent_Lott/Trent_Lott_0015.jpg,Trent_Lott,mask_eyes,Trent_Lott,True,0.0127826863899827
./data/processed/test/Trent_Lott/Trent_Lott_0015.jpg,Trent_Lott,mask_nose,Trent_Lott,True,0.012977508828043938
./data/processed/test/Trent_Lott/Trent_Lott_0015.jpg,Trent_Lott,mask_mouth,Trent_Lott,True,0.013417347334325314
./data/processed/test/Trent_Lott/Trent_Lott_0015.jpg,Trent_Lott,mask_face_oval,Gerhard_Schroeder,False,0.011179220862686634
./data/processed/test/Trent_Lott/Trent_Lott_0015.jpg,Trent_Lott,mask_outside_face,Colin_Powell,False,0.016223395243287086
./data/processed/test/Trent_Lott/Trent_Lott_0015.jpg,Trent_Lott,dark,Trent_Lott,True,0.013178438879549503
./data/processed/test/Trent_Lott/Trent_Lott_0015.jpg,Trent_Lott,bright,Trent_Lott,True,0.012546372599899769
./data/processed/test/Venus_Williams/Venus_Williams_0001.jpg,Venus_Williams,original,Serena_Williams,False,0.018422937020659447
./data/processed/test/Venus_Williams/Venus_Williams_0001.jpg,Venus_Williams,mask_eyes,Serena_Williams,False,0.014888739213347435
./data/processed/test/Venus_Williams/Venus_Williams_0001.jpg,Venus_Williams,mask_nose,Serena_Williams,False,0.019080933183431625
./data/processed/test/Venus_Williams/Venus_Williams_0001.jpg,Venus_Williams,mask_mouth,Serena_Williams,False,0.018837668001651764
./data/processed/test/Venus_Williams/Venus_Williams_0001.jpg,Venus_Williams,mask_face_oval,Hugo_Chavez,False,0.010968871414661407
./data/processed/test/Venus_Williams/Venus_Williams_0001.jpg,Venus_Williams,mask_outside_face,Serena_Williams,False,0.02020706795156002
./data/processed/test/Venus_Williams/Venus_Williams_0001.jpg,Venus_Williams,dark,Serena_Williams,False,0.01814344897866249
./data/processed/test/Venus_Williams/Venus_Williams_0001.jpg,Venus_Williams,bright,Serena_Williams,False,0.018679434433579445
./data/processed/test/Venus_Williams/Venus_Williams_0002.jpg,Venus_Williams,original,Serena_Williams,False,0.016226397827267647
./data/processed/test/Venus_Williams/Venus_Williams_0002.jpg,Venus_Williams,mask_eyes,Venus_Williams,True,0.014095067977905273
./data/processed/test/Venus_Williams/Venus_Williams_0002.jpg,Venus_Williams,mask_nose,Serena_Williams,False,0.01475920993834734
./data/processed/test/Venus_Williams/Venus_Williams_0002.jpg,Venus_Williams,mask_mouth,Serena_Williams,False,0.01625300571322441
./data/processed/test/Venus_Williams/Venus_Williams_0002.jpg,Venus_Williams,mask_face_oval,Hugo_Chavez,False,0.01337845902889967
./data/processed/test/Venus_Williams/Venus_Williams_0002.jpg,Venus_Williams,mask_outside_face,Serena_Williams,False,0.015344642102718353
./data/processed/test/Venus_Williams/Venus_Williams_0002.jpg,Venus_Williams,dark,Serena_Williams,False,0.01581062562763691
./data/processed/test/Venus_Williams/Venus_Williams_0002.jpg,Venus_Williams,bright,Serena_Williams,False,0.015999723225831985
./data/processed/test/Venus_Williams/Venus_Williams_0006.jpg,Venus_Williams,original,Venus_Williams,True,0.014012805186212063
./data/processed/test/Venus_Williams/Venus_Williams_0006.jpg,Venus_Williams,mask_eyes,Venus_Williams,True,0.013923169113695621
./data/processed/test/Venus_Williams/Venus_Williams_0006.jpg,Venus_Williams,mask_nose,Serena_Williams,False,0.013949290849268436
./data/processed/test/Venus_Williams/Venus_Williams_0006.jpg,Venus_Williams,mask_mouth,Venus_Williams,True,0.01401510089635849
./data/processed/test/Venus_Williams/Venus_Williams_0006.jpg,Venus_Williams,mask_face_oval,Michael_Schumacher,False,0.009494977071881294
./data/processed/test/Venus_Williams/Venus_Williams_0006.jpg,Venus_Williams,mask_outside_face,Serena_Williams,False,0.014789747074246407
./data/processed/test/Venus_Williams/Venus_Williams_0006.jpg,Venus_Williams,dark,Venus_Williams,True,0.014134986326098442
./data/processed/test/Venus_Williams/Venus_Williams_0006.jpg,Venus_Williams,bright,Venus_Williams,True,0.013605925254523754
./data/processed/test/Venus_Williams/Venus_Williams_0016.jpg,Venus_Williams,original,Venus_Williams,True,0.014191688969731331
./data/processed/test/Venus_Williams/Venus_Williams_0016.jpg,Venus_Williams,mask_eyes,Venus_Williams,True,0.01428599189966917
./data/processed/test/Venus_Williams/Venus_Williams_0016.jpg,Venus_Williams,mask_nose,Venus_Williams,True,0.013765684328973293
./data/processed/test/Venus_Williams/Venus_Williams_0016.jpg,Venus_Williams,mask_mouth,Venus_Williams,True,0.01405349187552929
./data/processed/test/Venus_Williams/Venus_Williams_0016.jpg,Venus_Williams,mask_face_oval,Alejandro_Toledo,False,0.010301449336111546
./data/processed/test/Venus_Williams/Venus_Williams_0016.jpg,Venus_Williams,mask_outside_face,Serena_Williams,False,0.015516513958573341
./data/processed/test/Venus_Williams/Venus_Williams_0016.jpg,Venus_Williams,dark,Venus_Williams,True,0.014213631860911846
./data/processed/test/Venus_Williams/Venus_Williams_0016.jpg,Venus_Williams,bright,Venus_Williams,True,0.014090023934841156
./data/processed/test/Vicente_Fox/Vicente_Fox_0009.jpg,Vicente_Fox,original,Vicente_Fox,True,0.025154847651720047
./data/processed/test/Vicente_Fox/Vicente_Fox_0009.jpg,Vicente_Fox,mask_eyes,Vicente_Fox,True,0.024966685101389885
./data/processed/test/Vicente_Fox/Vicente_Fox_0009.jpg,Vicente_Fox,mask_nose,Vicente_Fox,True,0.024846797809004784
./data/processed/test/Vicente_Fox/Vicente_Fox_0009.jpg,Vicente_Fox,mask_mouth,Vicente_Fox,True,0.022051803767681122
./data/processed/test/Vicente_Fox/Vicente_Fox_0009.jpg,Vicente_Fox,mask_face_oval,Jiang_Zemin,False,0.01012460794299841
./data/processed/test/Vicente_Fox/Vicente_Fox_0009.jpg,Vicente_Fox,mask_outside_face,Vicente_Fox,True,0.022566353902220726
./data/processed/test/Vicente_Fox/Vicente_Fox_0009.jpg,Vicente_Fox,dark,Vicente_Fox,True,0.024838104844093323
./data/processed/test/Vicente_Fox/Vicente_Fox_0009.jpg,Vicente_Fox,bright,Vicente_Fox,True,0.025094041600823402
./data/processed/test/Vicente_Fox/Vicente_Fox_0010.jpg,Vicente_Fox,original,Vicente_Fox,True,0.02530262991786003
./data/processed/test/Vicente_Fox/Vicente_Fox_0010.jpg,Vicente_Fox,mask_eyes,Vicente_Fox,True,0.025275232270359993
./data/processed/test/Vicente_Fox/Vicente_Fox_0010.jpg,Vicente_Fox,mask_nose,Vicente_Fox,True,0.025353094562888145
./data/processed/test/Vicente_Fox/Vicente_Fox_0010.jpg,Vicente_Fox,mask_mouth,Vicente_Fox,True,0.02523222006857395
./data/processed/test/Vicente_Fox/Vicente_Fox_0010.jpg,Vicente_Fox,mask_face_oval,Jiang_Zemin,False,0.00934109278023243
./data/processed/test/Vicente_Fox/Vicente_Fox_0010.jpg,Vicente_Fox,mask_outside_face,Vicente_Fox,True,0.023776095360517502
./data/processed/test/Vicente_Fox/Vicente_Fox_0010.jpg,Vicente_Fox,dark,Vicente_Fox,True,0.025266049429774284
./data/processed/test/Vicente_Fox/Vicente_Fox_0010.jpg,Vicente_Fox,bright,Vicente_Fox,True,0.02504604682326317
./data/processed/test/Vicente_Fox/Vicente_Fox_0016.jpg,Vicente_Fox,original,Vicente_Fox,True,0.024572063237428665
./data/processed/test/Vicente_Fox/Vicente_Fox_0016.jpg,Vicente_Fox,mask_eyes,Vicente_Fox,True,0.024508105590939522
./data/processed/test/Vicente_Fox/Vicente_Fox_0016.jpg,Vicente_Fox,mask_nose,Vicente_Fox,True,0.024066105484962463
./data/processed/test/Vicente_Fox/Vicente_Fox_0016.jpg,Vicente_Fox,mask_mouth,Vicente_Fox,True,0.021812349557876587
./data/processed/test/Vicente_Fox/Vicente_Fox_0016.jpg,Vicente_Fox,mask_face_oval,Michael_Schumacher,False,0.010471531189978123
./data/processed/test/Vicente_Fox/Vicente_Fox_0016.jpg,Vicente_Fox,mask_outside_face,Vicente_Fox,True,0.022588934749364853
./data/processed/test/Vicente_Fox/Vicente_Fox_0016.jpg,Vicente_Fox,dark,Vicente_Fox,True,0.023117337375879288
./data/processed/test/Vicente_Fox/Vicente_Fox_0016.jpg,Vicente_Fox,bright,Vicente_Fox,True,0.02457430586218834
./data/processed/test/Vicente_Fox/Vicente_Fox_0018.jpg,Vicente_Fox,original,Vicente_Fox,True,0.02531163953244686
./data/processed/test/Vicente_Fox/Vicente_Fox_0018.jpg,Vicente_Fox,mask_eyes,Vicente_Fox,True,0.025120072066783905
./data/processed/test/Vicente_Fox/Vicente_Fox_0018.jpg,Vicente_Fox,mask_nose,Vicente_Fox,True,0.025107262656092644
./data/processed/test/Vicente_Fox/Vicente_Fox_0018.jpg,Vicente_Fox,mask_mouth,Vicente_Fox,True,0.02399924211204052
./data/processed/test/Vicente_Fox/Vicente_Fox_0018.jpg,Vicente_Fox,mask_face_oval,Jiang_Zemin,False,0.009601086378097534
./data/processed/test/Vicente_Fox/Vicente_Fox_0018.jpg,Vicente_Fox,mask_outside_face,Vicente_Fox,True,0.02320861630141735
./data/processed/test/Vicente_Fox/Vicente_Fox_0018.jpg,Vicente_Fox,dark,Vicente_Fox,True,0.02467329613864422
./data/processed/test/Vicente_Fox/Vicente_Fox_0018.jpg,Vicente_Fox,bright,Vicente_Fox,True,0.025215541943907738
./data/processed/test/Vicente_Fox/Vicente_Fox_0025.jpg,Vicente_Fox,original,Vicente_Fox,True,0.02477901801466942
./data/processed/test/Vicente_Fox/Vicente_Fox_0025.jpg,Vicente_Fox,mask_eyes,Vicente_Fox,True,0.024876682087779045
./data/processed/test/Vicente_Fox/Vicente_Fox_0025.jpg,Vicente_Fox,mask_nose,Vicente_Fox,True,0.02486368827521801
./data/processed/test/Vicente_Fox/Vicente_Fox_0025.jpg,Vicente_Fox,mask_mouth,Vicente_Fox,True,0.0220832247287035
./data/processed/test/Vicente_Fox/Vicente_Fox_0025.jpg,Vicente_Fox,mask_face_oval,Arnold_Schwarzenegger,False,0.010735401883721352
./data/processed/test/Vicente_Fox/Vicente_Fox_0025.jpg,Vicente_Fox,mask_outside_face,Vicente_Fox,True,0.023062460124492645
./data/processed/test/Vicente_Fox/Vicente_Fox_0025.jpg,Vicente_Fox,dark,Vicente_Fox,True,0.02439635433256626
./data/processed/test/Vicente_Fox/Vicente_Fox_0025.jpg,Vicente_Fox,bright,Vicente_Fox,True,0.024938900023698807
./data/processed/test/Vicente_Fox/Vicente_Fox_0030.jpg,Vicente_Fox,original,Vicente_Fox,True,0.02445768378674984
./data/processed/test/Vicente_Fox/Vicente_Fox_0030.jpg,Vicente_Fox,mask_eyes,Vicente_Fox,True,0.0244898721575737
./data/processed/test/Vicente_Fox/Vicente_Fox_0030.jpg,Vicente_Fox,mask_nose,Vicente_Fox,True,0.02332073450088501
./data/processed/test/Vicente_Fox/Vicente_Fox_0030.jpg,Vicente_Fox,mask_mouth,Vicente_Fox,True,0.019966790452599525
./data/processed/test/Vicente_Fox/Vicente_Fox_0030.jpg,Vicente_Fox,mask_face_oval,Gerhard_Schroeder,False,0.00978051871061325
./data/processed/test/Vicente_Fox/Vicente_Fox_0030.jpg,Vicente_Fox,mask_outside_face,Vicente_Fox,True,0.017209218814969063
./data/processed/test/Vicente_Fox/Vicente_Fox_0030.jpg,Vicente_Fox,dark,Vicente_Fox,True,0.023260464891791344
./data/processed/test/Vicente_Fox/Vicente_Fox_0030.jpg,Vicente_Fox,bright,Vicente_Fox,True,0.02331869676709175
./data/processed/test/Vicente_Fox/Vicente_Fox_0031.jpg,Vicente_Fox,original,Vicente_Fox,True,0.02550349198281765
./data/processed/test/Vicente_Fox/Vicente_Fox_0031.jpg,Vicente_Fox,mask_eyes,Vicente_Fox,True,0.025576526299118996
./data/processed/test/Vicente_Fox/Vicente_Fox_0031.jpg,Vicente_Fox,mask_nose,Vicente_Fox,True,0.02545720525085926
./data/processed/test/Vicente_Fox/Vicente_Fox_0031.jpg,Vicente_Fox,mask_mouth,Vicente_Fox,True,0.02539469301700592
./data/processed/test/Vicente_Fox/Vicente_Fox_0031.jpg,Vicente_Fox,mask_face_oval,Arnold_Schwarzenegger,False,0.011443151161074638
./data/processed/test/Vicente_Fox/Vicente_Fox_0031.jpg,Vicente_Fox,mask_outside_face,Vicente_Fox,True,0.023748906329274178
./data/processed/test/Vicente_Fox/Vicente_Fox_0031.jpg,Vicente_Fox,dark,Vicente_Fox,True,0.02539478801190853
./data/processed/test/Vicente_Fox/Vicente_Fox_0031.jpg,Vicente_Fox,bright,Vicente_Fox,True,0.025504551827907562
./data/processed/test/Vladimir_Putin/Vladimir_Putin_0014.jpg,Vladimir_Putin,original,Vladimir_Putin,True,0.03426915034651756
./data/processed/test/Vladimir_Putin/Vladimir_Putin_0014.jpg,Vladimir_Putin,mask_eyes,Vladimir_Putin,True,0.034231945872306824
./data/processed/test/Vladimir_Putin/Vladimir_Putin_0014.jpg,Vladimir_Putin,mask_nose,Vladimir_Putin,True,0.034244585782289505
./data/processed/test/Vladimir_Putin/Vladimir_Putin_0014.jpg,Vladimir_Putin,mask_mouth,Vladimir_Putin,True,0.03422226384282112
./data/processed/test/Vladimir_Putin/Vladimir_Putin_0014.jpg,Vladimir_Putin,mask_face_oval,Michael_Schumacher,False,0.010298688896000385
./data/processed/test/Vladimir_Putin/Vladimir_Putin_0014.jpg,Vladimir_Putin,mask_outside_face,Vladimir_Putin,True,0.03315382078289986
./data/processed/test/Vladimir_Putin/Vladimir_Putin_0014.jpg,Vladimir_Putin,dark,Vladimir_Putin,True,0.0342228040099144
./data/processed/test/Vladimir_Putin/Vladimir_Putin_0014.jpg,Vladimir_Putin,bright,Vladimir_Putin,True,0.03415476158261299
./data/processed/test/Vladimir_Putin/Vladimir_Putin_0018.jpg,Vladimir_Putin,original,Vladimir_Putin,True,0.03384961187839508
./data/processed/test/Vladimir_Putin/Vladimir_Putin_0018.jpg,Vladimir_Putin,mask_eyes,Vladimir_Putin,True,0.03405164182186127
./data/processed/test/Vladimir_Putin/Vladimir_Putin_0018.jpg,Vladimir_Putin,mask_nose,Vladimir_Putin,True,0.03374674543738365
./data/processed/test/Vladimir_Putin/Vladimir_Putin_0018.jpg,Vladimir_Putin,mask_mouth,Vladimir_Putin,True,0.03244122862815857
./data/processed/test/Vladimir_Putin/Vladimir_Putin_0018.jpg,Vladimir_Putin,mask_face_oval,Hugo_Chavez,False,0.010530992411077023
./data/processed/test/Vladimir_Putin/Vladimir_Putin_0018.jpg,Vladimir_Putin,mask_outside_face,Vladimir_Putin,True,0.02602756954729557
./data/processed/test/Vladimir_Putin/Vladimir_Putin_0018.jpg,Vladimir_Putin,dark,Vladimir_Putin,True,0.03378237783908844
./data/processed/test/Vladimir_Putin/Vladimir_Putin_0018.jpg,Vladimir_Putin,bright,Vladimir_Putin,True,0.03393198922276497
./data/processed/test/Vladimir_Putin/Vladimir_Putin_0020.jpg,Vladimir_Putin,original,Vladimir_Putin,True,0.033824946731328964
./data/processed/test/Vladimir_Putin/Vladimir_Putin_0020.jpg,Vladimir_Putin,mask_eyes,Vladimir_Putin,True,0.03402876853942871
./data/processed/test/Vladimir_Putin/Vladimir_Putin_0020.jpg,Vladimir_Putin,mask_nose,Vladimir_Putin,True,0.032591432332992554
./data/processed/test/Vladimir_Putin/Vladimir_Putin_0020.jpg,Vladimir_Putin,mask_mouth,Vladimir_Putin,True,0.033123645931482315
./data/processed/test/Vladimir_Putin/Vladimir_Putin_0020.jpg,Vladimir_Putin,mask_face_oval,Michael_Schumacher,False,0.01216620672494173
./data/processed/test/Vladimir_Putin/Vladimir_Putin_0020.jpg,Vladimir_Putin,mask_outside_face,Vladimir_Putin,True,0.03315183147788048
./data/processed/test/Vladimir_Putin/Vladimir_Putin_0020.jpg,Vladimir_Putin,dark,Vladimir_Putin,True,0.03378124535083771
./data/processed/test/Vladimir_Putin/Vladimir_Putin_0020.jpg,Vladimir_Putin,bright,Vladimir_Putin,True,0.03394420072436333
./data/processed/test/Vladimir_Putin/Vladimir_Putin_0026.jpg,Vladimir_Putin,original,Vladimir_Putin,True,0.03396693244576454
./data/processed/test/Vladimir_Putin/Vladimir_Putin_0026.jpg,Vladimir_Putin,mask_eyes,Vladimir_Putin,True,0.03396732360124588
./data/processed/test/Vladimir_Putin/Vladimir_Putin_0026.jpg,Vladimir_Putin,mask_nose,Vladimir_Putin,True,0.034154538065195084
./data/processed/test/Vladimir_Putin/Vladimir_Putin_0026.jpg,Vladimir_Putin,mask_mouth,Vladimir_Putin,True,0.03390105068683624
./data/processed/test/Vladimir_Putin/Vladimir_Putin_0026.jpg,Vladimir_Putin,mask_face_oval,Michael_Schumacher,False,0.010346408002078533
./data/processed/test/Vladimir_Putin/Vladimir_Putin_0026.jpg,Vladimir_Putin,mask_outside_face,Vladimir_Putin,True,0.033535171300172806
./data/processed/test/Vladimir_Putin/Vladimir_Putin_0026.jpg,Vladimir_Putin,dark,Vladimir_Putin,True,0.03408052772283554
./data/processed/test/Vladimir_Putin/Vladimir_Putin_0026.jpg,Vladimir_Putin,bright,Vladimir_Putin,True,0.03376564010977745
./data/processed/test/Vladimir_Putin/Vladimir_Putin_0027.jpg,Vladimir_Putin,original,Vladimir_Putin,True,0.03310655057430267
./data/processed/test/Vladimir_Putin/Vladimir_Putin_0027.jpg,Vladimir_Putin,mask_eyes,Vladimir_Putin,True,0.032823678106069565
./data/processed/test/Vladimir_Putin/Vladimir_Putin_0027.jpg,Vladimir_Putin,mask_nose,Vladimir_Putin,True,0.032987672835588455
./data/processed/test/Vladimir_Putin/Vladimir_Putin_0027.jpg,Vladimir_Putin,mask_mouth,Vladimir_Putin,True,0.03313502296805382
./data/processed/test/Vladimir_Putin/Vladimir_Putin_0027.jpg,Vladimir_Putin,mask_face_oval,Michael_Schumacher,False,0.011393286287784576
./data/processed/test/Vladimir_Putin/Vladimir_Putin_0027.jpg,Vladimir_Putin,mask_outside_face,Vladimir_Putin,True,0.02480890043079853
./data/processed/test/Vladimir_Putin/Vladimir_Putin_0027.jpg,Vladimir_Putin,dark,Vladimir_Putin,True,0.03228266164660454
./data/processed/test/Vladimir_Putin/Vladimir_Putin_0027.jpg,Vladimir_Putin,bright,Vladimir_Putin,True,0.03139173984527588
./data/processed/test/Vladimir_Putin/Vladimir_Putin_0028.jpg,Vladimir_Putin,original,Vladimir_Putin,True,0.03425079584121704
./data/processed/test/Vladimir_Putin/Vladimir_Putin_0028.jpg,Vladimir_Putin,mask_eyes,Vladimir_Putin,True,0.0342797227203846
./data/processed/test/Vladimir_Putin/Vladimir_Putin_0028.jpg,Vladimir_Putin,mask_nose,Vladimir_Putin,True,0.0342026948928833
./data/processed/test/Vladimir_Putin/Vladimir_Putin_0028.jpg,Vladimir_Putin,mask_mouth,Vladimir_Putin,True,0.03426622971892357
./data/processed/test/Vladimir_Putin/Vladimir_Putin_0028.jpg,Vladimir_Putin,mask_face_oval,Michael_Schumacher,False,0.010777220129966736
./data/processed/test/Vladimir_Putin/Vladimir_Putin_0028.jpg,Vladimir_Putin,mask_outside_face,Vladimir_Putin,True,0.03361364081501961
./data/processed/test/Vladimir_Putin/Vladimir_Putin_0028.jpg,Vladimir_Putin,dark,Vladimir_Putin,True,0.03421580046415329
./data/processed/test/Vladimir_Putin/Vladimir_Putin_0028.jpg,Vladimir_Putin,bright,Vladimir_Putin,True,0.034166257828474045
./data/processed/test/Vladimir_Putin/Vladimir_Putin_0032.jpg,Vladimir_Putin,original,Vladimir_Putin,True,0.03401152789592743
./data/processed/test/Vladimir_Putin/Vladimir_Putin_0032.jpg,Vladimir_Putin,mask_eyes,Vladimir_Putin,True,0.0340329110622406
./data/processed/test/Vladimir_Putin/Vladimir_Putin_0032.jpg,Vladimir_Putin,mask_nose,Vladimir_Putin,True,0.03407107666134834
./data/processed/test/Vladimir_Putin/Vladimir_Putin_0032.jpg,Vladimir_Putin,mask_mouth,Vladimir_Putin,True,0.03384169563651085
./data/processed/test/Vladimir_Putin/Vladimir_Putin_0032.jpg,Vladimir_Putin,mask_face_oval,Arnold_Schwarzenegger,False,0.010425549000501633
./data/processed/test/Vladimir_Putin/Vladimir_Putin_0032.jpg,Vladimir_Putin,mask_outside_face,Vladimir_Putin,True,0.029873700812458992
./data/processed/test/Vladimir_Putin/Vladimir_Putin_0032.jpg,Vladimir_Putin,dark,Vladimir_Putin,True,0.033567845821380615
./data/processed/test/Vladimir_Putin/Vladimir_Putin_0032.jpg,Vladimir_Putin,bright,Vladimir_Putin,True,0.03208537399768829
./data/processed/test/Vladimir_Putin/Vladimir_Putin_0045.jpg,Vladimir_Putin,original,Vladimir_Putin,True,0.034130942076444626
./data/processed/test/Vladimir_Putin/Vladimir_Putin_0045.jpg,Vladimir_Putin,mask_eyes,Vladimir_Putin,True,0.03396548330783844
./data/processed/test/Vladimir_Putin/Vladimir_Putin_0045.jpg,Vladimir_Putin,mask_nose,Vladimir_Putin,True,0.0330742746591568
./data/processed/test/Vladimir_Putin/Vladimir_Putin_0045.jpg,Vladimir_Putin,mask_mouth,Vladimir_Putin,True,0.034119974821805954
./data/processed/test/Vladimir_Putin/Vladimir_Putin_0045.jpg,Vladimir_Putin,mask_face_oval,Jiang_Zemin,False,0.010253669694066048
./data/processed/test/Vladimir_Putin/Vladimir_Putin_0045.jpg,Vladimir_Putin,mask_outside_face,Vladimir_Putin,True,0.02934441715478897
./data/processed/test/Vladimir_Putin/Vladimir_Putin_0045.jpg,Vladimir_Putin,dark,Vladimir_Putin,True,0.03406793624162674
./data/processed/test/Vladimir_Putin/Vladimir_Putin_0045.jpg,Vladimir_Putin,bright,Vladimir_Putin,True,0.0340125672519207
./data/processed/test/Vladimir_Putin/Vladimir_Putin_0046.jpg,Vladimir_Putin,original,Vladimir_Putin,True,0.03431524336338043
./data/processed/test/Vladimir_Putin/Vladimir_Putin_0046.jpg,Vladimir_Putin,mask_eyes,Vladimir_Putin,True,0.03425825014710426
./data/processed/test/Vladimir_Putin/Vladimir_Putin_0046.jpg,Vladimir_Putin,mask_nose,Vladimir_Putin,True,0.0342683419585228
./data/processed/test/Vladimir_Putin/Vladimir_Putin_0046.jpg,Vladimir_Putin,mask_mouth,Vladimir_Putin,True,0.0342264249920845
./data/processed/test/Vladimir_Putin/Vladimir_Putin_0046.jpg,Vladimir_Putin,mask_face_oval,Jiang_Zemin,False,0.009880490601062775
./data/processed/test/Vladimir_Putin/Vladimir_Putin_0046.jpg,Vladimir_Putin,mask_outside_face,Vladimir_Putin,True,0.0339566208422184
./data/processed/test/Vladimir_Putin/Vladimir_Putin_0046.jpg,Vladimir_Putin,dark,Vladimir_Putin,True,0.03428515046834946
./data/processed/test/Vladimir_Putin/Vladimir_Putin_0046.jpg,Vladimir_Putin,bright,Vladimir_Putin,True,0.03428710624575615
./data/processed/test/Vladimir_Putin/Vladimir_Putin_0048.jpg,Vladimir_Putin,original,Vladimir_Putin,True,0.03245881572365761
./data/processed/test/Vladimir_Putin/Vladimir_Putin_0048.jpg,Vladimir_Putin,mask_eyes,Vladimir_Putin,True,0.033091358840465546
./data/processed/test/Vladimir_Putin/Vladimir_Putin_0048.jpg,Vladimir_Putin,mask_nose,Vladimir_Putin,True,0.03240908682346344
./data/processed/test/Vladimir_Putin/Vladimir_Putin_0048.jpg,Vladimir_Putin,mask_mouth,Vladimir_Putin,True,0.03256836161017418
./data/processed/test/Vladimir_Putin/Vladimir_Putin_0048.jpg,Vladimir_Putin,mask_face_oval,Michael_Schumacher,False,0.010457124561071396
./data/processed/test/Vladimir_Putin/Vladimir_Putin_0048.jpg,Vladimir_Putin,mask_outside_face,Vladimir_Putin,True,0.029471319168806076
./data/processed/test/Vladimir_Putin/Vladimir_Putin_0048.jpg,Vladimir_Putin,dark,Vladimir_Putin,True,0.03384833037853241
./data/processed/test/Vladimir_Putin/Vladimir_Putin_0048.jpg,Vladimir_Putin,bright,Vladimir_Putin,True,0.03382580354809761
./data/processed/test/Walter_Mondale/Walter_Mondale_0002.jpg,Walter_Mondale,original,Gerhard_Schroeder,False,0.014434526674449444
./data/processed/test/Walter_Mondale/Walter_Mondale_0002.jpg,Walter_Mondale,mask_eyes,Gerhard_Schroeder,False,0.015870558097958565
./data/processed/test/Walter_Mondale/Walter_Mondale_0002.jpg,Walter_Mondale,mask_nose,Gerhard_Schroeder,False,0.011429911479353905
./data/processed/test/Walter_Mondale/Walter_Mondale_0002.jpg,Walter_Mondale,mask_mouth,Donald_Rumsfeld,False,0.014365999028086662
./data/processed/test/Walter_Mondale/Walter_Mondale_0002.jpg,Walter_Mondale,mask_face_oval,Alejandro_Toledo,False,0.01010709349066019
./data/processed/test/Walter_Mondale/Walter_Mondale_0002.jpg,Walter_Mondale,mask_outside_face,Atal_Bihari_Vajpayee,False,0.013821420259773731
./data/processed/test/Walter_Mondale/Walter_Mondale_0002.jpg,Walter_Mondale,dark,Gerhard_Schroeder,False,0.012361012399196625
./data/processed/test/Walter_Mondale/Walter_Mondale_0002.jpg,Walter_Mondale,bright,Gerhard_Schroeder,False,0.013521233573555946
./data/processed/test/Walter_Mondale/Walter_Mondale_0009.jpg,Walter_Mondale,original,Gerhard_Schroeder,False,0.013746480457484722
./data/processed/test/Walter_Mondale/Walter_Mondale_0009.jpg,Walter_Mondale,mask_eyes,Gerhard_Schroeder,False,0.014143035747110844
./data/processed/test/Walter_Mondale/Walter_Mondale_0009.jpg,Walter_Mondale,mask_nose,Ariel_Sharon,False,0.014430766925215721
./data/processed/test/Walter_Mondale/Walter_Mondale_0009.jpg,Walter_Mondale,mask_mouth,Ariel_Sharon,False,0.015016964636743069
./data/processed/test/Walter_Mondale/Walter_Mondale_0009.jpg,Walter_Mondale,mask_face_oval,Hugo_Chavez,False,0.010104159824550152
./data/processed/test/Walter_Mondale/Walter_Mondale_0009.jpg,Walter_Mondale,mask_outside_face,Gerhard_Schroeder,False,0.01407425757497549
./data/processed/test/Walter_Mondale/Walter_Mondale_0009.jpg,Walter_Mondale,dark,Ariel_Sharon,False,0.015244238078594208
./data/processed/test/Walter_Mondale/Walter_Mondale_0009.jpg,Walter_Mondale,bright,Ariel_Sharon,False,0.01601020060479641
./data/processed/test/Wen_Jiabao/Wen_Jiabao_0001.jpg,Wen_Jiabao,original,Wen_Jiabao,True,0.013233998790383339
./data/processed/test/Wen_Jiabao/Wen_Jiabao_0001.jpg,Wen_Jiabao,mask_eyes,Wen_Jiabao,True,0.013223344460129738
./data/processed/test/Wen_Jiabao/Wen_Jiabao_0001.jpg,Wen_Jiabao,mask_nose,Tony_Blair,False,0.013043654151260853
./data/processed/test/Wen_Jiabao/Wen_Jiabao_0001.jpg,Wen_Jiabao,mask_mouth,Wen_Jiabao,True,0.013245339505374432
./data/processed/test/Wen_Jiabao/Wen_Jiabao_0001.jpg,Wen_Jiabao,mask_face_oval,Arnold_Schwarzenegger,False,0.010948769748210907
./data/processed/test/Wen_Jiabao/Wen_Jiabao_0001.jpg,Wen_Jiabao,mask_outside_face,Wen_Jiabao,True,0.011337761767208576
./data/processed/test/Wen_Jiabao/Wen_Jiabao_0001.jpg,Wen_Jiabao,dark,Wen_Jiabao,True,0.013214529491961002
./data/processed/test/Wen_Jiabao/Wen_Jiabao_0001.jpg,Wen_Jiabao,bright,Wen_Jiabao,True,0.013080168515443802
./data/processed/test/Wen_Jiabao/Wen_Jiabao_0010.jpg,Wen_Jiabao,original,Wen_Jiabao,True,0.013591314665973186
./data/processed/test/Wen_Jiabao/Wen_Jiabao_0010.jpg,Wen_Jiabao,mask_eyes,Wen_Jiabao,True,0.013474337756633759
./data/processed/test/Wen_Jiabao/Wen_Jiabao_0010.jpg,Wen_Jiabao,mask_nose,Wen_Jiabao,True,0.01324965339154005
./data/processed/test/Wen_Jiabao/Wen_Jiabao_0010.jpg,Wen_Jiabao,mask_mouth,Wen_Jiabao,True,0.013570131734013557
./data/processed/test/Wen_Jiabao/Wen_Jiabao_0010.jpg,Wen_Jiabao,mask_face_oval,Arnold_Schwarzenegger,False,0.013002542778849602
./data/processed/test/Wen_Jiabao/Wen_Jiabao_0010.jpg,Wen_Jiabao,mask_outside_face,Wen_Jiabao,True,0.011888165958225727
./data/processed/test/Wen_Jiabao/Wen_Jiabao_0010.jpg,Wen_Jiabao,dark,Wen_Jiabao,True,0.013547191396355629
./data/processed/test/Wen_Jiabao/Wen_Jiabao_0010.jpg,Wen_Jiabao,bright,Wen_Jiabao,True,0.013578316196799278
./data/processed/test/Wen_Jiabao/Wen_Jiabao_0012.jpg,Wen_Jiabao,original,Wen_Jiabao,True,0.013163008727133274
./data/processed/test/Wen_Jiabao/Wen_Jiabao_0012.jpg,Wen_Jiabao,mask_eyes,Wen_Jiabao,True,0.013278632424771786
./data/processed/test/Wen_Jiabao/Wen_Jiabao_0012.jpg,Wen_Jiabao,mask_nose,Wen_Jiabao,True,0.012857292778789997
./data/processed/test/Wen_Jiabao/Wen_Jiabao_0012.jpg,Wen_Jiabao,mask_mouth,Wen_Jiabao,True,0.013251574710011482
./data/processed/test/Wen_Jiabao/Wen_Jiabao_0012.jpg,Wen_Jiabao,mask_face_oval,Arnold_Schwarzenegger,False,0.011682242155075073
./data/processed/test/Wen_Jiabao/Wen_Jiabao_0012.jpg,Wen_Jiabao,mask_outside_face,Colin_Powell,False,0.01332410890609026
./data/processed/test/Wen_Jiabao/Wen_Jiabao_0012.jpg,Wen_Jiabao,dark,Wen_Jiabao,True,0.01328821200877428
./data/processed/test/Wen_Jiabao/Wen_Jiabao_0012.jpg,Wen_Jiabao,bright,Wen_Jiabao,True,0.012581368908286095
./data/processed/test/Winona_Ryder/Winona_Ryder_0001.jpg,Winona_Ryder,original,Winona_Ryder,True,0.01870969496667385
./data/processed/test/Winona_Ryder/Winona_Ryder_0001.jpg,Winona_Ryder,mask_eyes,Winona_Ryder,True,0.017020680010318756
./data/processed/test/Winona_Ryder/Winona_Ryder_0001.jpg,Winona_Ryder,mask_nose,Winona_Ryder,True,0.018590908497571945
./data/processed/test/Winona_Ryder/Winona_Ryder_0001.jpg,Winona_Ryder,mask_mouth,Winona_Ryder,True,0.018629400059580803
./data/processed/test/Winona_Ryder/Winona_Ryder_0001.jpg,Winona_Ryder,mask_face_oval,Hugo_Chavez,False,0.010870762169361115
./data/processed/test/Winona_Ryder/Winona_Ryder_0001.jpg,Winona_Ryder,mask_outside_face,Winona_Ryder,True,0.018309717997908592
./data/processed/test/Winona_Ryder/Winona_Ryder_0001.jpg,Winona_Ryder,dark,Winona_Ryder,True,0.018717419356107712
./data/processed/test/Winona_Ryder/Winona_Ryder_0001.jpg,Winona_Ryder,bright,Winona_Ryder,True,0.018671412020921707
./data/processed/test/Winona_Ryder/Winona_Ryder_0009.jpg,Winona_Ryder,original,Winona_Ryder,True,0.01884765550494194
./data/processed/test/Winona_Ryder/Winona_Ryder_0009.jpg,Winona_Ryder,mask_eyes,Winona_Ryder,True,0.018545880913734436
./data/processed/test/Winona_Ryder/Winona_Ryder_0009.jpg,Winona_Ryder,mask_nose,Winona_Ryder,True,0.01872481219470501
./data/processed/test/Winona_Ryder/Winona_Ryder_0009.jpg,Winona_Ryder,mask_mouth,Winona_Ryder,True,0.018793798983097076
./data/processed/test/Winona_Ryder/Winona_Ryder_0009.jpg,Winona_Ryder,mask_face_oval,Jiang_Zemin,False,0.010229913517832756
./data/processed/test/Winona_Ryder/Winona_Ryder_0009.jpg,Winona_Ryder,mask_outside_face,Winona_Ryder,True,0.018546855077147484
./data/processed/test/Winona_Ryder/Winona_Ryder_0009.jpg,Winona_Ryder,dark,Winona_Ryder,True,0.018864329904317856
./data/processed/test/Winona_Ryder/Winona_Ryder_0009.jpg,Winona_Ryder,bright,Winona_Ryder,True,0.018782150000333786
./data/processed/test/Winona_Ryder/Winona_Ryder_0012.jpg,Winona_Ryder,original,Winona_Ryder,True,0.01867648959159851
./data/processed/test/Winona_Ryder/Winona_Ryder_0012.jpg,Winona_Ryder,mask_eyes,Winona_Ryder,True,0.018384214490652084
./data/processed/test/Winona_Ryder/Winona_Ryder_0012.jpg,Winona_Ryder,mask_nose,Winona_Ryder,True,0.018568653613328934
./data/processed/test/Winona_Ryder/Winona_Ryder_0012.jpg,Winona_Ryder,mask_mouth,Winona_Ryder,True,0.018670715391635895
./data/processed/test/Winona_Ryder/Winona_Ryder_0012.jpg,Winona_Ryder,mask_face_oval,Jiang_Zemin,False,0.010044550523161888
./data/processed/test/Winona_Ryder/Winona_Ryder_0012.jpg,Winona_Ryder,mask_outside_face,Winona_Ryder,True,0.01811513863503933
./data/processed/test/Winona_Ryder/Winona_Ryder_0012.jpg,Winona_Ryder,dark,Winona_Ryder,True,0.018722714856266975
./data/processed/test/Winona_Ryder/Winona_Ryder_0012.jpg,Winona_Ryder,bright,Winona_Ryder,True,0.018613312393426895
./data/processed/test/Winona_Ryder/Winona_Ryder_0017.jpg,Winona_Ryder,original,Winona_Ryder,True,0.01458071731030941
./data/processed/test/Winona_Ryder/Winona_Ryder_0017.jpg,Winona_Ryder,mask_eyes,Winona_Ryder,True,0.013586479239165783
./data/processed/test/Winona_Ryder/Winona_Ryder_0017.jpg,Winona_Ryder,mask_nose,Winona_Ryder,True,0.017063207924365997
./data/processed/test/Winona_Ryder/Winona_Ryder_0017.jpg,Winona_Ryder,mask_mouth,Winona_Ryder,True,0.014769446104764938
./data/processed/test/Winona_Ryder/Winona_Ryder_0017.jpg,Winona_Ryder,mask_face_oval,Arnold_Schwarzenegger,False,0.010423827916383743
./data/processed/test/Winona_Ryder/Winona_Ryder_0017.jpg,Winona_Ryder,mask_outside_face,Winona_Ryder,True,0.013740546070039272
./data/processed/test/Winona_Ryder/Winona_Ryder_0017.jpg,Winona_Ryder,dark,Winona_Ryder,True,0.012921139597892761
./data/processed/test/Winona_Ryder/Winona_Ryder_0017.jpg,Winona_Ryder,bright,Winona_Ryder,True,0.012755409814417362
./data/processed/test/Winona_Ryder/Winona_Ryder_0019.jpg,Winona_Ryder,original,Winona_Ryder,True,0.018905634060502052
./data/processed/test/Winona_Ryder/Winona_Ryder_0019.jpg,Winona_Ryder,mask_eyes,Winona_Ryder,True,0.018677571788430214
./data/processed/test/Winona_Ryder/Winona_Ryder_0019.jpg,Winona_Ryder,mask_nose,Winona_Ryder,True,0.018874919041991234
./data/processed/test/Winona_Ryder/Winona_Ryder_0019.jpg,Winona_Ryder,mask_mouth,Winona_Ryder,True,0.018871258944272995
./data/processed/test/Winona_Ryder/Winona_Ryder_0019.jpg,Winona_Ryder,mask_face_oval,Hugo_Chavez,False,0.009858939796686172
./data/processed/test/Winona_Ryder/Winona_Ryder_0019.jpg,Winona_Ryder,mask_outside_face,Winona_Ryder,True,0.018825221806764603
./data/processed/test/Winona_Ryder/Winona_Ryder_0019.jpg,Winona_Ryder,dark,Winona_Ryder,True,0.01886165514588356
./data/processed/test/Winona_Ryder/Winona_Ryder_0019.jpg,Winona_Ryder,bright,Winona_Ryder,True,0.018796294927597046
./data/processed/test/Yoriko_Kawaguchi/Yoriko_Kawaguchi_0001.jpg,Yoriko_Kawaguchi,original,Yoriko_Kawaguchi,True,0.013899906538426876
./data/processed/test/Yoriko_Kawaguchi/Yoriko_Kawaguchi_0001.jpg,Yoriko_Kawaguchi,mask_eyes,Yoriko_Kawaguchi,True,0.013114244677126408
./data/processed/test/Yoriko_Kawaguchi/Yoriko_Kawaguchi_0001.jpg,Yoriko_Kawaguchi,mask_nose,Yoriko_Kawaguchi,True,0.013630561530590057
./data/processed/test/Yoriko_Kawaguchi/Yoriko_Kawaguchi_0001.jpg,Yoriko_Kawaguchi,mask_mouth,Yoriko_Kawaguchi,True,0.013908516615629196
./data/processed/test/Yoriko_Kawaguchi/Yoriko_Kawaguchi_0001.jpg,Yoriko_Kawaguchi,mask_face_oval,Alejandro_Toledo,False,0.009907948784530163
./data/processed/test/Yoriko_Kawaguchi/Yoriko_Kawaguchi_0001.jpg,Yoriko_Kawaguchi,mask_outside_face,Joschka_Fischer,False,0.010494009591639042
./data/processed/test/Yoriko_Kawaguchi/Yoriko_Kawaguchi_0001.jpg,Yoriko_Kawaguchi,dark,Yoriko_Kawaguchi,True,0.014031657949090004
./data/processed/test/Yoriko_Kawaguchi/Yoriko_Kawaguchi_0001.jpg,Yoriko_Kawaguchi,bright,Yoriko_Kawaguchi,True,0.01391504891216755
./data/processed/test/Yoriko_Kawaguchi/Yoriko_Kawaguchi_0010.jpg,Yoriko_Kawaguchi,original,Yoriko_Kawaguchi,True,0.013714673928916454
./data/processed/test/Yoriko_Kawaguchi/Yoriko_Kawaguchi_0010.jpg,Yoriko_Kawaguchi,mask_eyes,Yoriko_Kawaguchi,True,0.013507728464901447
./data/processed/test/Yoriko_Kawaguchi/Yoriko_Kawaguchi_0010.jpg,Yoriko_Kawaguchi,mask_nose,Gloria_Macapagal_Arroyo,False,0.014334565959870815
./data/processed/test/Yoriko_Kawaguchi/Yoriko_Kawaguchi_0010.jpg,Yoriko_Kawaguchi,mask_mouth,Yoriko_Kawaguchi,True,0.013699869625270367
./data/processed/test/Yoriko_Kawaguchi/Yoriko_Kawaguchi_0010.jpg,Yoriko_Kawaguchi,mask_face_oval,Alejandro_Toledo,False,0.0118774538859725
./data/processed/test/Yoriko_Kawaguchi/Yoriko_Kawaguchi_0010.jpg,Yoriko_Kawaguchi,mask_outside_face,Gloria_Macapagal_Arroyo,False,0.011032391339540482
./data/processed/test/Yoriko_Kawaguchi/Yoriko_Kawaguchi_0010.jpg,Yoriko_Kawaguchi,dark,Yoriko_Kawaguchi,True,0.013921650126576424
./data/processed/test/Yoriko_Kawaguchi/Yoriko_Kawaguchi_0010.jpg,Yoriko_Kawaguchi,bright,Yoriko_Kawaguchi,True,0.01377403736114502
./data/processed/test/Yoriko_Kawaguchi/Yoriko_Kawaguchi_0012.jpg,Yoriko_Kawaguchi,original,Yoriko_Kawaguchi,True,0.013870690949261189
./data/processed/test/Yoriko_Kawaguchi/Yoriko_Kawaguchi_0012.jpg,Yoriko_Kawaguchi,mask_eyes,Megawati_Sukarnoputri,False,0.013409432955086231
./data/processed/test/Yoriko_Kawaguchi/Yoriko_Kawaguchi_0012.jpg,Yoriko_Kawaguchi,mask_nose,Yoriko_Kawaguchi,True,0.01371810957789421
./data/processed/test/Yoriko_Kawaguchi/Yoriko_Kawaguchi_0012.jpg,Yoriko_Kawaguchi,mask_mouth,Yoriko_Kawaguchi,True,0.01377402525395155
./data/processed/test/Yoriko_Kawaguchi/Yoriko_Kawaguchi_0012.jpg,Yoriko_Kawaguchi,mask_face_oval,Arnold_Schwarzenegger,False,0.010637439787387848
./data/processed/test/Yoriko_Kawaguchi/Yoriko_Kawaguchi_0012.jpg,Yoriko_Kawaguchi,mask_outside_face,Yoriko_Kawaguchi,True,0.012980514205992222
./data/processed/test/Yoriko_Kawaguchi/Yoriko_Kawaguchi_0012.jpg,Yoriko_Kawaguchi,dark,Yoriko_Kawaguchi,True,0.013939634896814823
./data/processed/test/Yoriko_Kawaguchi/Yoriko_Kawaguchi_0012.jpg,Yoriko_Kawaguchi,bright,Yoriko_Kawaguchi,True,0.013868732377886772
